maker,used_years,total_distance_km,power_source,displacement_cc,max_power_ps,fuel_economy_kmpl,repair_count,body_color,trim_level,resale_price_manwon
다온,14,217920,경유,3177,286,11.0,0,블랙,플러스,957.8
다온,10,140376,하이브리드,1317,111,17.6,0,그외,프리미엄,1436.9
,4,900,경유,1789,203,20.4,1,블랙,프리미엄,5848.2
가온,5,116222,전기,1373,207,19.7,1,그외,스탠다드,2596.1
다온,14,128073,전기,3286,391,13.7,1,블랙,프리미엄,903.2
라온,4,88702,전기,1832,174,19.4,1,실버,프리미엄,4611.3
한빛,1,62775,하이브리드,3497,339,9.2,0,실버,프리미엄,8091.7
라온,8,237610,경유,2789,288,10.2,0,블랙,스탠다드,2327.4
한빛,10,153671,하이브리드,1546,151,17.0,0,그외,스탠다드,1492.1
다온,9,194240,전기,2549,212,17.5,2,실버,프리미엄,2084.9
가온,9,113421,전기,2171,151,9.8,0,블랙,스탠다드,1371.7
라온,12,186807,경유,4039,430,3.3,2,화이트,프리미엄,2037.0
라온,4,68238,휘발유,980,103,17.5,0,블랙,스탠다드,2466.1
한빛,11,153794,경유,1786,170,19.5,0,블랙,플러스,2252.6
라온,1,900,전기,2159,236,15.9,2,실버,프리미엄,6564.6
한빛,5,84538,휘발유,1826,154,12.1,0,블랙,스탠다드,2261.2
라온,5,92881,경유,1694,209,14.6,0,그외,플러스,4045.7
한빛,1,16815,휘발유,3467,333,10.8,0,실버,스탠다드,4232.0
가온,0,4671,하이브리드,2327,225,19.1,0,화이트,프리미엄,9790.4
한빛,6,122007,경유,4145,364,13.1,0,블랙,스탠다드,3353.1
한빛,13,161905,하이브리드,3856,424,11.6,3,그외,플러스,705.2
한빛,6,117641,하이브리드,3202,308,12.4,3,화이트,플러스,2688.2
라온,15,264670,하이브리드,1282,147,23.5,2,실버,플러스,228.0
다온,3,91041,전기,3366,391,10.5,0,화이트,프리미엄,5417.3
다온,7,113637,하이브리드,3494,322,7.9,4,실버,플러스,1723.2
한빛,7,84314,전기,2550,198,22.0,1,블랙,스탠다드,2039.4
다온,5,117224,휘발유,2515,201,10.5,1,블랙,플러스,2175.3
,13,195390,,2385,197,15.4,0,블랙,,1141.1
한빛,8,185157,경유,1341,120,16.5,3,블랙,스탠다드,1524.4
가온,0,33806,휘발유,2529,236,17.5,0,그외,스탠다드,5410.7
한빛,10,131996,하이브리드,2096,244,14.2,0,화이트,플러스,1952.2
한빛,10,113267,전기,4200,418,3.1,0,그외,플러스,1856.4
,6,149751,하이브리드,2102,194,16.3,0,화이트,프리미엄,3325.4
라온,1,46988,하이브리드,2231,242,14.5,0,실버,플러스,5415.9
한빛,5,63920,휘발유,2916,293,11.4,2,블랙,플러스,2425.6
한빛,0,53865,하이브리드,3017,285,10.5,1,화이트,플러스,6837.7
한빛,6,117715,경유,2539,322,18.5,0,블랙,스탠다드,3381.0
다온,7,107316,경유,3153,339,10.5,0,실버,스탠다드,2395.8
한빛,6,99381,,2173,246,13.8,4,화이트,스탠다드,1621.6
다온,5,113744,휘발유,3474,309,6.3,2,그외,스탠다드,2045.6
라온,13,137828,전기,2207,204,9.5,0,블랙,스탠다드,804.1
라온,7,154030,전기,2335,262,21.8,3,화이트,프리미엄,2926.3
한빛,10,175952,휘발유,1604,140,18.4,1,블랙,플러스,760.2
가온,1,65727,경유,980,131,20.6,0,블랙,스탠다드,6247.6
,9,93596,하이브리드,4200,430,7.1,0,그외,플러스,1067.8
한빛,2,25445,경유,1502,136,18.2,0,실버,,6926.6
라온,8,94932,전기,2854,312,9.5,4,실버,프리미엄,2293.5
다온,12,169643,하이브리드,4146,409,3.6,1,블랙,프리미엄,1312.8
다온,2,20685,전기,2765,194,13.5,2,,플러스,4350.1
라온,12,136365,경유,2956,325,11.9,1,실버,플러스,1091.3
라온,13,108388,전기,2027,217,16.7,0,그외,프리미엄,1234.5
라온,3,119121,하이브리드,3828,386,8.7,3,블랙,플러스,3717.9
라온,2,900,하이브리드,3285,301,5.0,3,블랙,스탠다드,3089.1
다온,13,185149,휘발유,3560,375,15.3,0,블랙,플러스,1063.6
가온,3,30164,하이브리드,2592,260,9.5,0,화이트,플러스,4690.2
라온,11,116252,하이브리드,3150,247,11.6,2,화이트,스탠다드,1289.3
다온,14,197712,경유,980,149,21.7,0,실버,프리미엄,738.5
한빛,0,41136,경유,3960,376,8.8,3,그외,프리미엄,11211.8
라온,12,156469,경유,2358,259,21.6,1,블랙,프리미엄,1749.4
한빛,11,119202,전기,980,70,22.1,3,실버,프리미엄,1514.0
가온,4,67675,하이브리드,2991,285,9.5,1,,스탠다드,3142.0
라온,11,53257,휘발유,3189,301,10.9,0,그외,플러스,1041.3
한빛,1,103036,하이브리드,1852,220,15.8,0,화이트,프리미엄,7540.6
라온,13,180712,휘발유,3114,303,6.9,0,화이트,플러스,979.7
가온,14,216517,휘발유,3719,365,9.8,0,실버,스탠다드,617.9
가온,10,234181,하이브리드,980,89,13.1,0,그외,플러스,1308.5
한빛,2,900,휘발유,1934,146,16.8,0,실버,스탠다드,3847.9
가온,8,143134,경유,4200,417,4.2,0,화이트,프리미엄,4391.2
한빛,12,158898,전기,3851,379,4.3,0,화이트,프리미엄,1697.2
라온,2,900,휘발유,3687,344,13.0,0,실버,프리미엄,5698.8
다온,8,135727,하이브리드,2621,201,9.8,0,실버,플러스,1439.9
다온,8,75802,경유,3028,262,8.9,0,실버,프리미엄,3105.2
가온,11,213777,전기,2869,335,9.4,2,실버,플러스,1212.8
라온,15,213422,하이브리드,1360,259,19.2,4,블랙,플러스,419.7
라온,3,132040,경유,2638,314,6.9,2,화이트,,4477.4
가온,5,165276,휘발유,3013,326,7.8,0,실버,플러스,3026.7
라온,10,133760,휘발유,1767,193,15.7,1,실버,프리미엄,1252.1
다온,13,174541,경유,2020,223,14.3,0,실버,플러스,987.4
다온,9,35659,휘발유,2576,232,10.2,1,화이트,프리미엄,1739.9
다온,1,11814,휘발유,1776,199,14.7,0,실버,프리미엄,5738.6
한빛,4,7912,전기,3030,310,7.0,0,그외,스탠다드,3496.0
한빛,2,22628,경유,1618,178,21.7,0,블랙,프리미엄,8560.1
다온,5,89748,하이브리드,980,90,19.0,1,블랙,프리미엄,2932.5
다온,15,184757,하이브리드,2792,248,12.1,1,그외,스탠다드,429.0
다온,7,157598,휘발유,2151,183,18.6,0,블랙,스탠다드,1304.8
라온,0,900,하이브리드,2174,264,14.2,0,화이트,프리미엄,8577.0
가온,7,155256,전기,2234,234,9.2,0,블랙,프리미엄,3235.1
한빛,4,69055,전기,2581,299,11.3,1,그외,스탠다드,3435.2
가온,12,197710,전기,3321,286,9.9,4,블랙,스탠다드,527.7
가온,15,261102,전기,1677,141,13.9,0,블랙,스탠다드,823.5
,1,9493,하이브리드,1196,119,15.9,2,그외,스탠다드,3386.8
한빛,15,187971,전기,980,113,18.6,0,실버,플러스,764.0
한빛,7,117244,전기,2809,252,5.9,0,블랙,플러스,2544.4
한빛,12,173615,전기,1640,171,19.8,0,블랙,스탠다드,839.2
라온,1,101305,전기,1204,140,22.1,0,실버,플러스,5576.1
가온,9,138908,경유,1256,148,13.7,3,그외,프리미엄,2559.5
한빛,8,124049,휘발유,1679,150,17.8,2,그외,스탠다드,1189.3
가온,0,900,휘발유,1734,193,16.7,0,실버,스탠다드,5151.3
한빛,5,28247,경유,2303,264,15.7,0,블랙,스탠다드,3123.7
가온,0,900,경유,2992,245,12.4,0,블랙,스탠다드,8814.3
,11,150012,하이브리드,3865,412,8.2,3,블랙,프리미엄,1233.4
한빛,5,75639,전기,1265,70,17.5,0,블랙,프리미엄,4085.5
다온,0,35107,전기,1837,188,13.4,0,블랙,스탠다드,5059.4
한빛,5,137085,하이브리드,1201,106,23.0,0,화이트,스탠다드,2429.1
한빛,13,219657,휘발유,2965,262,9.8,1,블랙,프리미엄,1411.0
다온,1,900,휘발유,2575,246,16.5,0,실버,플러스,4296.4
한빛,10,162597,경유,1807,259,11.0,3,실버,플러스,1739.7
라온,9,114271,전기,3030,376,14.7,0,실버,프리미엄,2337.4
가온,15,237104,휘발유,2425,242,11.9,2,화이트,스탠다드,838.8
라온,13,261377,휘발유,1428,187,22.5,0,블랙,스탠다드,540.6
한빛,12,153822,휘발유,1846,192,22.7,0,블랙,프리미엄,1347.8
라온,10,162161,경유,3323,272,12.4,0,실버,스탠다드,1905.1
한빛,14,199435,전기,2516,227,10.2,0,화이트,스탠다드,664.3
다온,6,82246,경유,3496,400,5.2,0,실버,프리미엄,4405.3
라온,6,77806,휘발유,3113,328,12.5,3,블랙,플러스,1958.4
한빛,4,32927,전기,2052,206,15.1,0,화이트,스탠다드,2787.7
한빛,11,154998,휘발유,2509,281,11.9,0,그외,스탠다드,1024.6
가온,14,241440,하이브리드,2009,231,16.9,0,블랙,프리미엄,1172.1
한빛,12,201804,경유,1981,242,6.4,0,실버,플러스,1408.7
다온,14,226020,휘발유,2553,219,11.7,3,블랙,플러스,587.7
다온,11,62185,,2519,240,13.4,2,그외,플러스,1009.7
다온,5,109038,전기,2472,271,13.0,0,화이트,프리미엄,4275.7
한빛,0,19242,,1321,153,21.2,1,블랙,프리미엄,8639.9
한빛,2,3244,휘발유,2358,256,12.3,1,그외,,5182.9
,14,185936,하이브리드,2894,344,9.5,0,그외,프리미엄,1543.9
라온,12,175043,경유,2816,311,10.6,2,화이트,프리미엄,2085.0
한빛,11,130960,휘발유,3560,290,7.4,0,화이트,스탠다드,1228.0
한빛,8,148697,휘발유,2658,254,10.1,0,화이트,플러스,2075.3
한빛,13,138645,전기,3057,354,14.1,0,그외,프리미엄,1899.5
가온,2,900,경유,1894,179,15.5,1,블랙,스탠다드,5738.4
한빛,3,30433,휘발유,3373,324,7.6,3,그외,스탠다드,2595.2
가온,14,291932,하이브리드,3813,384,11.5,2,실버,스탠다드,854.5
다온,12,147376,전기,2806,257,13.6,1,화이트,프리미엄,1364.0
라온,15,256294,전기,2634,230,12.7,1,그외,스탠다드,596.6
한빛,13,264362,경유,1601,118,16.0,0,블랙,프리미엄,1530.2
다온,5,40484,경유,3856,339,8.8,0,화이트,플러스,3920.7
가온,2,57574,휘발유,4191,390,7.7,3,실버,프리미엄,5834.1
가온,4,39024,휘발유,2793,309,16.3,0,,플러스,3242.0
다온,4,55952,전기,1100,97,23.9,2,실버,플러스,3242.4
가온,14,253703,경유,1467,92,18.5,0,블랙,프리미엄,1342.2
다온,2,900,경유,4200,430,5.9,2,실버,프리미엄,7920.0
가온,8,155264,,3358,341,14.5,0,블랙,프리미엄,3269.0
가온,10,230958,경유,3608,310,12.0,0,화이트,플러스,2144.9
가온,0,19619,휘발유,2952,209,13.1,3,화이트,프리미엄,7238.7
라온,6,87865,하이브리드,3494,334,9.1,3,화이트,스탠다드,2173.2
한빛,12,248890,전기,1378,207,13.1,2,블랙,스탠다드,687.0
다온,14,183512,하이브리드,1106,103,15.6,2,블랙,플러스,846.6
라온,5,143032,하이브리드,4200,430,9.0,1,블랙,프리미엄,3785.6
가온,11,130340,전기,2529,242,15.7,0,그외,플러스,1409.5
,12,184256,휘발유,1380,135,18.2,0,화이트,프리미엄,1137.1
가온,4,93526,경유,2815,252,13.2,0,그외,프리미엄,7465.8
라온,6,103092,전기,1611,167,22.1,4,실버,플러스,1592.9
다온,5,109325,전기,1873,212,13.8,0,실버,플러스,3197.8
라온,10,233002,경유,3191,251,9.4,0,그외,스탠다드,1305.0
한빛,9,173286,휘발유,980,132,22.1,2,실버,플러스,1374.4
라온,8,88587,휘발유,2414,290,9.7,2,화이트,스탠다드,914.8
가온,6,108418,하이브리드,2801,224,12.4,4,화이트,스탠다드,1983.7
다온,0,18032,전기,2809,281,11.0,3,블랙,스탠다드,4699.3
한빛,10,87168,,3865,338,4.1,0,실버,,2139.8
한빛,2,26360,휘발유,1857,231,21.6,0,그외,스탠다드,3300.0
한빛,10,216285,전기,2174,220,14.2,1,화이트,프리미엄,2115.0
한빛,12,228334,휘발유,2134,212,10.8,0,블랙,프리미엄,1072.7
가온,9,118118,휘발유,2823,203,11.5,1,그외,,1685.7
가온,6,125349,경유,2420,235,16.9,0,화이트,프리미엄,5299.4
한빛,7,131441,하이브리드,1340,73,21.6,1,,프리미엄,2720.0
한빛,13,236774,하이브리드,1895,197,13.6,3,실버,,736.0
다온,0,900,전기,2456,210,11.4,0,블랙,스탠다드,5459.0
다온,3,98318,경유,2626,202,18.6,2,실버,스탠다드,3917.1
가온,12,149189,경유,2635,267,16.0,0,그외,프리미엄,2089.7
한빛,15,262173,경유,1311,107,23.1,1,실버,프리미엄,893.7
다온,4,101617,전기,4200,430,5.4,0,실버,플러스,3693.6
다온,2,95754,하이브리드,1953,182,13.2,0,블랙,플러스,4173.5
한빛,11,213751,휘발유,1657,221,21.3,0,실버,프리미엄,1083.6
,2,72617,휘발유,1922,220,16.2,1,그외,플러스,3753.5
가온,13,116867,하이브리드,2859,277,7.7,0,화이트,플러스,1069.9
한빛,2,12360,휘발유,1646,160,17.3,0,블랙,스탠다드,3469.9
한빛,11,182686,경유,1400,84,16.9,0,화이트,플러스,1805.4
다온,15,256384,전기,1619,104,16.8,0,화이트,플러스,593.1
라온,0,11950,전기,4200,400,5.7,3,화이트,스탠다드,5267.4
다온,3,95689,경유,2588,231,16.8,0,블랙,프리미엄,6675.9
라온,12,209811,하이브리드,2611,261,15.0,4,실버,프리미엄,977.8
한빛,6,89739,휘발유,2661,260,17.2,0,실버,스탠다드,1738.1
한빛,10,177970,하이브리드,2163,200,18.1,0,블랙,프리미엄,2002.9
한빛,11,99094,하이브리드,2971,279,13.5,1,실버,프리미엄,1455.8
가온,0,2714,휘발유,1627,197,19.6,0,실버,스탠다드,5148.3
한빛,12,236994,전기,1273,103,15.1,0,화이트,프리미엄,1240.2
라온,8,145867,휘발유,2745,357,8.8,3,블랙,프리미엄,1679.6
가온,3,79382,휘발유,1686,200,17.5,1,그외,스탠다드,3351.6
한빛,0,12343,경유,3218,281,13.0,0,블랙,프리미엄,12270.4
한빛,10,160098,휘발유,1703,236,13.6,0,화이트,스탠다드,1131.6
한빛,0,9280,휘발유,2772,264,9.5,0,그외,스탠다드,4641.6
가온,15,218592,전기,2424,270,17.9,0,그외,프리미엄,1188.1
가온,3,83891,경유,3649,349,15.5,0,블랙,스탠다드,5460.1
한빛,0,26826,전기,2227,238,13.5,1,,프리미엄,8916.7
한빛,8,138561,휘발유,3285,253,12.9,0,화이트,스탠다드,1688.8
라온,5,140773,경유,2307,256,14.6,0,그외,프리미엄,5197.9
한빛,10,240848,휘발유,1722,137,14.2,0,화이트,플러스,1195.4
다온,7,105075,하이브리드,2815,275,8.1,0,화이트,프리미엄,2374.2
라온,2,57412,전기,2895,240,6.9,0,그외,플러스,5165.9
가온,15,212008,휘발유,1270,137,21.6,0,블랙,스탠다드,464.3
가온,8,112917,전기,2154,306,12.2,0,화이트,플러스,2097.3
가온,5,124982,휘발유,2326,276,16.0,0,블랙,스탠다드,2414.3
가온,5,84223,,1468,217,21.5,0,화이트,프리미엄,5824.7
한빛,11,233924,하이브리드,2608,249,15.2,0,블랙,플러스,1217.2
한빛,7,234338,전기,3031,288,12.5,0,화이트,플러스,2489.8
한빛,2,900,전기,2465,238,12.9,0,실버,플러스,5675.6
가온,9,134302,경유,1460,103,13.7,0,,플러스,2512.8
,1,47768,하이브리드,2479,294,12.6,3,블랙,플러스,5111.3
다온,6,169368,전기,2456,253,15.8,3,블랙,스탠다드,1922.4
한빛,1,66437,하이브리드,1999,197,13.3,2,실버,,5213.1
가온,0,82983,전기,1657,129,23.2,0,블랙,프리미엄,9930.7
다온,14,197410,하이브리드,2667,328,18.0,2,블랙,플러스,647.2
한빛,2,20816,하이브리드,2860,252,11.1,0,블랙,플러스,5010.6
다온,5,39702,휘발유,980,128,19.7,0,블랙,플러스,2405.6
라온,3,127513,전기,3016,291,8.0,0,그외,스탠다드,3512.2
가온,10,166980,전기,2305,181,13.9,0,블랙,플러스,1682.2
가온,3,37036,휘발유,4200,373,4.4,0,실버,스탠다드,3658.9
라온,6,64237,휘발유,980,139,15.0,0,그외,프리미엄,2479.0
한빛,11,186415,휘발유,2529,285,16.0,1,실버,스탠다드,777.1
가온,12,179574,하이브리드,3178,374,6.4,0,화이트,플러스,1386.3
다온,4,71666,경유,980,114,14.4,0,블랙,스탠다드,3311.5
다온,7,174353,경유,3900,430,9.3,0,그외,프리미엄,3937.2
가온,8,108234,전기,2769,271,8.1,0,화이트,프리미엄,3268.0
다온,11,165931,하이브리드,3799,430,6.3,2,화이트,플러스,820.6
다온,10,199452,휘발유,1981,164,18.3,0,화이트,스탠다드,904.4
가온,11,154820,하이브리드,2325,263,13.6,3,화이트,프리미엄,1326.6
한빛,13,244883,휘발유,2636,238,10.5,2,블랙,스탠다드,481.7
라온,8,98115,휘발유,1776,167,10.6,0,그외,프리미엄,2363.4
한빛,13,216361,휘발유,1554,175,17.9,0,블랙,스탠다드,100.0
한빛,3,54092,휘발유,2007,245,21.5,1,실버,플러스,3441.1
다온,11,108062,전기,2867,288,14.2,0,실버,스탠다드,816.2
라온,14,242872,전기,3438,329,11.1,2,블랙,프리미엄,958.7
다온,1,17578,휘발유,2994,282,12.1,0,그외,스탠다드,3860.2
라온,3,53450,전기,3492,345,7.9,4,블랙,프리미엄,5016.4
한빛,9,141162,전기,3856,378,3.8,1,실버,스탠다드,1364.6
한빛,7,119745,전기,3259,299,6.9,0,화이트,프리미엄,3634.9
라온,7,101982,휘발유,1716,220,19.3,1,화이트,스탠다드,1525.1
한빛,11,157156,휘발유,4127,430,8.7,0,실버,플러스,1204.2
한빛,12,215601,휘발유,4200,409,6.0,3,실버,프리미엄,1183.3
한빛,11,83450,전기,2694,302,7.7,0,블랙,프리미엄,1268.9
가온,10,82734,전기,2593,210,8.3,0,,스탠다드,1007.5
다온,10,217546,경유,2727,288,15.7,0,블랙,플러스,1791.3
가온,12,271402,하이브리드,1555,226,16.0,2,화이트,플러스,1190.2
다온,13,168721,전기,3369,377,9.5,0,실버,프리미엄,1173.3
한빛,6,62170,휘발유,2133,235,14.5,0,그외,스탠다드,1880.2
가온,4,16635,하이브리드,3769,386,9.9,0,그외,플러스,4023.7
가온,9,90728,휘발유,3064,327,4.9,0,실버,스탠다드,1636.1
라온,3,13124,전기,1282,132,13.0,0,실버,프리미엄,5107.2
가온,5,129239,경유,1889,176,21.2,2,실버,스탠다드,3699.9
다온,2,900,하이브리드,3238,342,11.1,0,그외,스탠다드,3706.6
한빛,8,86266,경유,980,96,16.9,0,실버,스탠다드,2310.8
가온,14,178619,하이브리드,1092,164,24.0,0,화이트,플러스,1133.2
한빛,6,66057,하이브리드,2396,229,11.3,0,블랙,프리미엄,3697.2
한빛,14,280569,경유,3770,313,12.5,1,블랙,프리미엄,1726.1
라온,7,135440,하이브리드,1459,179,19.6,2,,스탠다드,1335.0
가온,12,180886,휘발유,3347,329,10.1,0,실버,프리미엄,1438.4
한빛,4,83985,하이브리드,3242,382,7.2,0,블랙,스탠다드,3226.5
,15,200996,,2278,198,15.4,0,실버,프리미엄,954.8
한빛,0,21962,휘발유,2409,253,8.5,3,블랙,프리미엄,6735.9
라온,13,194949,휘발유,1453,150,18.8,2,블랙,플러스,495.0
가온,14,213190,휘발유,1502,177,20.6,3,,프리미엄,533.3
한빛,3,900,전기,2176,262,19.1,0,화이트,스탠다드,4029.9
가온,8,163035,경유,3221,331,10.7,0,그외,스탠다드,2174.8
한빛,1,12400,휘발유,2906,282,15.0,2,그외,스탠다드,4145.7
가온,15,244728,전기,4200,420,8.7,0,화이트,플러스,651.1
가온,2,111995,,2807,345,11.0,0,블랙,플러스,5247.1
다온,1,33541,하이브리드,4200,381,13.2,0,블랙,플러스,5485.2
라온,13,141324,하이브리드,2676,290,8.2,1,실버,프리미엄,1054.1
라온,14,203705,전기,3321,272,14.5,0,실버,스탠다드,1053.3
가온,0,900,전기,3883,403,6.8,0,그외,스탠다드,6486.7
가온,11,249397,하이브리드,1484,164,21.2,0,화이트,프리미엄,1842.6
한빛,11,126137,하이브리드,1192,84,23.7,0,화이트,스탠다드,1109.2
가온,11,142167,휘발유,4200,404,7.6,1,그외,프리미엄,1718.1
한빛,15,143590,휘발유,1893,216,18.6,1,그외,플러스,481.1
다온,14,200386,하이브리드,2044,228,17.9,0,화이트,프리미엄,647.6
라온,3,126938,전기,1668,189,14.6,0,화이트,플러스,4005.4
다온,3,24463,하이브리드,3116,281,8.5,0,그외,스탠다드,3004.2
한빛,13,227284,휘발유,3448,314,14.4,0,실버,프리미엄,1435.8
라온,11,199901,휘발유,1235,136,18.6,3,화이트,플러스,883.5
라온,0,24922,휘발유,2816,309,5.4,1,실버,플러스,5221.6
한빛,9,212127,하이브리드,2018,203,11.2,2,,스탠다드,1028.7
한빛,3,30668,전기,2214,247,24.0,0,블랙,프리미엄,6460.9
다온,7,89573,경유,980,156,24.0,2,실버,프리미엄,3122.1
한빛,14,217797,,2237,208,17.2,0,실버,플러스,728.5
한빛,13,198710,하이브리드,1727,189,16.5,4,실버,스탠다드,737.4
한빛,7,142638,하이브리드,3064,296,13.2,0,실버,프리미엄,2877.8
다온,14,205127,전기,2799,356,11.7,0,블랙,프리미엄,926.7
한빛,14,228345,휘발유,2785,214,7.3,0,실버,플러스,864.0
가온,10,135700,전기,1755,181,14.4,0,블랙,플러스,1902.7
라온,14,201776,전기,1533,116,13.5,0,그외,스탠다드,887.3
라온,12,192468,경유,3521,310,7.8,0,실버,플러스,1549.3
한빛,1,900,경유,2987,318,12.4,0,블랙,프리미엄,10591.1
가온,7,150648,휘발유,980,130,20.2,3,그외,프리미엄,2336.8
라온,6,104877,,980,70,19.1,0,화이트,프리미엄,4247.9
한빛,14,289707,전기,980,112,19.0,0,실버,플러스,797.4
다온,0,900,하이브리드,3280,382,10.1,2,실버,프리미엄,7637.1
가온,9,106926,하이브리드,4200,429,9.3,2,그외,스탠다드,1543.2
가온,0,900,하이브리드,2729,263,10.8,0,그외,스탠다드,6146.9
라온,0,3041,하이브리드,2820,296,14.9,0,화이트,스탠다드,5497.3
라온,7,121381,전기,2318,200,15.6,1,블랙,프리미엄,3119.7
다온,10,169507,전기,1703,188,17.3,0,실버,프리미엄,1539.1
다온,3,47387,경유,2543,320,7.2,0,블랙,스탠다드,3763.3
다온,12,215525,하이브리드,3343,374,18.5,1,화이트,프리미엄,1213.5
한빛,6,154751,휘발유,2470,262,9.3,0,실버,스탠다드,1927.1
한빛,9,88647,,2371,295,19.5,0,,스탠다드,1854.4
한빛,15,165317,휘발유,2882,284,5.5,0,그외,프리미엄,945.1
가온,6,141107,하이브리드,1670,175,20.3,0,실버,프리미엄,3737.2
한빛,4,11298,전기,1317,137,15.2,2,화이트,프리미엄,4521.2
라온,10,150322,경유,1515,141,21.3,0,블랙,,1962.9
다온,5,77007,경유,980,111,23.0,0,화이트,프리미엄,4152.1
라온,9,187580,하이브리드,1494,130,22.8,1,그외,플러스,1359.8
가온,7,140042,전기,1317,81,16.2,0,실버,플러스,2705.3
다온,11,120434,하이브리드,2040,193,12.8,0,그외,플러스,1400.1
가온,15,199093,전기,3964,344,7.3,0,화이트,스탠다드,1160.9
라온,10,148209,휘발유,3091,329,10.7,4,화이트,스탠다드,626.3
가온,6,91139,전기,2845,273,11.4,0,그외,플러스,3234.8
가온,2,54781,전기,2443,198,14.7,1,화이트,플러스,5370.7
다온,5,89194,휘발유,2191,257,11.9,4,그외,스탠다드,1159.1
가온,5,53119,경유,2131,221,10.3,2,그외,플러스,4230.8
라온,10,153525,하이브리드,2718,233,10.9,0,블랙,스탠다드,1245.8
라온,5,106653,전기,2835,203,14.7,2,블랙,프리미엄,3988.8
라온,5,38581,경유,2858,296,18.8,0,화이트,플러스,4628.3
라온,9,94441,경유,2977,189,16.4,0,실버,프리미엄,2757.0
한빛,15,262670,전기,2238,153,19.4,0,화이트,플러스,259.0
가온,12,158927,휘발유,1447,211,12.7,1,화이트,프리미엄,1110.0
라온,12,226988,경유,3180,282,10.4,0,화이트,플러스,1370.9
라온,11,134572,경유,2131,189,16.3,1,그외,스탠다드,1099.4
,5,28033,전기,2850,254,15.6,0,실버,스탠다드,2988.7
가온,15,278908,전기,1060,101,16.3,3,블랙,스탠다드,502.5
라온,4,87139,휘발유,2593,228,9.9,0,실버,스탠다드,2405.5
한빛,8,132796,휘발유,2337,247,15.6,0,실버,프리미엄,2194.8
가온,1,79239,휘발유,2184,281,20.4,1,그외,플러스,4648.7
라온,6,87017,경유,3224,314,7.3,0,블랙,스탠다드,2759.6
한빛,7,179863,하이브리드,1435,126,24.0,0,블랙,플러스,2316.4
,10,270644,경유,3433,315,13.3,0,실버,프리미엄,2495.4
라온,2,60705,경유,2928,269,17.0,1,화이트,플러스,6596.2
다온,0,900,전기,2681,242,14.9,0,그외,스탠다드,5056.6
한빛,11,244507,휘발유,2113,210,18.6,1,블랙,플러스,1079.7
한빛,9,120542,휘발유,2433,275,13.4,1,화이트,스탠다드,1066.1
,1,900,전기,3403,361,7.1,0,화이트,스탠다드,5882.5
한빛,5,63002,전기,3349,370,8.7,0,실버,프리미엄,4901.8
한빛,1,900,전기,980,148,21.0,2,블랙,프리미엄,6979.8
한빛,10,133521,휘발유,3039,341,12.4,1,화이트,프리미엄,1658.3
가온,9,150449,전기,3282,317,13.1,0,블랙,플러스,2670.8
라온,4,150381,하이브리드,3207,324,14.3,0,그외,플러스,3678.8
가온,1,900,휘발유,1987,237,19.7,0,블랙,스탠다드,4626.5
한빛,9,124574,휘발유,2280,244,6.2,1,화이트,플러스,1495.6
한빛,14,215918,휘발유,3370,358,7.0,0,화이트,프리미엄,1025.3
한빛,2,69699,휘발유,2334,248,12.2,0,그외,스탠다드,3444.0
가온,15,230052,하이브리드,2091,204,20.8,0,블랙,스탠다드,408.5
한빛,11,88233,경유,2116,265,17.7,2,그외,프리미엄,1912.7
한빛,2,84673,휘발유,1653,206,18.5,2,블랙,,5141.2
,4,99780,하이브리드,2601,287,6.7,0,그외,스탠다드,2839.6
라온,14,248927,전기,2372,203,13.7,0,화이트,플러스,961.3
가온,3,14816,휘발유,2946,301,12.2,0,그외,프리미엄,5003.5
가온,4,148371,휘발유,2750,316,5.6,0,그외,프리미엄,4723.9
가온,14,217354,하이브리드,1929,193,12.4,2,실버,프리미엄,1268.8
가온,6,118541,전기,2982,314,13.7,3,화이트,플러스,2676.5
가온,5,900,하이브리드,2873,246,11.3,2,블랙,프리미엄,4031.4
라온,7,127054,휘발유,2954,267,11.3,1,화이트,프리미엄,2329.9
가온,7,91861,하이브리드,1807,165,17.9,0,블랙,스탠다드,1631.6
한빛,0,11874,휘발유,2278,215,8.2,0,블랙,프리미엄,7673.1
다온,10,145188,경유,2082,228,15.1,0,실버,스탠다드,1703.3
다온,2,6242,경유,1166,70,22.8,0,블랙,스탠다드,4622.5
라온,13,203816,하이브리드,2548,263,12.4,0,블랙,프리미엄,1354.3
가온,8,116283,휘발유,1037,150,14.4,3,블랙,프리미엄,2051.3
한빛,10,122836,전기,2585,237,20.6,0,실버,스탠다드,1334.9
가온,9,172316,휘발유,3761,379,3.0,2,화이트,스탠다드,892.0
가온,12,229824,하이브리드,1069,115,14.7,0,실버,,1075.1
다온,13,175062,경유,2153,221,12.3,0,그외,플러스,1475.1
가온,13,178941,경유,2445,274,13.8,1,실버,프리미엄,1639.7
가온,15,224379,휘발유,3108,307,15.9,1,실버,플러스,523.5
한빛,3,42613,전기,3046,296,8.4,0,블랙,프리미엄,6285.7
가온,14,277547,전기,2647,277,7.2,0,블랙,스탠다드,902.1
가온,8,167307,경유,3529,379,10.2,3,실버,플러스,2922.8
다온,9,143608,전기,1898,197,24.0,0,그외,스탠다드,1260.0
한빛,12,169943,전기,3942,391,4.1,1,화이트,프리미엄,1719.8
라온,12,189918,하이브리드,2102,165,11.3,4,그외,프리미엄,1091.7
한빛,3,64258,휘발유,2277,212,8.9,3,블랙,,4134.4
한빛,6,144823,하이브리드,1653,174,10.7,0,블랙,프리미엄,3747.8
라온,0,36484,전기,2858,293,12.6,0,실버,플러스,7021.8
,10,77516,경유,2521,252,8.8,0,그외,플러스,1984.5
한빛,2,73585,전기,4199,361,12.3,0,실버,스탠다드,4617.0
다온,3,53767,경유,3258,311,11.9,0,그외,스탠다드,4494.4
라온,13,193780,휘발유,980,161,21.5,0,블랙,프리미엄,617.0
한빛,0,27082,하이브리드,1862,254,13.4,0,실버,플러스,6876.2
가온,12,178022,하이브리드,2924,278,11.5,4,화이트,플러스,1411.8
라온,1,37784,하이브리드,2884,345,3.1,2,화이트,프리미엄,6741.3
라온,9,82390,전기,2919,274,12.4,0,화이트,플러스,2036.2
가온,3,29732,경유,2875,251,6.7,0,블랙,프리미엄,8308.4
가온,13,218846,휘발유,1160,117,20.0,1,실버,플러스,688.2
한빛,12,237171,하이브리드,2761,299,7.0,0,그외,플러스,1558.0
한빛,8,101349,하이브리드,1310,118,10.5,0,,프리미엄,2297.1
한빛,15,278521,휘발유,1705,209,20.5,2,그외,플러스,734.2
라온,14,253928,휘발유,2562,268,14.4,2,블랙,스탠다드,960.7
다온,4,101413,전기,3825,383,8.5,3,실버,프리미엄,4136.9
가온,8,113014,전기,2642,255,8.1,0,화이트,스탠다드,1923.6
한빛,7,173706,경유,3264,356,8.7,0,실버,스탠다드,2593.3
한빛,15,157459,전기,2388,225,16.3,0,블랙,플러스,563.6
라온,8,128132,휘발유,1818,166,18.1,1,그외,플러스,1403.3
한빛,3,34160,경유,1661,172,15.5,3,화이트,플러스,4861.0
라온,2,69880,전기,1732,219,17.4,1,블랙,스탠다드,4050.0
한빛,14,291119,휘발유,2227,230,17.5,1,블랙,스탠다드,162.5
한빛,9,144317,휘발유,2529,213,19.1,0,실버,플러스,2080.9
가온,14,177620,휘발유,980,113,17.8,4,블랙,플러스,305.5
다온,14,213121,전기,1758,201,19.3,0,블랙,프리미엄,867.9
가온,4,134854,전기,4087,366,10.9,1,블랙,프리미엄,5890.6
다온,0,900,하이브리드,3340,354,3.7,0,그외,스탠다드,5300.3
가온,7,138383,하이브리드,1766,166,22.0,1,실버,플러스,2437.2
한빛,4,140119,휘발유,1721,221,18.8,0,블랙,스탠다드,2573.7
가온,12,256562,휘발유,1702,148,10.6,0,화이트,스탠다드,897.2
다온,1,27575,전기,2039,215,15.2,0,그외,플러스,5345.9
한빛,11,170894,하이브리드,2397,228,11.7,0,그외,스탠다드,1083.1
한빛,4,83316,하이브리드,1735,138,17.6,0,실버,,4441.1
가온,9,178830,휘발유,2835,351,16.6,2,블랙,프리미엄,1741.3
가온,0,22113,전기,1854,205,17.9,0,화이트,프리미엄,10309.3
가온,5,86733,하이브리드,2133,236,12.5,3,블랙,플러스,3340.2
한빛,7,136999,하이브리드,2317,224,13.2,0,블랙,플러스,2998.2
다온,3,19872,휘발유,1923,278,16.0,0,,플러스,3637.4
다온,3,77567,휘발유,2987,351,7.6,1,블랙,프리미엄,4098.1
,13,255998,경유,4000,413,6.7,0,화이트,플러스,1373.2
한빛,14,106720,경유,980,128,16.6,4,,프리미엄,1430.1
가온,12,301817,경유,1435,149,15.7,1,화이트,스탠다드,1378.9
가온,9,185545,전기,980,123,18.7,0,그외,스탠다드,1228.4
한빛,5,95502,경유,3212,304,10.4,0,화이트,플러스,4685.3
가온,14,181530,휘발유,1849,198,17.4,0,화이트,스탠다드,214.3
가온,6,185989,하이브리드,1568,192,11.1,4,실버,스탠다드,1862.1
가온,13,221260,경유,1639,150,15.9,1,실버,스탠다드,560.9
가온,10,277356,전기,2794,212,10.7,1,실버,프리미엄,1881.3
가온,11,191958,하이브리드,2390,228,14.6,0,그외,프리미엄,1748.1
한빛,8,120639,전기,2313,196,17.7,0,그외,프리미엄,2670.8
다온,13,255091,경유,2112,234,14.9,0,블랙,스탠다드,839.3
라온,4,46940,하이브리드,2225,208,16.3,0,실버,스탠다드,2971.4
라온,11,171732,전기,2681,243,10.3,1,블랙,플러스,1522.0
한빛,11,158438,휘발유,1116,101,23.5,1,실버,스탠다드,778.2
다온,10,142938,경유,3049,306,6.5,2,그외,프리미엄,2258.9
라온,4,39716,전기,1357,162,21.4,1,화이트,플러스,3529.5
한빛,10,146781,하이브리드,3682,408,11.3,0,화이트,스탠다드,1302.6
한빛,9,150998,경유,1266,102,20.6,0,그외,,2263.2
가온,4,131425,하이브리드,2466,231,14.0,1,화이트,스탠다드,2973.8
한빛,5,88964,경유,2869,373,11.4,0,그외,프리미엄,5576.0
한빛,12,209071,휘발유,4200,420,10.2,4,그외,스탠다드,535.9
한빛,1,15233,휘발유,1960,246,18.1,0,블랙,스탠다드,4011.5
라온,12,166233,전기,3046,288,15.4,0,블랙,플러스,1096.5
라온,9,115716,전기,1991,209,17.5,0,블랙,플러스,1673.3
라온,8,186154,휘발유,3365,295,16.7,3,실버,프리미엄,2079.7
라온,12,208925,전기,4009,412,5.4,2,그외,프리미엄,1291.7
라온,6,150099,하이브리드,3623,374,11.7,0,실버,스탠다드,1937.3
가온,14,212095,경유,4200,403,10.5,0,블랙,프리미엄,1571.2
가온,6,28117,하이브리드,1115,118,19.9,0,블랙,스탠다드,2260.8
가온,15,227178,경유,1942,200,7.7,0,화이트,스탠다드,409.5
다온,12,217746,경유,2678,267,12.1,0,그외,스탠다드,864.2
한빛,0,900,하이브리드,1338,159,24.0,1,,프리미엄,7806.6
한빛,7,133228,하이브리드,2269,200,14.9,0,,프리미엄,3119.9
한빛,4,129876,휘발유,2957,351,13.8,0,그외,프리미엄,3919.5
,1,85493,하이브리드,1520,178,23.5,0,,스탠다드,4476.9
다온,11,125774,,2433,273,16.3,3,실버,플러스,1125.8
한빛,1,5835,전기,3745,296,10.5,1,실버,프리미엄,8290.8
,1,900,전기,1574,185,17.0,1,블랙,프리미엄,7196.7
한빛,10,127240,휘발유,980,112,18.8,1,블랙,프리미엄,1563.4
한빛,3,50223,휘발유,2900,260,9.7,0,화이트,플러스,4329.8
한빛,5,149175,하이브리드,3299,311,13.9,2,그외,프리미엄,3951.4
라온,0,1924,전기,1986,191,15.5,0,블랙,프리미엄,8547.0
가온,10,178701,경유,2174,225,12.8,0,화이트,스탠다드,2035.2
라온,6,107741,휘발유,1887,216,20.5,1,실버,프리미엄,2668.1
,11,147669,휘발유,996,76,23.5,0,그외,프리미엄,1385.5
가온,5,58128,하이브리드,2043,195,21.1,2,,프리미엄,3925.1
한빛,12,171178,하이브리드,2772,221,18.2,0,화이트,,1418.8
라온,10,127449,전기,2172,188,11.4,0,실버,플러스,1844.0
가온,10,159212,휘발유,2676,289,7.4,2,블랙,프리미엄,1636.3
가온,0,2035,경유,2541,316,18.3,0,화이트,스탠다드,8183.0
다온,8,105869,경유,2895,236,10.4,3,그외,플러스,1946.1
다온,12,229608,경유,2406,243,16.7,0,블랙,플러스,1160.2
한빛,13,217360,휘발유,2196,244,12.4,0,실버,프리미엄,994.7
다온,5,900,휘발유,1040,116,19.4,3,블랙,,2612.4
라온,9,154608,경유,1990,228,12.4,1,실버,프리미엄,2673.2
라온,7,121460,휘발유,1148,70,17.2,4,실버,프리미엄,2074.2
,10,115838,휘발유,1921,169,18.3,0,화이트,,997.2
한빛,1,22662,,2526,232,17.9,0,실버,플러스,6041.6
가온,2,47041,하이브리드,1444,171,22.0,3,화이트,프리미엄,5729.4
한빛,14,175044,하이브리드,2308,256,7.0,0,블랙,스탠다드,290.6
가온,10,169611,휘발유,2580,247,12.8,0,블랙,스탠다드,1300.4
다온,13,232269,하이브리드,980,74,24.0,4,화이트,프리미엄,622.6
한빛,3,62650,휘발유,2722,259,7.0,0,화이트,프리미엄,4907.7
라온,3,94172,전기,1591,188,20.6,2,그외,플러스,4268.4
한빛,8,64457,하이브리드,3134,238,12.2,0,실버,프리미엄,2689.8
가온,8,92786,휘발유,1555,198,13.5,2,블랙,플러스,1681.0
한빛,6,92869,경유,2832,305,13.3,0,그외,,5165.2
라온,15,305280,하이브리드,3728,413,9.7,2,블랙,스탠다드,690.9
한빛,7,58569,하이브리드,1855,225,13.6,0,그외,프리미엄,2974.1
라온,3,73076,하이브리드,1195,106,14.8,2,그외,프리미엄,4377.1
한빛,1,20377,하이브리드,3180,284,17.0,4,블랙,스탠다드,3850.8
라온,2,900,전기,3646,402,9.7,3,화이트,,6102.5
가온,9,140769,하이브리드,3053,267,8.5,0,블랙,플러스,2114.5
가온,7,163692,하이브리드,2338,286,16.1,0,그외,플러스,2276.7
라온,3,51225,하이브리드,2491,253,19.0,1,블랙,플러스,3907.7
라온,4,55370,경유,2215,216,16.5,0,블랙,프리미엄,6060.7
라온,14,223197,전기,3477,296,7.1,0,화이트,플러스,822.2
가온,5,74719,경유,3558,353,9.1,1,실버,프리미엄,6186.8
한빛,15,233359,경유,2372,288,12.6,3,블랙,플러스,651.2
한빛,8,64761,휘발유,4089,346,9.4,0,블랙,프리미엄,2353.5
가온,6,106929,경유,3126,349,13.3,0,블랙,플러스,4084.2
가온,7,175413,전기,980,110,20.2,1,블랙,플러스,2149.6
한빛,7,142425,하이브리드,2934,341,10.1,0,블랙,스탠다드,1793.6
라온,15,159087,하이브리드,2064,206,19.2,0,그외,플러스,434.0
라온,14,182016,전기,1009,70,18.3,0,블랙,플러스,630.4
한빛,5,130581,휘발유,2742,319,10.3,0,그외,스탠다드,2054.4
라온,7,142463,휘발유,2336,199,11.3,3,,프리미엄,2325.6
다온,3,70902,휘발유,1716,189,17.0,0,그외,플러스,3156.2
한빛,10,155264,하이브리드,1549,81,21.2,0,실버,프리미엄,1379.0
라온,15,180153,경유,3559,366,9.1,0,그외,스탠다드,391.4
한빛,15,274156,전기,1893,168,14.3,1,블랙,플러스,800.8
한빛,9,148176,휘발유,3181,317,6.8,0,블랙,플러스,1239.6
가온,9,137613,경유,988,70,23.0,0,그외,프리미엄,2670.2
가온,15,265653,전기,1870,232,17.2,0,그외,프리미엄,1266.1
한빛,10,168519,전기,2164,270,15.4,0,그외,플러스,1717.3
라온,8,112829,휘발유,3558,313,7.5,1,그외,프리미엄,2353.5
라온,1,35379,휘발유,1814,249,16.4,0,블랙,스탠다드,3346.0
다온,10,179749,경유,2304,203,13.6,3,화이트,프리미엄,2137.4
한빛,11,172337,전기,3670,346,7.3,0,,스탠다드,1060.2
라온,5,92598,휘발유,1551,90,18.5,0,블랙,프리미엄,3100.9
한빛,6,131483,전기,2952,291,13.9,3,실버,프리미엄,3154.2
한빛,1,3947,전기,3991,386,7.7,0,실버,프리미엄,8752.6
한빛,15,306878,하이브리드,3152,358,5.3,2,블랙,스탠다드,557.0
가온,5,35728,하이브리드,1261,203,18.8,1,화이트,플러스,3317.1
라온,3,24369,하이브리드,2411,270,14.2,0,화이트,플러스,3883.2
가온,13,218641,전기,1254,182,22.4,0,그외,플러스,1124.9
한빛,12,139799,전기,3809,357,7.0,0,그외,프리미엄,1757.7
라온,8,88997,휘발유,2197,223,19.3,0,실버,플러스,1714.8
라온,7,135488,하이브리드,1585,181,18.5,0,실버,프리미엄,2599.2
가온,0,76585,휘발유,2170,209,15.4,0,그외,스탠다드,5282.7
한빛,10,93713,전기,2571,252,5.9,0,블랙,프리미엄,1965.8
가온,9,151328,경유,1400,198,24.0,0,블랙,스탠다드,2066.9
가온,0,87978,경유,1678,197,13.9,1,화이트,플러스,9076.1
한빛,7,61666,휘발유,2833,250,9.3,2,그외,프리미엄,3085.5
가온,5,74144,전기,3439,316,7.8,0,블랙,프리미엄,5219.2
다온,15,266942,휘발유,4200,388,6.1,2,실버,플러스,503.3
한빛,12,250248,경유,1349,191,20.4,4,블랙,프리미엄,1631.1
라온,11,162237,전기,2950,310,14.1,0,실버,스탠다드,1135.8
가온,15,279144,하이브리드,2867,292,13.2,0,실버,스탠다드,807.0
가온,8,111611,하이브리드,1978,242,10.4,1,그외,스탠다드,1727.5
라온,15,234941,하이브리드,2450,234,6.8,0,블랙,스탠다드,100.0
가온,2,54451,전기,2143,200,12.9,4,실버,스탠다드,3908.3
다온,13,174928,경유,2500,203,17.8,1,그외,스탠다드,887.0
한빛,12,268901,휘발유,2893,261,6.7,0,블랙,스탠다드,319.0
라온,6,139140,휘발유,3291,326,12.1,1,그외,프리미엄,3024.0
다온,8,149338,하이브리드,3041,326,17.7,0,그외,,1929.4
한빛,14,175292,휘발유,2305,229,16.9,0,화이트,,501.2
,8,154099,하이브리드,1821,187,23.6,0,블랙,플러스,1160.4
다온,1,34287,휘발유,3108,362,4.8,3,그외,플러스,4114.3
,1,98551,하이브리드,2290,299,13.5,1,블랙,플러스,6219.1
한빛,15,248143,하이브리드,1965,128,17.0,4,블랙,프리미엄,1111.5
가온,5,51880,휘발유,2790,295,13.4,0,실버,플러스,3210.9
한빛,15,245965,경유,2281,283,11.4,1,실버,스탠다드,739.0
한빛,12,167564,전기,1647,154,19.2,1,블랙,플러스,1080.3
한빛,9,169682,전기,2576,261,11.3,0,그외,프리미엄,2265.0
한빛,6,47206,휘발유,980,138,20.3,0,실버,프리미엄,2889.1
가온,2,120543,전기,1415,186,16.5,0,화이트,프리미엄,7451.8
한빛,5,56428,전기,980,70,12.5,1,화이트,스탠다드,2095.9
다온,13,218814,하이브리드,3272,290,12.4,0,블랙,프리미엄,1092.2
가온,7,89940,전기,997,121,20.0,0,화이트,스탠다드,1997.3
가온,9,141258,,1447,245,19.3,0,화이트,프리미엄,2931.6
,2,45220,전기,2928,274,6.6,1,블랙,프리미엄,6032.5
가온,10,157712,경유,2755,326,17.3,3,블랙,플러스,2022.6
한빛,10,113874,하이브리드,3075,223,8.3,3,그외,프리미엄,1569.3
한빛,7,70574,경유,2041,202,10.1,2,화이트,스탠다드,2207.4
가온,12,193572,경유,2078,258,12.8,3,화이트,프리미엄,1836.7
라온,5,128995,경유,3023,344,12.4,0,실버,프리미엄,5395.5
한빛,13,175878,경유,3077,378,9.7,2,블랙,플러스,1273.8
가온,9,161396,경유,1463,173,19.5,0,그외,,2490.3
한빛,6,56598,전기,2348,252,18.5,0,그외,플러스,2763.8
라온,8,153004,경유,2091,202,17.3,1,블랙,스탠다드,2224.6
가온,12,223504,휘발유,1667,126,18.1,4,화이트,스탠다드,649.9
한빛,13,275715,전기,2167,236,16.0,3,그외,프리미엄,1236.4
한빛,11,192137,하이브리드,2497,289,13.9,0,화이트,프리미엄,1785.3
한빛,5,103728,,1986,194,11.7,0,블랙,프리미엄,5335.5
,11,129066,하이브리드,3530,418,7.8,0,실버,프리미엄,1517.7
다온,8,123065,하이브리드,2297,270,10.6,1,실버,스탠다드,1316.9
라온,11,163993,경유,3234,275,10.2,0,실버,스탠다드,1348.5
다온,4,139698,휘발유,1350,108,21.6,2,화이트,플러스,2555.7
가온,12,174701,휘발유,2296,229,16.4,0,블랙,프리미엄,1588.1
가온,4,71801,전기,2611,302,10.8,0,블랙,플러스,4628.1
가온,1,41390,전기,1928,197,15.9,0,실버,플러스,6654.8
다온,8,78613,하이브리드,3442,356,11.0,2,그외,플러스,1656.0
가온,14,236152,경유,3581,313,10.7,0,화이트,플러스,1166.5
다온,14,188756,휘발유,1738,199,9.7,2,실버,스탠다드,535.9
라온,9,110335,전기,3114,348,9.8,0,그외,플러스,1813.0
가온,1,11980,전기,3358,359,6.1,0,실버,프리미엄,8939.2
다온,11,196761,하이브리드,3433,260,6.0,1,화이트,스탠다드,899.9
라온,1,28417,휘발유,2354,180,9.8,0,실버,플러스,4625.2
라온,11,172117,경유,3200,331,12.4,0,블랙,플러스,1666.4
,5,58059,경유,3367,339,6.1,0,블랙,스탠다드,3398.5
가온,13,175733,휘발유,1878,150,16.9,0,그외,플러스,817.7
라온,5,111345,전기,2968,260,13.1,0,화이트,스탠다드,2733.4
한빛,15,248216,하이브리드,3598,379,7.1,0,블랙,프리미엄,1255.6
라온,12,147162,전기,3700,408,13.4,3,그외,프리미엄,1107.2
가온,12,200032,휘발유,4043,353,11.9,1,실버,스탠다드,764.9
한빛,11,177253,휘발유,3333,383,11.9,0,실버,플러스,768.9
라온,14,226083,하이브리드,2532,272,9.9,0,블랙,스탠다드,624.1
가온,6,69519,경유,2534,223,14.2,0,블랙,플러스,4000.8
한빛,7,82834,하이브리드,2423,178,14.6,0,블랙,프리미엄,2964.0
한빛,0,42374,휘발유,1221,121,14.3,3,그외,플러스,4672.0
한빛,12,207884,경유,4200,373,5.1,4,블랙,스탠다드,847.1
가온,2,56873,경유,3660,372,8.5,1,실버,스탠다드,6019.0
라온,1,900,하이브리드,1245,141,22.4,0,그외,프리미엄,6592.8
가온,14,186811,경유,2033,180,19.8,0,실버,프리미엄,1613.5
라온,1,12104,휘발유,1946,174,14.3,1,,플러스,4393.7
,2,900,휘발유,1345,160,11.2,0,블랙,플러스,4638.5
가온,1,29717,경유,3865,388,12.6,1,실버,플러스,8938.8
라온,15,263022,전기,3662,430,3.1,0,블랙,스탠다드,218.7
가온,15,208029,하이브리드,4047,430,6.3,2,그외,플러스,872.3
라온,3,57578,경유,3114,297,12.1,1,그외,스탠다드,4711.1
라온,15,222906,전기,2786,329,18.5,0,블랙,스탠다드,677.7
한빛,13,229976,하이브리드,2521,250,14.7,1,,플러스,577.1
한빛,10,158173,전기,2477,243,15.2,0,화이트,플러스,1242.6
한빛,1,900,전기,2529,182,17.8,0,블랙,플러스,6626.5
가온,6,19562,휘발유,3060,321,10.5,1,,스탠다드,1808.6
다온,4,48488,하이브리드,1703,132,15.6,2,그외,스탠다드,2409.3
라온,1,56764,하이브리드,3306,392,5.9,0,화이트,플러스,6093.3
,6,49085,휘발유,2457,281,9.1,0,그외,플러스,1713.3
한빛,9,80215,경유,3093,282,10.8,2,블랙,플러스,1840.3
가온,15,231025,전기,1771,144,15.7,1,블랙,프리미엄,810.9
가온,14,210229,경유,3991,410,3.0,0,화이트,프리미엄,1548.8
한빛,13,155190,휘발유,2175,184,13.0,1,블랙,플러스,652.8
한빛,10,190081,휘발유,2978,276,11.3,0,,스탠다드,1104.5
한빛,15,204398,휘발유,1570,197,17.7,1,그외,플러스,645.5
가온,2,110044,하이브리드,2999,311,16.5,0,실버,플러스,5983.3
라온,12,196118,전기,3857,412,4.5,0,화이트,프리미엄,1537.2
한빛,4,30303,전기,2264,248,14.1,0,화이트,스탠다드,3305.7
한빛,4,49806,하이브리드,4191,405,9.0,0,화이트,스탠다드,3075.0
한빛,15,230592,휘발유,2741,292,10.8,0,실버,스탠다드,274.1
라온,5,111011,하이브리드,3438,384,5.4,1,그외,플러스,3147.8
한빛,2,49657,전기,2738,281,10.1,1,블랙,프리미엄,6503.7
라온,7,101326,경유,1406,207,22.9,1,그외,스탠다드,2241.4
라온,11,166888,전기,4200,405,3.0,0,블랙,플러스,1188.2
라온,3,31351,휘발유,1771,157,16.0,2,실버,프리미엄,4167.8
가온,0,5576,휘발유,2720,261,12.5,1,블랙,프리미엄,8062.8
한빛,2,5002,전기,2967,311,13.4,0,그외,플러스,5607.8
한빛,15,259542,하이브리드,980,183,23.9,0,블랙,프리미엄,863.0
한빛,15,173409,휘발유,3917,410,11.4,2,블랙,프리미엄,790.6
한빛,2,22851,휘발유,2328,180,15.0,0,그외,,4403.8
다온,7,103037,하이브리드,3570,315,13.2,0,그외,스탠다드,1854.4
가온,13,150454,전기,2689,241,9.2,0,화이트,플러스,1314.3
,3,48779,휘발유,2657,218,13.6,0,그외,프리미엄,4462.2
가온,0,76381,경유,2615,278,11.4,0,그외,스탠다드,8392.8
한빛,15,267175,하이브리드,4200,430,4.8,1,그외,프리미엄,632.6
한빛,12,178461,휘발유,2157,198,10.9,0,그외,플러스,1433.6
라온,15,232570,휘발유,4200,430,3.0,1,그외,스탠다드,258.0
가온,5,131809,경유,2395,214,10.7,1,그외,스탠다드,3653.7
가온,5,79896,하이브리드,1679,171,17.2,0,블랙,프리미엄,4343.6
라온,13,183953,하이브리드,1683,206,9.8,2,,스탠다드,815.5
가온,0,2591,휘발유,2218,216,21.2,0,그외,스탠다드,5634.3
가온,8,148905,전기,2516,246,10.2,3,실버,프리미엄,2649.3
다온,7,134298,하이브리드,2556,191,12.9,0,그외,플러스,2209.4
라온,13,249533,경유,3342,397,7.1,2,그외,스탠다드,723.8
라온,1,47636,경유,2613,267,10.6,0,그외,프리미엄,9824.5
가온,10,168745,전기,2136,192,18.4,3,그외,플러스,1061.5
다온,10,190273,전기,4178,424,3.0,1,블랙,프리미엄,1756.3
라온,12,143104,휘발유,1657,144,21.1,0,블랙,플러스,1030.6
다온,6,115411,경유,1775,163,17.6,0,실버,프리미엄,3986.7
라온,13,236300,경유,1079,141,18.2,0,화이트,플러스,823.9
가온,3,112145,경유,3226,299,16.3,0,실버,프리미엄,8580.3
라온,13,169151,전기,2665,210,12.7,2,그외,플러스,838.8
라온,0,1437,경유,1808,197,15.0,0,화이트,프리미엄,11460.9
한빛,5,129670,경유,2319,244,23.4,0,그외,프리미엄,6132.5
라온,4,66325,전기,2660,304,8.3,0,실버,프리미엄,5048.8
다온,4,32384,휘발유,2291,190,8.1,1,블랙,스탠다드,1868.5
한빛,15,353415,전기,4200,378,6.1,0,블랙,플러스,973.2
한빛,4,68088,전기,3716,309,15.2,0,실버,프리미엄,5059.1
한빛,14,207301,휘발유,1398,96,20.1,0,블랙,플러스,441.7
한빛,0,27168,전기,980,99,22.9,0,실버,프리미엄,8524.3
한빛,5,75793,전기,980,118,21.6,0,그외,플러스,3138.8
가온,5,177174,전기,3034,248,16.4,0,그외,프리미엄,4921.5
다온,1,66445,휘발유,1630,217,22.1,0,그외,플러스,4104.9
한빛,10,135938,전기,2854,305,12.6,0,블랙,프리미엄,2413.3
다온,0,900,하이브리드,2807,300,12.1,2,실버,플러스,5595.1
가온,14,236548,휘발유,3711,353,5.7,0,화이트,플러스,836.3
가온,5,57371,휘발유,994,109,21.3,0,화이트,스탠다드,2010.1
한빛,4,900,하이브리드,2847,328,12.0,0,화이트,플러스,3494.1
한빛,0,27205,하이브리드,2546,267,18.7,0,그외,프리미엄,9125.5
한빛,5,69525,전기,3377,269,9.6,0,블랙,프리미엄,4797.0
가온,5,82206,전기,1888,201,22.7,0,실버,스탠다드,2991.7
,3,88894,휘발유,1891,164,20.6,2,실버,플러스,3010.3
한빛,9,125126,전기,2851,308,9.8,0,실버,스탠다드,1644.2
다온,0,26991,경유,1083,117,20.5,0,블랙,스탠다드,6273.0
한빛,12,220589,휘발유,3597,282,10.0,1,화이트,플러스,1064.8
라온,3,66057,하이브리드,1975,189,14.9,0,화이트,스탠다드,2971.0
,8,119478,전기,1190,142,14.3,0,,프리미엄,2856.9
라온,4,93358,경유,2337,219,15.3,0,블랙,플러스,4805.3
한빛,3,95424,경유,2064,195,17.2,0,화이트,플러스,6004.3
가온,1,80750,하이브리드,1142,70,16.6,0,그외,프리미엄,7285.3
가온,5,48449,하이브리드,3797,418,9.7,0,화이트,플러스,3681.1
다온,2,72492,전기,2028,206,19.2,0,블랙,프리미엄,5912.1
한빛,9,132835,전기,3146,340,13.0,0,그외,스탠다드,1269.6
라온,1,900,하이브리드,3176,371,5.6,0,그외,플러스,5525.9
가온,13,167049,하이브리드,2109,200,12.4,1,블랙,프리미엄,1109.0
한빛,9,184024,전기,2137,197,8.9,0,실버,프리미엄,1980.4
다온,0,900,경유,2523,224,20.5,0,블랙,플러스,7752.9
한빛,10,126161,하이브리드,3866,430,9.6,0,화이트,프리미엄,1690.9
,13,176039,하이브리드,980,110,21.4,4,실버,플러스,599.7
다온,9,79940,휘발유,2378,244,12.7,2,실버,스탠다드,909.9
라온,2,52994,경유,1570,192,8.2,0,실버,스탠다드,4654.1
다온,8,212931,하이브리드,1781,178,19.4,0,블랙,프리미엄,2227.9
가온,1,67456,휘발유,3548,342,10.4,0,,프리미엄,7797.2
가온,4,39372,하이브리드,1164,150,15.3,1,화이트,프리미엄,4790.1
라온,10,169984,휘발유,3147,329,9.0,0,화이트,플러스,1591.6
한빛,2,932,전기,1248,100,23.8,0,블랙,스탠다드,4158.1
라온,2,66196,경유,2707,265,11.0,1,블랙,플러스,6357.2
한빛,7,164281,전기,3574,374,4.4,0,그외,,3521.8
한빛,7,68584,하이브리드,2063,224,18.0,0,화이트,프리미엄,2898.7
한빛,14,146385,하이브리드,2962,316,8.3,3,그외,프리미엄,308.0
한빛,10,112870,하이브리드,3449,329,11.3,1,그외,플러스,1497.8
다온,3,14376,휘발유,3850,363,13.7,2,실버,플러스,3545.3
라온,2,58068,전기,2137,205,13.4,0,화이트,플러스,5143.1
다온,0,66930,,1602,176,19.4,0,블랙,프리미엄,8373.1
한빛,14,282141,,1607,177,16.9,0,실버,플러스,559.7
가온,7,87568,휘발유,3246,326,8.7,0,블랙,스탠다드,1617.0
가온,7,106714,하이브리드,2913,321,10.1,0,화이트,프리미엄,3166.8
라온,10,183956,하이브리드,3806,372,5.7,0,화이트,스탠다드,1468.2
다온,14,181167,경유,2895,299,8.1,3,그외,프리미엄,787.4
다온,2,900,경유,2017,170,16.1,0,화이트,스탠다드,4632.1
한빛,0,35955,전기,2846,303,18.7,2,화이트,스탠다드,5258.7
한빛,1,20279,휘발유,3217,327,9.8,0,화이트,플러스,5112.1
가온,2,24156,하이브리드,980,70,18.9,0,그외,프리미엄,6667.9
한빛,0,62379,하이브리드,1712,109,11.9,3,화이트,플러스,5754.9
가온,6,80125,전기,3003,248,9.4,0,블랙,프리미엄,3972.5
라온,13,180323,하이브리드,1556,143,13.1,0,화이트,스탠다드,764.6
다온,5,48950,휘발유,2556,241,3.4,0,화이트,스탠다드,1822.6
가온,12,252458,휘발유,2651,281,10.8,0,실버,,1453.9
한빛,4,31665,휘발유,3259,311,12.9,0,그외,스탠다드,2513.4
다온,7,160518,경유,3277,285,12.4,0,화이트,플러스,2904.4
가온,8,166432,휘발유,4006,421,5.1,2,그외,플러스,1755.3
라온,4,109433,휘발유,1953,248,19.7,0,블랙,플러스,2997.6
한빛,0,8778,전기,2434,221,17.1,0,화이트,스탠다드,6273.2
가온,10,212825,전기,3034,356,21.9,0,블랙,플러스,1662.8
다온,11,226133,하이브리드,2936,319,13.1,0,실버,프리미엄,1278.2
라온,5,53795,경유,2157,171,15.1,2,블랙,플러스,3413.6
다온,14,215854,휘발유,3656,335,7.8,0,블랙,스탠다드,518.9
라온,15,223393,하이브리드,1438,125,21.3,0,화이트,프리미엄,657.8
가온,1,900,전기,3473,360,12.3,1,블랙,플러스,6942.7
라온,8,158415,전기,1939,197,18.5,0,화이트,스탠다드,1390.6
가온,7,110674,경유,1783,128,15.4,4,화이트,프리미엄,3353.9
가온,1,900,,2532,232,19.4,4,블랙,스탠다드,4313.4
가온,14,165056,전기,1839,179,11.0,1,화이트,프리미엄,1059.1
라온,10,182657,전기,2261,164,16.5,0,그외,플러스,1382.6
가온,1,3520,전기,2953,279,15.1,0,그외,프리미엄,9455.9
가온,14,213655,경유,1825,159,16.0,1,블랙,프리미엄,1323.1
한빛,0,37529,휘발유,1662,144,12.7,0,화이트,스탠다드,4625.1
라온,12,300353,하이브리드,2805,272,10.9,1,블랙,스탠다드,555.9
라온,0,8298,경유,2719,301,10.7,2,그외,프리미엄,9993.0
라온,0,17567,휘발유,2295,176,14.9,0,,플러스,5685.3
다온,12,173789,휘발유,2878,270,11.9,2,블랙,프리미엄,934.0
가온,12,143070,전기,1760,189,20.4,3,블랙,프리미엄,1690.5
라온,5,84980,하이브리드,1474,170,24.0,0,화이트,플러스,2569.9
,13,184821,하이브리드,3023,358,3.4,1,화이트,스탠다드,433.0
한빛,7,125995,전기,2975,243,12.0,1,그외,플러스,2495.4
한빛,0,36283,경유,2168,197,13.6,0,실버,프리미엄,11990.9
가온,2,26873,경유,3104,276,9.2,0,블랙,스탠다드,6516.9
라온,7,79454,경유,1525,206,17.2,2,실버,프리미엄,3412.5
가온,9,136993,경유,2559,263,12.3,1,화이트,스탠다드,1873.0
라온,3,58137,휘발유,1185,139,22.9,1,화이트,프리미엄,4002.2
가온,11,175393,휘발유,980,81,19.3,3,실버,스탠다드,1197.2
라온,2,12329,전기,2720,224,11.3,3,,플러스,4727.2
한빛,12,195118,경유,2733,270,7.8,0,그외,플러스,1301.7
한빛,12,177685,휘발유,2374,232,12.7,1,그외,프리미엄,1368.7
다온,13,226735,휘발유,3049,304,16.3,0,화이트,플러스,694.5
한빛,14,202596,경유,2776,288,13.4,3,블랙,스탠다드,647.8
가온,13,205888,휘발유,2380,244,8.6,0,그외,플러스,755.1
한빛,2,37790,경유,3259,347,13.7,0,실버,프리미엄,8794.8
다온,10,220369,휘발유,1347,150,17.7,2,실버,스탠다드,878.5
라온,3,88231,휘발유,1442,185,20.8,0,실버,프리미엄,4314.9
한빛,3,21830,전기,2297,262,8.9,2,화이트,플러스,4477.2
한빛,10,133074,하이브리드,2478,158,18.2,2,그외,플러스,1082.8
가온,14,203234,전기,1067,109,16.7,1,블랙,스탠다드,865.6
,15,291617,,980,129,24.0,2,화이트,프리미엄,641.3
가온,3,73421,하이브리드,3099,305,8.5,0,실버,플러스,5303.0
한빛,3,43203,휘발유,994,159,20.0,0,실버,스탠다드,2884.4
한빛,4,900,하이브리드,2504,218,10.1,3,그외,플러스,2997.1
라온,8,158557,하이브리드,2866,296,10.5,2,블랙,프리미엄,1774.0
한빛,15,263048,,2981,270,5.3,3,그외,,762.6
다온,0,64489,하이브리드,1615,170,20.2,4,실버,스탠다드,3844.6
가온,8,151929,전기,2400,281,18.4,0,블랙,프리미엄,3085.0
다온,11,140291,휘발유,3008,262,10.8,0,실버,스탠다드,1163.1
라온,2,95587,전기,2219,182,19.3,0,실버,플러스,4855.3
한빛,13,186151,휘발유,2021,162,16.1,0,화이트,프리미엄,1665.2
한빛,6,900,하이브리드,2233,196,17.5,0,그외,플러스,2788.4
다온,0,900,경유,1387,163,20.6,0,블랙,프리미엄,9769.9
라온,0,48156,휘발유,1838,218,15.5,0,블랙,프리미엄,7363.1
라온,15,237887,휘발유,1621,141,13.6,3,화이트,플러스,695.3
한빛,11,196680,경유,1821,195,15.9,0,블랙,스탠다드,1422.6
다온,9,139905,하이브리드,2212,259,17.5,2,화이트,프리미엄,1632.4
가온,1,900,하이브리드,3140,283,15.6,4,화이트,플러스,5731.8
라온,15,218042,전기,2177,221,15.5,1,화이트,프리미엄,810.7
가온,11,134796,경유,980,91,15.1,2,실버,프리미엄,1504.5
한빛,14,199416,경유,2790,212,13.2,0,그외,스탠다드,938.0
가온,7,19802,하이브리드,2952,331,17.3,0,그외,플러스,2537.7
다온,0,41700,하이브리드,4200,376,3.0,0,화이트,프리미엄,8504.6
,12,146967,경유,3143,260,10.4,0,그외,플러스,1251.8
한빛,6,57794,하이브리드,2926,283,7.3,1,그외,플러스,2786.5
,15,211158,경유,1999,224,14.5,2,실버,프리미엄,1519.5
가온,4,66512,전기,4172,430,3.0,1,블랙,프리미엄,5946.7
한빛,3,900,경유,2400,247,17.0,2,그외,스탠다드,4303.9
라온,15,254287,휘발유,3779,377,6.5,0,블랙,프리미엄,675.3
가온,6,120797,휘발유,3018,260,8.5,4,그외,프리미엄,2808.7
다온,12,179705,경유,1686,197,21.1,0,그외,프리미엄,1716.2
라온,2,66765,경유,2590,292,12.6,0,화이트,플러스,6374.3
가온,3,39068,전기,2159,124,15.6,1,블랙,프리미엄,6186.0
한빛,1,21310,전기,3743,381,3.0,0,화이트,프리미엄,8773.0
가온,1,900,전기,1752,154,18.1,2,그외,프리미엄,7715.4
가온,0,56547,경유,2329,231,16.6,0,그외,스탠다드,8194.4
한빛,11,151651,휘발유,4021,409,10.0,1,그외,스탠다드,945.0
한빛,8,107973,하이브리드,980,84,21.0,0,실버,프리미엄,2809.6
한빛,4,91405,하이브리드,1952,214,15.0,1,블랙,프리미엄,4827.9
다온,1,34917,경유,3071,352,8.3,1,그외,스탠다드,5923.2
라온,2,27675,경유,3444,372,8.0,2,블랙,플러스,6596.6
한빛,7,130287,하이브리드,1726,189,15.0,0,실버,프리미엄,2670.9
한빛,7,95090,경유,2115,187,14.6,1,실버,스탠다드,2150.0
가온,3,85116,경유,2703,301,16.3,1,블랙,스탠다드,5249.2
가온,5,83559,하이브리드,1437,137,20.0,0,그외,스탠다드,2554.2
한빛,3,56055,하이브리드,4200,355,3.6,3,블랙,플러스,4064.8
가온,0,900,경유,2122,169,16.1,1,그외,플러스,9786.0
다온,10,167639,경유,1739,132,13.8,0,블랙,프리미엄,1884.4
다온,13,219424,전기,2379,264,8.5,0,그외,스탠다드,819.9
라온,11,173034,전기,2796,272,12.3,0,그외,프리미엄,1633.7
다온,9,131829,하이브리드,3569,301,12.1,0,,스탠다드,1654.7
가온,2,142699,경유,980,70,24.0,2,그외,프리미엄,8009.6
한빛,12,255686,경유,2151,240,17.2,0,그외,플러스,1312.6
다온,10,141498,휘발유,2153,173,15.3,0,화이트,스탠다드,766.8
라온,15,211598,전기,3322,327,12.7,0,실버,프리미엄,695.8
라온,15,257236,경유,998,82,16.3,2,화이트,스탠다드,250.1
가온,7,170344,전기,1610,161,18.2,0,블랙,프리미엄,3210.1
가온,8,172154,경유,3299,334,12.3,0,화이트,스탠다드,2187.8
한빛,11,162614,휘발유,2503,189,17.2,0,실버,플러스,954.9
가온,13,194113,전기,980,98,23.6,3,실버,프리미엄,1369.8
가온,12,199436,휘발유,1304,106,24.0,0,블랙,스탠다드,699.0
라온,8,209538,휘발유,1504,200,19.6,0,실버,스탠다드,1356.1
,8,126208,경유,3146,260,9.5,3,블랙,프리미엄,2737.7
다온,14,148311,휘발유,2690,262,11.8,0,그외,스탠다드,485.1
다온,4,103190,휘발유,2082,241,16.1,0,실버,스탠다드,2011.3
다온,12,263670,하이브리드,2982,356,12.0,2,블랙,스탠다드,836.4
가온,6,62380,전기,2780,209,13.7,0,그외,스탠다드,2948.3
라온,0,54405,휘발유,3306,289,15.3,0,화이트,스탠다드,4821.6
한빛,2,7394,하이브리드,2406,272,20.6,1,실버,프리미엄,5856.3
한빛,7,128817,하이브리드,1627,168,14.0,3,블랙,스탠다드,1886.6
라온,4,99301,전기,2397,243,15.3,0,화이트,스탠다드,3140.1
한빛,2,22437,휘발유,980,99,13.2,3,실버,플러스,3527.5
다온,4,107940,휘발유,3267,294,10.6,2,화이트,,2935.1
다온,1,45487,하이브리드,3288,331,13.3,0,블랙,스탠다드,4286.2
가온,11,168042,경유,2216,193,10.9,0,실버,프리미엄,2437.9
한빛,11,213340,전기,2696,266,14.4,2,블랙,스탠다드,974.6
한빛,13,138575,전기,3722,338,7.3,0,화이트,스탠다드,877.2
가온,14,169490,전기,2297,229,19.7,0,화이트,플러스,986.0
다온,11,160154,하이브리드,3882,408,3.8,0,실버,플러스,1354.7
한빛,11,147846,휘발유,3192,299,10.0,0,실버,프리미엄,1556.9
한빛,12,223177,휘발유,2902,310,12.7,1,실버,플러스,1068.7
다온,13,163236,경유,2091,206,16.2,4,그외,플러스,919.6
한빛,6,82770,경유,3481,366,12.1,0,실버,프리미엄,5270.1
한빛,12,171019,휘발유,2020,192,13.2,0,실버,플러스,805.2
다온,14,170263,휘발유,1724,209,19.4,0,블랙,플러스,577.0
다온,14,280310,전기,3115,269,14.6,3,실버,프리미엄,1039.1
한빛,12,218923,하이브리드,2987,255,14.8,0,실버,스탠다드,1071.0
라온,0,33200,경유,3668,299,8.3,2,블랙,플러스,8961.2
,12,184459,하이브리드,4187,422,4.4,0,실버,스탠다드,504.4
,5,109935,하이브리드,2258,254,16.5,1,블랙,스탠다드,2474.6
가온,10,145073,하이브리드,2062,172,16.7,1,그외,플러스,1482.5
라온,13,140726,전기,2331,239,14.8,1,실버,스탠다드,729.7
다온,15,255633,휘발유,4195,430,11.7,2,블랙,플러스,108.7
가온,10,98141,하이브리드,3311,278,11.5,1,블랙,플러스,1715.5
가온,5,87007,전기,3136,277,8.8,0,실버,플러스,3841.7
한빛,5,100279,전기,2415,212,18.0,0,블랙,스탠다드,2714.3
라온,6,70392,전기,2797,212,18.0,0,실버,스탠다드,2317.7
한빛,2,129395,휘발유,3839,336,13.0,0,화이트,스탠다드,3766.6
라온,1,9223,하이브리드,2525,221,17.6,0,실버,플러스,5608.1
라온,13,230981,휘발유,2265,241,14.7,0,실버,스탠다드,582.8
가온,4,65466,휘발유,3361,366,9.1,0,화이트,스탠다드,3268.7
다온,4,64801,경유,2613,294,17.2,0,블랙,플러스,4506.4
라온,8,60510,휘발유,3332,286,12.1,0,화이트,스탠다드,1093.3
가온,8,85203,하이브리드,2245,264,10.5,2,화이트,프리미엄,2658.7
가온,11,193174,휘발유,3906,363,4.4,0,블랙,스탠다드,1149.7
라온,6,104032,,2160,196,16.0,0,실버,플러스,2529.0
한빛,7,88320,경유,2446,206,10.5,1,그외,스탠다드,2244.4
한빛,12,216259,휘발유,3977,380,4.2,0,그외,프리미엄,1307.5
다온,15,275547,하이브리드,2978,328,12.1,0,그외,스탠다드,279.7
다온,1,900,전기,2991,243,15.9,0,화이트,플러스,5338.8
한빛,14,208930,휘발유,2255,297,15.1,2,블랙,프리미엄,791.7
가온,3,97441,경유,2190,235,11.5,1,블랙,스탠다드,4621.9
가온,9,153221,휘발유,2597,230,9.9,2,블랙,플러스,1479.2
한빛,8,162172,전기,4200,351,10.0,1,화이트,프리미엄,2765.3
다온,6,84081,전기,2550,269,12.9,1,실버,프리미엄,2948.9
가온,1,94565,전기,2394,242,11.4,2,화이트,스탠다드,5119.1
한빛,3,69150,하이브리드,2665,342,15.0,2,실버,프리미엄,5207.8
가온,7,127776,,1205,162,17.3,0,실버,스탠다드,2548.1
라온,9,86276,휘발유,1457,159,15.0,0,그외,프리미엄,1601.9
라온,15,242009,하이브리드,2426,178,16.4,3,블랙,스탠다드,451.9
한빛,10,149612,전기,2143,269,14.9,0,블랙,프리미엄,2158.3
한빛,5,132022,,2275,215,17.8,0,블랙,프리미엄,5880.7
,14,264584,휘발유,2342,245,13.3,1,화이트,플러스,803.9
한빛,6,63584,휘발유,2833,329,15.8,2,실버,프리미엄,2944.3
한빛,14,241848,하이브리드,1139,100,15.7,4,블랙,스탠다드,505.5
라온,6,163050,하이브리드,1740,175,12.2,0,그외,플러스,2509.5
다온,2,25677,경유,1314,146,20.2,0,화이트,스탠다드,4599.1
한빛,10,146857,경유,2240,193,22.7,0,그외,스탠다드,1126.6
한빛,8,125776,경유,1534,179,21.6,0,그외,프리미엄,3480.8
가온,4,67840,전기,2587,284,13.9,0,실버,프리미엄,5696.1
다온,12,175264,하이브리드,1670,223,21.6,0,그외,프리미엄,1029.6
한빛,3,76799,하이브리드,980,88,17.2,0,블랙,플러스,4508.7
라온,9,90240,전기,1644,174,17.2,2,블랙,플러스,1581.2
가온,1,900,휘발유,2138,250,11.8,0,화이트,플러스,5550.5
가온,8,147829,전기,2412,135,14.1,0,실버,프리미엄,2948.1
한빛,7,126149,하이브리드,2790,222,9.3,0,실버,스탠다드,1796.1
,6,133311,휘발유,2636,238,14.5,2,실버,프리미엄,3104.7
한빛,14,254940,하이브리드,3124,414,9.8,0,블랙,프리미엄,1282.3
한빛,9,117744,경유,2591,272,11.9,0,실버,플러스,2834.8
한빛,15,225789,휘발유,2700,241,11.7,1,실버,플러스,663.6
한빛,15,298442,전기,1212,162,16.4,0,그외,플러스,791.0
라온,10,91505,경유,980,131,22.4,0,화이트,프리미엄,1801.1
다온,13,201315,하이브리드,3648,336,4.3,0,,스탠다드,753.0
다온,3,63546,경유,2539,266,13.6,0,화이트,프리미엄,6484.7
한빛,14,233040,전기,2190,253,16.5,4,블랙,스탠다드,553.2
가온,14,219735,전기,4200,430,7.3,0,블랙,프리미엄,1429.6
,11,141059,전기,2370,221,16.2,0,블랙,프리미엄,1767.2
가온,0,900,경유,1504,244,17.5,2,실버,스탠다드,6907.1
가온,11,94449,전기,3090,259,7.3,2,실버,프리미엄,1831.8
라온,11,222489,휘발유,1980,195,11.8,2,블랙,프리미엄,915.7
라온,1,54088,경유,2656,304,12.2,2,화이트,스탠다드,5560.3
한빛,7,132575,휘발유,2071,222,17.3,4,그외,,831.6
한빛,12,110516,하이브리드,3099,319,15.2,2,실버,프리미엄,1486.6
가온,10,145808,,2570,280,9.5,0,실버,프리미엄,2251.1
한빛,13,139398,경유,3397,387,7.7,3,블랙,프리미엄,1168.7
가온,3,41754,전기,2111,263,18.1,1,블랙,스탠다드,3794.2
한빛,6,177597,휘발유,3048,287,9.2,0,실버,플러스,2442.1
라온,8,182399,경유,2121,219,20.7,0,그외,,1731.1
다온,7,102458,경유,3841,414,8.7,3,그외,스탠다드,1831.8
가온,15,264171,하이브리드,2074,224,18.8,0,,스탠다드,517.5
라온,13,180757,경유,2170,153,14.2,0,블랙,프리미엄,1445.3
다온,9,95529,하이브리드,2301,200,12.3,0,블랙,프리미엄,1808.6
다온,6,132547,전기,3623,386,7.8,0,실버,프리미엄,3237.9
다온,2,42067,전기,1340,148,15.8,1,,프리미엄,5418.6
가온,15,252732,경유,3720,339,4.8,0,화이트,플러스,782.5
,7,162194,휘발유,4132,343,11.4,0,블랙,스탠다드,1415.7
한빛,6,119495,하이브리드,2443,171,18.7,0,,스탠다드,2406.6
한빛,2,48954,하이브리드,1597,125,12.1,3,그외,플러스,4252.9
다온,0,900,하이브리드,3468,389,8.6,2,블랙,프리미엄,7436.4
한빛,8,103986,경유,2699,281,14.7,2,그외,플러스,2537.4
한빛,2,52365,전기,2828,286,12.9,0,,스탠다드,4685.3
라온,0,29489,경유,2936,278,14.9,4,그외,스탠다드,5636.9
가온,6,68353,경유,2239,162,12.2,0,그외,플러스,4152.9
라온,14,222581,하이브리드,3759,381,11.8,0,화이트,플러스,734.2
한빛,13,196966,휘발유,2602,318,10.7,4,블랙,프리미엄,714.3
라온,1,4546,전기,1962,211,12.8,0,블랙,플러스,5695.0
가온,7,63573,휘발유,2616,224,10.8,0,실버,스탠다드,1880.9
라온,4,64826,휘발유,1596,181,13.7,0,실버,스탠다드,2440.7
라온,1,28916,하이브리드,1991,229,14.7,0,블랙,스탠다드,4535.4
가온,8,135573,경유,1691,117,18.5,0,실버,스탠다드,2141.7
가온,15,200472,하이브리드,4200,430,8.5,4,그외,,486.4
,0,900,전기,980,70,24.0,0,블랙,프리미엄,8948.1
가온,15,198559,하이브리드,3023,244,8.5,3,블랙,스탠다드,531.2
가온,0,43200,하이브리드,3395,339,7.6,0,,스탠다드,6223.0
라온,6,70761,경유,2805,326,18.9,3,그외,프리미엄,3955.9
라온,5,52382,하이브리드,2328,238,10.6,1,블랙,플러스,2880.2
