rain_mm_year,mean_temp,sun_hours,soil_kind,soil_ph,fertilizer,n_level,p_level,k_level,output_kg_per_ha
500,26.0,1771,사질토,7.9,칼리,49.06,36.01,29.01,1648
1914,23.4,2022,사질토,6.1,질소,68.70,11.96,24.31,2599
1774,21.3,1819,점토,5.3,질소,52.34,34.30,8.49,2226
1010,9.9,2127,사질토,7.0,복합,70.56,9.82,38.20,1851
1838,25.4,2152,사질토,6.7,복합,15.22,30.06,40.74,2392
977,12.0,2084,점토,8.1,칼리,68.29,13.73,24.67,1813
1682,12.1,1483,사질토,7.4,인산,53.66,33.51,20.45,2189
868,10.7,1717,점토,7.2,복합,25.87,17.14,46.68,1810
1073,14.3,2329,점토,6.5,칼리,84.53,6.41,44.47,1863
1536,20.2,2287,점토,6.6,인산,72.08,49.70,8.55,1942
948,18.8,2182,사질토,7.2,복합,74.32,7.38,13.10,2011
1137,16.1,2663,사질토,5.9,칼리,16.67,11.16,10.44,2055
746,26.0,1822,사질토,6.0,복합,59.79,28.23,31.85,1963
1459,26.0,1957,점토,7.3,질소,27.52,48.87,24.79,1890
1808,14.5,2156,사질토,7.7,인산,74.28,44.88,17.21,2270
1258,18.5,2445,점토,6.6,칼리,84.09,43.60,5.75,2091
518,,2398,점토,6.7,질소,85.78,9.64,7.76,1705
1518,10.0,2247,점토,6.4,인산,75.60,27.45,7.11,2005
963,12.9,1499,사질토,7.3,칼리,88.45,12.78,31.21,1782
1905,13.4,2702,점토,6.4,칼리,19.29,24.38,44.24,2580
746,18.9,1703,점토,6.3,칼리,54.05,33.39,11.19,1790
1779,15.3,1969,사질토,7.7,칼리,11.86,9.06,26.31,1971
1083,13.1,3049,사질토,6.2,질소,40.61,23.76,20.58,2419
1987,15.0,2953,양토,5.9,복합,49.94,34.39,6.66,2764
1826,9.5,2883,양토,5.7,칼리,92.25,10.01,43.22,2585
1262,13.5,2748,점토,7.0,복합,30.65,39.81,36.25,1964
592,,2323,사질토,7.8,복합,34.96,13.79,10.88,1951
1268,18.4,1944,점토,6.3,인산,10.11,12.57,21.75,1921
1025,21.0,1669,점토,5.3,인산,60.72,31.96,41.67,1702
949,16.8,2854,점토,7.1,칼리,12.01,38.33,25.02,1971
1710,26.0,1484,점토,7.8,복합,97.94,23.27,35.68,2045
1725,23.0,2394,사질토,6.0,복합,32.97,42.38,27.91,2403
1210,15.4,2649,사질토,5.4,질소,34.95,25.87,11.14,1952
1582,16.9,2463,양토,6.1,인산,81.11,45.10,24.65,2399
1454,16.8,2902,사질토,5.9,질소,67.20,21.09,18.29,2395
876,16.1,1471,양토,7.8,복합,71.54,28.50,24.26,2371
1218,25.6,2148,사질토,5.8,질소,28.23,31.77,8.15,1864
1823,12.5,2834,사질토,4.9,칼리,42.00,28.11,22.60,2543
1900,16.1,2238,사질토,6.1,칼리,26.41,36.21,20.17,2322
1797,11.8,2554,사질토,6.6,질소,61.26,10.88,20.43,2640
1388,16.4,1856,양토,7.2,복합,81.80,31.10,7.45,2506
644,14.5,2786,점토,5.8,복합,20.83,25.00,27.16,1583
550,16.7,,점토,6.1,복합,83.88,46.18,20.84,1810
830,16.7,2087,사질토,6.5,인산,66.70,34.05,45.98,1845
1191,19.9,2579,점토,6.5,인산,18.53,44.57,9.39,2121
1450,21.7,2436,사질토,6.2,칼리,20.95,14.02,32.12,2308
1201,18.2,,점토,6.7,복합,13.07,35.35,37.42,1928
810,13.9,1668,점토,6.7,질소,43.89,26.56,13.43,1802
1621,13.3,3040,사질토,6.1,인산,35.71,11.66,45.61,2590
991,17.5,3043,사질토,6.2,칼리,71.67,7.93,13.27,2189
1848,18.0,2439,점토,5.0,칼리,19.98,6.03,41.68,2264
1856,21.6,1709,양토,7.7,칼리,50.25,46.23,41.44,2376
538,23.5,2313,사질토,5.5,복합,82.95,27.51,8.92,2015
1027,13.7,2839,사질토,7.6,인산,42.26,48.69,49.84,1992
1237,12.6,1500,양토,6.0,칼리,91.70,28.88,42.53,2266
657,14.5,2289,양토,7.4,칼리,95.98,44.13,30.12,2166
1732,15.3,1545,양토,6.9,복합,18.54,40.82,9.40,2548
1260,10.5,1741,사질토,7.4,칼리,52.12,24.16,8.92,2150
1368,15.2,1653,사질토,6.6,복합,38.55,15.96,33.54,2088
638,21.7,2549,사질토,5.7,복합,38.05,20.57,14.91,1970
720,17.8,2558,양토,7.3,칼리,92.47,31.66,48.14,1883
1825,19.5,1508,사질토,6.2,복합,16.57,40.83,41.80,2486
1581,17.8,1974,양토,7.0,인산,43.61,15.08,30.32,2401
2049,22.1,2648,사질토,7.7,칼리,29.50,17.17,7.78,2662
1446,26.0,2456,사질토,7.2,질소,39.55,6.64,36.93,2379
1241,13.5,1629,사질토,6.8,복합,74.82,11.61,49.52,2303
1634,18.3,1905,사질토,7.0,질소,17.72,15.90,35.26,2230
1407,14.2,2251,사질토,6.5,복합,81.68,37.62,40.14,2484
572,,2715,양토,5.3,복합,96.40,7.65,28.83,1996
1689,26.0,2103,사질토,7.6,인산,26.38,44.51,43.12,2129
1065,20.8,1956,사질토,6.8,질소,19.46,38.88,7.30,1906
1165,23.3,2144,사질토,6.6,복합,62.67,30.33,48.89,2345
1635,17.7,2995,양토,6.9,질소,31.03,16.77,49.87,2555
705,,2758,사질토,7.5,질소,70.19,43.52,21.81,2028
1365,12.1,2280,양토,6.7,칼리,47.15,19.99,8.03,2167
1184,15.6,1906,점토,6.5,인산,19.16,19.01,23.04,1831
1832,24.3,1733,점토,5.7,복합,54.85,49.09,25.92,2297
617,16.2,2793,사질토,6.5,칼리,76.69,31.42,43.83,1671
1176,13.2,1542,양토,6.7,질소,29.87,41.43,42.15,2312
972,16.3,1529,점토,5.7,질소,19.05,23.75,40.96,1808
1001,9.5,2268,점토,6.6,질소,45.06,11.77,27.44,1799
1808,19.2,1582,양토,5.8,칼리,34.44,30.07,49.03,2648
1900,16.6,2024,사질토,6.2,복합,91.51,14.80,40.01,2362
1321,16.7,2984,사질토,4.8,질소,54.40,21.93,33.01,2256
1295,16.0,1862,사질토,4.8,칼리,48.12,33.85,35.83,2172
908,9.5,1728,양토,6.9,칼리,45.64,17.63,17.96,2003
1455,9.5,1456,점토,7.2,인산,82.70,30.48,31.44,1793
1380,18.1,2496,양토,7.7,칼리,91.17,37.23,13.96,2385
953,16.6,1898,양토,7.6,복합,39.47,46.78,11.99,2512
1082,,1837,점토,7.6,질소,27.74,10.96,42.58,2002
1065,,2955,사질토,6.8,복합,21.21,5.34,44.65,2200
883,13.4,2074,사질토,5.4,복합,42.53,6.39,15.64,1972
1716,21.1,2238,점토,6.1,질소,42.18,41.22,38.94,2085
824,21.5,2290,점토,6.4,칼리,33.88,26.14,28.24,1771
1032,17.3,2195,점토,4.8,인산,67.73,9.92,16.27,1885
1944,13.9,2517,사질토,5.5,인산,56.01,34.53,12.22,2431
1140,18.3,2686,사질토,6.1,복합,39.69,12.33,38.98,2217
1339,19.6,2996,사질토,6.5,복합,72.21,22.09,24.98,2402
611,20.1,1794,점토,6.9,질소,65.72,27.60,39.07,1454
996,21.8,1831,양토,5.5,복합,60.15,16.69,5.13,2116
2041,17.7,2190,점토,6.5,복합,29.44,46.26,19.35,2515
1955,13.3,2795,사질토,6.8,복합,81.29,22.42,30.24,2755
1972,14.1,2875,점토,6.6,인산,49.42,40.67,16.76,2205
1228,17.3,1730,사질토,7.5,복합,49.47,15.72,43.98,2146
1423,18.5,1762,양토,6.7,칼리,58.31,44.53,46.88,2134
500,21.5,2892,양토,5.1,복합,39.15,26.06,31.67,2040
810,14.4,,점토,5.0,인산,16.52,24.79,49.14,1625
768,17.8,2110,양토,7.0,복합,17.73,31.52,28.70,2161
930,20.7,1866,점토,6.9,질소,71.13,34.11,41.70,1868
1386,19.6,3018,점토,7.7,복합,37.05,44.99,25.39,2179
1365,18.3,1695,양토,6.3,복합,77.02,22.24,28.31,2221
1107,21.1,1496,양토,6.5,인산,42.96,19.68,14.52,1991
859,11.7,2323,양토,5.7,복합,95.35,9.08,23.16,2355
1085,11.7,2448,사질토,6.0,질소,49.29,33.81,16.77,2138
535,14.0,2491,점토,6.4,복합,54.84,19.94,40.81,1987
1633,19.9,2346,사질토,6.2,인산,90.50,13.43,17.03,2382
1190,26.0,1715,양토,7.6,칼리,12.64,14.72,14.72,2292
484,14.5,2047,점토,6.9,질소,64.47,10.55,9.70,1758
1516,13.7,2247,점토,7.0,인산,35.59,23.03,13.18,2093
1384,20.4,3003,양토,5.7,칼리,91.62,33.66,41.74,2310
1395,17.0,1867,사질토,7.4,질소,91.60,27.78,49.22,2287
1533,18.8,1980,양토,4.8,칼리,99.79,41.51,40.65,2177
553,16.9,2393,사질토,5.9,칼리,75.13,32.22,30.61,1915
1801,15.8,1659,양토,8.2,복합,24.57,26.59,14.38,2363
1269,20.2,2123,양토,7.0,칼리,54.28,34.86,22.74,2386
1768,16.8,1636,사질토,6.7,복합,58.93,15.12,18.06,2328
1107,19.6,1703,사질토,6.1,복합,58.47,6.35,24.11,2041
1780,24.2,2122,사질토,6.8,칼리,68.58,41.48,49.71,2488
543,19.0,2527,양토,6.2,칼리,92.88,25.24,45.26,2039
861,20.2,2370,사질토,7.9,복합,63.78,19.96,38.52,2129
1121,15.8,2872,양토,4.8,칼리,58.64,25.93,29.10,2368
690,17.3,2793,양토,5.7,칼리,26.77,46.72,44.12,2078
1609,12.9,2928,양토,5.5,칼리,87.31,25.41,20.90,2328
1784,16.9,1735,양토,5.7,복합,19.57,20.32,33.48,2209
1188,16.0,2505,점토,7.5,질소,31.23,25.41,21.09,1995
526,15.7,2761,사질토,6.2,질소,46.86,48.18,20.77,1840
513,22.5,2779,점토,6.8,복합,33.16,11.21,49.82,1833
2046,13.9,2654,양토,6.5,인산,48.32,35.99,25.72,2821
1047,12.4,2777,양토,6.4,칼리,36.38,47.82,13.83,2423
596,26.0,2482,사질토,6.0,질소,73.27,21.46,13.96,1861
1532,23.2,,점토,4.8,인산,60.50,49.94,34.33,1914
1303,18.5,1682,사질토,5.2,질소,45.31,30.28,45.60,2259
688,22.0,2091,양토,5.5,인산,85.92,28.10,44.41,1839
1933,13.4,2312,사질토,6.9,복합,84.46,29.17,29.68,2679
1744,25.4,1836,사질토,6.2,질소,40.47,45.69,10.23,2366
734,13.9,2200,사질토,6.5,복합,22.44,43.81,29.51,2022
1983,17.8,2170,양토,6.9,인산,36.57,47.15,47.59,2568
686,24.7,1817,양토,6.5,인산,35.42,47.58,28.96,1904
789,18.8,2347,양토,7.2,질소,49.06,44.08,9.61,2109
1600,21.1,2163,점토,6.6,복합,94.82,19.87,21.27,2287
1503,19.2,2155,사질토,6.9,인산,11.65,46.16,31.54,2209
1613,17.8,2305,양토,6.0,인산,94.02,41.29,20.07,2534
965,20.1,2281,점토,5.5,복합,57.39,23.25,39.91,1981
656,13.2,1502,사질토,7.5,칼리,31.05,21.36,35.00,1860
482,20.7,1809,점토,6.3,인산,13.02,8.90,40.45,1723
1417,23.1,1480,양토,7.0,복합,38.68,15.21,17.68,2263
1100,18.1,2867,사질토,6.9,질소,21.01,24.09,45.80,2037
1402,18.5,2115,양토,5.9,복합,36.92,34.26,39.56,2490
1706,16.9,2446,점토,7.0,인산,88.44,43.31,43.25,2188
1326,14.9,2992,사질토,6.4,인산,70.79,19.04,18.11,2300
1689,20.7,2659,사질토,6.9,인산,51.52,39.92,33.78,2411
1825,15.7,2540,양토,6.1,질소,68.78,5.69,9.87,2496
1002,10.9,,사질토,6.6,복합,22.27,9.78,11.84,2317
1036,13.4,2209,사질토,6.8,질소,33.45,36.15,13.43,2010
1696,,2723,사질토,6.0,질소,98.37,19.46,11.90,2401
1226,15.0,2725,점토,4.8,복합,93.80,9.57,42.64,2246
1274,16.9,1959,사질토,6.5,복합,79.47,5.39,5.10,2098
1830,20.5,1916,점토,7.6,질소,67.25,35.23,5.53,1969
629,26.0,2167,사질토,6.5,복합,65.95,13.37,17.46,1908
856,20.8,2498,양토,6.2,인산,39.23,28.24,31.29,2125
1121,23.1,2217,점토,6.8,칼리,82.54,39.85,22.47,1810
920,21.8,1946,사질토,7.7,복합,98.52,36.42,9.29,2160
1889,19.2,2459,사질토,6.5,질소,83.04,27.51,18.10,2555
1445,20.1,2973,양토,4.9,인산,16.17,48.88,5.09,2291
1256,15.8,1664,양토,7.4,질소,70.25,35.11,10.30,2047
1166,13.5,1617,점토,8.0,인산,17.63,14.40,29.55,1869
1851,17.4,1552,양토,7.5,복합,74.81,29.17,13.42,2550
1648,16.8,1607,점토,6.7,복합,61.08,46.31,6.75,2196
1635,16.6,2946,양토,6.2,칼리,24.95,36.88,10.86,2432
2022,12.6,1558,사질토,5.8,질소,45.21,31.70,14.08,2203
695,24.2,2722,사질토,4.8,질소,15.41,6.87,48.55,1872
1008,18.8,2610,양토,6.2,인산,87.11,33.94,36.02,2071
1032,13.3,2769,점토,5.8,인산,26.33,28.78,20.70,2015
946,26.0,2687,점토,6.7,복합,72.49,40.92,7.78,1922
1496,17.3,2872,양토,5.8,인산,84.97,12.74,13.66,2498
695,17.3,1585,사질토,7.9,복합,22.24,49.87,28.88,1934
1135,17.2,2746,사질토,5.4,질소,35.90,24.06,31.91,2201
1350,21.6,1613,점토,6.8,질소,43.63,11.72,14.29,1830
1095,14.0,2123,사질토,6.4,질소,74.68,35.39,49.19,2464
645,20.7,2941,양토,6.9,칼리,17.95,5.62,21.42,2148
908,12.3,1470,양토,6.2,복합,74.54,21.19,44.94,2185
976,19.1,2623,사질토,5.8,질소,76.18,19.18,28.68,2295
777,9.5,2737,점토,6.1,복합,10.96,36.05,13.67,1868
705,21.0,1954,사질토,7.5,칼리,80.54,6.98,13.61,1752
2003,26.0,1905,사질토,6.7,칼리,37.66,17.79,47.73,2184
1454,15.8,1881,점토,7.4,인산,73.89,20.36,35.95,2029
899,11.8,2184,사질토,5.9,질소,60.60,35.22,14.65,2015
1927,17.9,2550,점토,7.7,질소,72.80,29.62,28.09,2308
1605,24.9,1531,사질토,6.9,질소,15.15,16.73,14.26,2441
892,20.1,2458,점토,6.5,칼리,52.29,14.47,24.23,1742
755,19.9,2601,양토,6.6,칼리,46.85,19.19,24.33,2286
1966,18.1,1503,점토,7.3,인산,14.25,35.14,23.30,2253
508,21.3,2152,점토,8.2,질소,56.03,10.02,35.64,1564
1698,19.5,3043,점토,7.5,칼리,27.83,31.17,11.56,2429
1038,12.6,2498,사질토,6.1,칼리,34.53,17.87,38.79,2019
868,20.9,,점토,5.8,질소,83.70,26.57,30.20,1870
1693,25.0,1821,양토,6.0,칼리,32.32,39.18,6.00,2281
1554,16.1,1675,점토,6.5,복합,24.98,24.93,11.23,2224
766,16.9,2194,양토,7.4,복합,68.86,27.72,30.94,2081
914,,1563,점토,6.7,칼리,78.91,24.01,18.57,1700
1324,22.1,1537,양토,6.6,질소,81.34,46.48,45.66,2422
1947,21.6,2991,사질토,7.1,인산,41.97,15.25,45.73,2530
1220,10.7,2302,양토,5.8,질소,72.44,49.12,22.95,2197
1070,13.8,2815,사질토,5.9,복합,61.76,9.40,30.23,2125
1223,16.9,1961,사질토,6.8,복합,31.93,33.48,5.89,2306
1918,15.7,2272,점토,8.0,칼리,44.84,22.30,7.04,2360
1716,24.8,1602,양토,6.5,칼리,65.55,18.23,34.49,2536
1129,14.3,2980,사질토,7.3,복합,53.48,6.78,32.06,2309
840,13.9,2255,점토,5.9,칼리,57.20,38.23,22.02,1805
696,22.6,,사질토,6.4,질소,85.60,41.91,37.46,1955
1583,9.5,1886,점토,6.9,복합,78.31,12.47,38.24,2184
1399,19.5,2171,사질토,7.0,질소,37.31,8.59,23.02,2384
1255,23.0,1601,양토,7.0,인산,48.89,22.55,19.75,2080
1305,16.1,2274,사질토,5.2,복합,53.62,27.25,49.55,2262
969,21.3,2677,사질토,4.8,인산,20.63,33.76,39.53,1962
1149,9.5,1719,점토,7.5,복합,11.63,13.57,26.69,1716
1908,19.0,1666,양토,4.8,인산,87.12,10.82,41.60,2428
1267,18.5,2093,점토,6.7,인산,55.23,38.41,42.19,2045
734,20.8,2211,양토,6.8,복합,56.94,22.97,17.49,2112
645,21.0,2809,사질토,7.4,질소,20.73,22.67,10.36,2092
701,24.8,2183,사질토,7.1,칼리,34.45,13.66,36.87,1817
1671,21.3,2534,양토,8.2,복합,58.58,21.75,7.26,2566
1937,12.7,2434,점토,6.3,질소,22.23,27.07,10.05,2382
884,12.0,2933,점토,6.8,복합,36.08,14.79,35.48,2192
946,13.2,,점토,7.8,인산,50.01,34.64,42.36,1926
1644,14.9,1680,점토,6.7,칼리,17.07,17.95,37.65,2211
1417,,2399,사질토,8.0,질소,31.76,24.01,49.22,2311
1109,14.2,1967,양토,7.9,질소,97.71,25.33,36.89,2417
526,21.9,2584,점토,4.8,칼리,47.41,44.59,45.20,1675
1024,20.5,1737,점토,8.1,칼리,67.22,49.09,20.96,2011
1074,22.0,1839,양토,7.4,칼리,15.73,32.18,17.43,2005
1604,15.7,2732,사질토,7.4,질소,35.02,27.48,32.99,2330
587,14.9,2670,사질토,5.4,복합,49.04,42.55,42.17,2131
1811,23.8,2871,점토,6.9,복합,81.90,5.45,21.29,2419
1826,16.9,1451,양토,6.9,인산,93.38,28.52,33.88,2472
1380,19.9,1531,점토,5.9,질소,62.96,17.49,48.97,1925
819,21.8,1837,사질토,6.9,질소,62.50,26.46,24.43,1915
607,15.3,,양토,6.9,복합,24.68,35.51,20.37,2258
1373,15.1,2019,양토,7.5,복합,54.46,43.45,29.91,2296
863,21.9,1656,점토,5.5,복합,21.32,21.90,8.51,1568
1685,16.9,2890,점토,7.3,복합,43.56,36.86,17.68,2534
651,14.2,1673,점토,6.1,복합,46.66,49.01,40.11,1705
1895,10.1,2181,사질토,7.4,칼리,18.13,44.65,49.75,2533
917,22.3,2601,양토,6.6,질소,41.27,13.65,20.72,2150
1219,22.2,2760,양토,7.4,질소,73.65,45.25,18.20,2519
516,18.9,2762,점토,5.6,칼리,39.93,6.97,37.12,1520
1843,18.9,1797,양토,5.0,복합,63.07,22.16,22.51,2592
818,17.4,2862,점토,4.9,칼리,74.17,22.83,26.68,1863
1449,19.1,2256,점토,6.4,복합,25.77,9.21,22.88,2000
1884,20.1,2415,점토,4.8,인산,39.77,45.51,48.97,2226
1357,16.2,2044,사질토,7.7,질소,84.61,5.42,9.04,2206
726,25.7,2973,사질토,7.5,복합,48.17,34.34,36.81,2106
953,19.0,1532,양토,6.4,칼리,12.01,26.46,19.29,1933
842,,2706,점토,6.6,복합,45.77,19.16,46.19,2002
1975,18.8,2976,점토,5.5,인산,39.38,27.49,41.35,2171
906,20.1,2178,사질토,8.1,인산,50.47,28.58,23.78,1799
1089,14.6,2000,점토,5.4,칼리,22.49,37.35,45.49,1711
566,18.5,2868,사질토,5.2,인산,93.35,30.27,40.55,1866
669,19.5,2795,양토,5.9,복합,97.82,31.97,19.76,2039
650,19.3,2640,점토,8.2,복합,93.38,42.61,43.64,1784
1715,14.9,2112,점토,8.2,질소,51.02,49.17,43.30,2125
622,12.7,1756,양토,6.1,질소,30.65,46.73,36.02,1886
582,13.7,2850,양토,5.4,칼리,22.81,44.95,24.25,2054
1588,20.1,2904,양토,5.3,인산,74.99,25.07,30.94,2625
891,19.1,1497,사질토,6.7,복합,64.29,34.42,45.35,2199
1719,12.7,2218,점토,5.9,인산,14.46,16.38,36.18,2088
1279,15.6,1772,사질토,7.3,질소,22.63,7.29,23.87,2090
507,17.0,3015,사질토,5.9,복합,67.91,21.79,30.16,2033
1532,17.2,2780,사질토,7.9,질소,98.30,36.13,34.25,2354
1941,24.3,2727,점토,5.4,복합,81.74,36.85,5.74,2186
1332,9.5,1533,사질토,7.2,복합,60.25,30.87,45.74,1998
1090,15.9,2306,양토,6.2,질소,27.62,25.62,25.18,2209
1363,14.5,2882,사질토,5.4,칼리,10.64,34.04,35.55,2311
653,17.3,1657,점토,6.8,복합,47.71,21.10,16.47,1925
2013,23.1,2116,사질토,6.4,칼리,16.09,19.42,24.53,2187
993,15.7,1581,양토,6.9,질소,56.48,35.20,46.14,2039
1516,15.3,1903,점토,6.0,질소,50.29,16.84,44.81,2003
1525,17.3,2889,사질토,7.0,복합,44.38,21.43,18.84,2533
622,15.7,,사질토,6.9,인산,52.16,5.38,12.08,1914
695,9.5,2377,양토,7.4,복합,81.45,8.65,11.71,2219
1932,21.5,1509,사질토,6.7,인산,60.57,23.21,47.45,2202
1597,12.9,1745,양토,7.6,질소,12.64,7.77,36.14,2316
1953,22.7,1972,양토,7.2,복합,44.30,43.92,28.22,2704
767,17.6,2774,양토,5.1,인산,19.06,9.86,38.36,2200
1109,14.2,2593,점토,5.5,복합,56.34,39.39,45.80,1910
1998,23.2,1764,점토,6.5,질소,59.43,19.31,44.64,2127
1563,15.4,2098,점토,4.8,복합,88.90,26.35,47.41,2156
620,22.8,1813,점토,7.5,복합,75.80,29.25,34.03,1453
1455,19.4,2273,사질토,7.5,질소,74.00,45.01,27.00,2288
809,21.9,1529,사질토,6.4,질소,15.34,36.04,32.23,2104
1723,19.1,1464,사질토,6.0,질소,35.06,38.76,34.62,2229
521,21.1,2805,양토,7.3,복합,74.09,10.77,8.05,2139
1439,15.1,2083,점토,6.0,질소,12.84,32.35,34.82,1983
1602,21.0,2376,사질토,6.8,인산,88.47,19.19,38.90,2209
1994,25.4,2303,점토,6.9,칼리,11.31,12.83,39.91,2089
1032,25.8,2643,사질토,6.5,칼리,42.89,28.44,45.24,2049
2004,17.7,1532,사질토,5.4,질소,68.54,20.06,17.78,2482
1077,18.1,2481,점토,4.8,질소,65.52,18.96,35.52,1943
507,19.5,2335,점토,6.4,질소,42.57,16.38,46.12,1691
1443,16.6,1922,양토,6.5,칼리,11.23,48.89,37.81,2443
1942,15.6,2530,사질토,5.5,질소,45.67,16.01,49.09,2448
1039,18.0,2403,양토,7.7,질소,12.00,21.90,43.80,2111
1189,15.8,1706,점토,6.6,복합,78.33,8.96,38.71,1929
652,13.6,2274,양토,6.4,질소,41.07,10.30,12.40,2064
1886,26.0,2114,점토,7.1,인산,71.91,36.83,46.24,2232
1997,12.6,1916,점토,6.1,인산,11.38,38.25,21.66,2187
1859,20.9,2073,사질토,5.9,복합,90.25,29.21,15.82,2560
721,23.7,2209,사질토,6.3,칼리,36.77,23.34,23.55,1897
1358,12.4,2208,점토,6.8,인산,50.52,12.04,43.59,1991
1034,18.0,1680,사질토,6.4,인산,25.38,40.58,5.42,1898
1023,20.4,2747,사질토,6.6,칼리,84.03,49.21,9.25,2127
539,22.4,2324,양토,8.1,인산,44.84,37.38,31.41,1640
1759,13.6,2858,점토,7.9,복합,20.52,38.80,9.11,2119
1204,26.0,2650,양토,6.0,질소,61.40,13.93,49.41,2407
738,17.8,2204,점토,4.9,복합,34.04,20.87,20.05,1799
1825,14.5,2053,사질토,5.4,인산,94.65,17.81,44.44,2407
1054,26.0,,사질토,5.4,질소,49.60,47.78,35.39,2147
1440,11.8,1749,점토,7.7,복합,14.11,22.45,26.85,2095
1764,21.9,2399,사질토,6.9,복합,56.79,10.91,15.20,2460
1526,20.0,2398,양토,5.5,인산,85.10,13.41,25.47,2464
1758,16.6,2772,사질토,7.4,인산,10.20,40.01,14.29,2378
1225,26.0,2087,점토,6.5,복합,93.96,19.45,18.45,2153
999,14.0,1876,사질토,5.7,복합,65.85,22.69,18.84,2142
646,13.3,2887,점토,6.4,칼리,72.98,24.32,9.72,1696
745,17.2,2570,사질토,7.0,질소,33.42,7.81,36.39,1883
1104,22.5,2591,사질토,5.7,복합,38.00,48.95,12.48,2211
1185,17.0,1958,양토,6.5,복합,63.16,47.94,34.91,2339
1953,11.9,2242,사질토,7.1,인산,56.13,9.40,24.87,2227
968,14.9,1931,양토,7.3,인산,97.30,19.25,13.55,1885
794,13.6,2130,점토,5.5,질소,82.40,32.43,9.12,1791
721,19.5,1599,사질토,5.5,복합,20.23,13.00,41.60,1840
1323,15.9,2330,양토,5.6,인산,49.25,37.79,20.84,2338
1159,16.2,1732,점토,5.1,질소,25.52,14.60,10.30,1985
828,14.9,2645,양토,7.3,질소,25.73,26.84,23.54,2338
1609,12.3,,양토,4.9,칼리,59.92,48.29,45.48,2707
1825,17.3,3025,사질토,7.5,복합,98.81,10.44,14.01,2543
1723,16.1,2971,양토,6.3,질소,24.65,27.00,5.36,2710
1312,12.4,2812,점토,6.6,질소,22.01,42.83,23.40,1994
666,15.2,1682,양토,7.6,질소,89.35,47.85,38.63,1818
1212,10.7,1917,사질토,7.0,복합,39.64,16.38,22.91,2097
1087,20.6,2405,사질토,6.7,인산,22.12,10.18,16.60,2171
1385,18.8,2005,점토,6.3,칼리,20.17,24.62,46.55,1960
1100,19.8,1515,사질토,7.1,인산,72.49,34.86,14.26,1723
1629,20.8,2445,점토,6.2,인산,51.86,26.71,34.45,2100
689,23.6,2430,양토,6.2,칼리,52.39,6.04,13.29,2027
911,15.1,2410,점토,5.5,복합,92.16,23.50,31.87,1837
1525,17.9,2962,점토,4.9,질소,15.25,14.49,28.28,2208
1624,11.9,1812,점토,6.5,칼리,41.43,17.36,20.87,2045
1323,14.4,1502,점토,7.4,복합,81.10,10.08,31.76,1905
1439,10.1,2879,사질토,7.2,복합,79.08,11.45,26.86,2460
1631,17.3,2901,점토,5.4,복합,48.90,11.80,7.19,2098
1198,17.3,,양토,6.5,인산,50.02,14.31,37.84,2345
571,13.2,2122,점토,8.2,인산,78.56,10.19,18.80,1683
1666,12.6,2622,양토,5.4,질소,75.87,20.16,7.30,2497
827,13.8,2166,사질토,7.5,인산,47.93,21.67,10.31,1853
1979,20.3,1882,사질토,5.5,칼리,61.28,38.77,49.22,2433
1694,13.6,2951,점토,7.6,인산,97.79,41.42,42.32,2110
2043,10.6,1924,사질토,5.4,인산,46.26,11.49,21.53,2561
1402,19.2,1607,양토,6.9,칼리,91.73,26.85,18.91,2071
1829,13.3,1824,사질토,7.3,질소,81.96,32.09,26.34,2112
1176,16.0,1480,양토,8.2,칼리,13.76,12.48,40.62,2199
1706,15.9,1582,양토,7.0,인산,41.70,5.00,42.73,2351
1347,18.9,2707,양토,6.9,칼리,23.93,44.44,9.94,2594
1365,19.6,2702,점토,5.9,칼리,66.88,43.20,19.57,2096
1944,21.4,2106,점토,6.0,인산,61.07,35.52,10.67,2283
762,17.4,1959,사질토,7.7,복합,73.46,25.95,13.05,1901
1295,26.0,2287,사질토,5.4,칼리,85.52,27.36,49.43,2410
883,18.2,1466,사질토,6.2,복합,53.68,11.71,28.80,1946
1937,15.2,2742,사질토,7.3,질소,67.38,38.35,13.50,2673
1905,24.2,2468,점토,7.9,칼리,26.89,36.40,8.05,2160
1612,,2179,양토,6.9,인산,37.73,27.00,30.45,2260
1964,18.5,,점토,8.2,인산,18.96,38.55,30.23,2470
1342,26.0,2262,사질토,5.4,인산,15.11,47.13,9.81,2051
1651,15.3,1452,점토,6.6,복합,34.89,47.84,27.48,2087
972,20.4,2476,점토,7.4,질소,30.85,9.32,39.59,1841
495,18.5,2615,사질토,6.8,인산,21.17,31.87,12.70,1922
1917,15.5,2145,양토,6.7,인산,42.23,42.62,14.63,2819
1892,12.8,2865,양토,7.5,질소,73.55,28.00,29.94,2753
689,14.3,2830,사질토,5.9,복합,98.59,34.13,30.24,2079
1618,23.2,2985,점토,5.7,인산,76.03,49.56,34.22,2300
551,14.1,2317,사질토,6.2,질소,11.98,9.59,18.37,1791
1103,14.3,3032,사질토,6.5,칼리,80.41,24.10,36.56,2253
1250,,2388,사질토,7.3,복합,90.59,35.40,46.92,2241
792,11.4,2111,사질토,6.9,인산,34.45,29.21,8.58,1886
1989,13.6,2038,양토,5.8,칼리,30.39,17.39,33.28,2646
1923,23.3,2007,양토,6.6,인산,88.90,46.14,39.64,2453
1185,,2593,양토,6.5,칼리,26.88,5.55,22.04,2561
916,19.4,2640,점토,6.8,칼리,12.45,21.04,45.25,2024
1218,22.2,2917,양토,6.1,인산,62.08,5.06,43.38,2394
628,19.7,3038,양토,8.0,칼리,29.97,20.53,30.41,2297
792,19.6,2681,사질토,6.3,질소,99.08,10.82,19.33,2040
665,15.7,2892,사질토,7.1,칼리,87.02,39.80,15.49,1748
1351,,1592,사질토,7.0,인산,56.74,14.47,43.92,1907
1033,25.8,,사질토,7.1,칼리,78.42,45.59,5.86,2118
1488,19.2,1907,점토,6.6,칼리,30.79,32.17,27.21,2018
1981,24.3,2929,사질토,4.9,칼리,41.68,11.99,14.36,2655
1447,,1648,사질토,7.4,질소,60.14,28.39,47.42,2246
1800,23.6,2442,사질토,6.7,인산,40.35,5.14,6.33,2338
1345,14.1,1858,점토,6.1,복합,60.16,35.03,40.53,1831
1392,15.0,1535,점토,6.6,인산,37.06,6.53,21.57,1804
1993,26.0,2973,사질토,7.0,칼리,80.73,18.15,37.37,2529
494,16.2,1869,양토,6.6,질소,70.66,24.89,33.23,2006
1836,18.1,2768,사질토,6.8,칼리,22.55,42.13,35.34,2605
1775,18.7,1794,양토,6.3,질소,65.49,14.55,37.01,2423
794,17.4,2275,사질토,5.3,칼리,39.48,18.23,48.66,1944
670,18.9,1494,양토,5.4,인산,11.03,18.66,49.32,1566
1721,23.5,2336,사질토,6.5,질소,95.93,24.25,20.89,2430
1156,20.9,1875,양토,4.8,복합,75.03,16.76,26.26,2369
1511,26.0,1617,사질토,5.1,복합,17.42,21.08,7.12,2196
1252,13.6,2722,양토,7.4,복합,73.55,33.92,42.54,2804
942,19.3,1714,점토,6.5,복합,69.43,30.95,22.23,1590
1599,22.5,2199,사질토,6.3,복합,88.59,37.18,5.60,2434
640,20.0,2971,사질토,7.3,인산,63.04,6.17,5.37,2010
2039,21.9,2569,점토,5.9,칼리,55.45,13.00,17.41,2298
1679,17.9,2528,양토,5.5,인산,34.13,8.46,42.35,2595
1321,25.2,2913,양토,6.5,질소,17.95,37.03,23.74,2617
1335,13.9,1468,양토,6.8,질소,77.12,7.46,20.44,2148
1467,9.5,2061,양토,6.3,질소,93.65,10.85,13.15,2396
834,18.7,2066,사질토,7.5,칼리,40.02,43.42,36.59,1843
768,24.9,1932,사질토,6.8,인산,79.14,25.89,22.09,1827
1190,,2601,양토,5.5,질소,31.15,8.24,11.02,2307
1576,13.8,1873,양토,7.1,복합,80.59,14.70,6.92,2383
1608,20.2,2342,사질토,7.4,질소,22.28,34.76,17.40,2555
641,22.4,2590,점토,5.8,복합,36.11,23.46,39.04,1745
1686,16.7,2145,사질토,6.4,질소,20.78,34.08,37.53,2372
1899,23.5,1932,양토,5.6,질소,42.82,36.19,31.19,2704
1606,15.4,1694,사질토,5.4,인산,46.28,15.91,41.13,2054
675,17.9,1721,사질토,6.4,복합,13.54,46.50,14.99,2016
618,20.7,1928,점토,7.1,인산,80.40,5.80,47.45,1748
1420,,2977,양토,6.7,인산,73.13,29.23,37.03,2386
1710,24.2,1628,점토,5.4,질소,70.33,7.11,5.53,1999
1405,,2341,점토,5.4,인산,82.54,8.15,18.61,1996
2030,,3002,점토,7.5,질소,48.13,27.65,25.64,2456
1637,13.0,2570,양토,7.2,칼리,86.26,17.95,6.40,2428
923,11.6,1530,점토,5.3,질소,70.28,17.44,40.46,1467
1751,21.9,1932,점토,7.2,복합,59.15,38.44,9.17,2213
1456,23.9,2452,점토,5.8,질소,74.75,34.02,37.91,2191
1496,15.0,2189,점토,6.8,복합,79.66,18.45,49.28,2170
732,21.4,2812,점토,6.0,칼리,50.31,7.40,5.56,1780
1735,16.2,2173,사질토,6.5,복합,65.39,5.42,32.85,2524
1569,13.7,2801,사질토,6.2,칼리,12.42,9.13,24.55,2454
755,15.8,1876,사질토,5.9,복합,52.67,42.46,23.40,1991
942,23.4,2777,점토,6.2,칼리,73.35,47.18,35.00,1713
1521,17.2,2648,점토,5.6,인산,87.10,35.28,47.94,2042
860,12.1,,양토,4.8,질소,90.26,42.14,46.48,2137
728,12.0,2317,사질토,7.5,칼리,90.25,18.17,27.88,1818
906,19.5,2418,양토,6.6,복합,83.38,32.32,11.63,2204
1600,14.8,1895,양토,5.8,인산,23.34,41.19,32.51,2287
1809,18.2,2947,사질토,6.6,질소,56.46,18.42,11.58,2563
1747,16.1,,사질토,5.4,질소,98.82,11.93,23.24,2369
1593,26.0,2386,점토,5.0,칼리,12.54,15.71,14.34,2108
1840,17.8,2858,양토,6.0,복합,85.26,37.95,10.95,3067
1487,18.8,1767,양토,6.8,인산,17.39,15.24,38.32,2351
1836,25.6,2945,점토,4.8,칼리,50.72,29.48,28.45,2255
703,14.5,2431,양토,8.2,복합,86.83,21.94,16.09,2137
840,15.0,2736,양토,6.2,인산,48.35,14.38,34.43,2339
1445,10.0,2808,사질토,6.1,질소,23.22,10.68,14.60,2361
574,17.7,2533,사질토,6.4,복합,41.32,17.91,38.47,2038
1769,20.1,2280,점토,6.4,복합,57.76,19.66,8.75,2311
1610,18.7,3037,점토,5.5,질소,42.09,20.24,37.28,2305
658,18.8,2632,양토,5.6,칼리,79.54,36.82,44.02,2144
1169,16.6,2079,양토,5.9,복합,16.22,28.40,42.11,2402
1543,12.7,1893,점토,5.5,복합,87.14,32.18,35.64,2351
1294,19.9,1925,사질토,6.6,복합,30.45,45.19,5.17,2146
1924,26.0,2945,사질토,5.3,질소,20.15,5.06,30.60,2414
604,26.0,2386,점토,5.8,인산,89.75,40.98,32.54,1620
1641,15.6,1753,점토,7.7,인산,83.02,9.16,13.28,1904
652,23.8,2983,점토,7.0,인산,82.73,18.90,46.91,1679
828,9.5,2868,점토,5.6,칼리,25.11,45.64,36.04,1904
810,14.5,1479,점토,6.2,인산,69.77,5.80,26.56,1521
864,17.8,2690,점토,6.3,칼리,29.65,11.98,29.67,1871
734,18.9,2509,사질토,6.1,칼리,33.14,18.39,23.28,2024
493,24.0,1897,양토,5.8,복합,15.47,23.64,8.57,2211
2025,15.1,1798,양토,6.7,복합,80.87,33.42,7.70,2691
714,14.7,1851,양토,6.6,칼리,72.53,5.53,16.00,1934
1294,26.0,1670,점토,7.2,질소,60.94,8.72,34.68,2031
933,18.3,1918,사질토,6.4,복합,45.29,11.68,39.58,1864
1273,15.7,2408,사질토,6.5,질소,99.79,22.68,17.04,2341
1523,11.6,1891,점토,5.7,질소,65.38,41.29,12.69,1848
1384,15.6,,점토,5.7,복합,14.23,22.42,26.27,2117
1274,16.1,1558,점토,5.3,칼리,92.75,39.41,39.47,1710
1272,11.6,1640,점토,6.4,복합,75.18,24.07,34.95,1969
1282,20.5,2999,점토,5.2,질소,64.78,40.14,13.67,2026
1502,12.4,2172,양토,6.4,질소,16.38,22.46,30.56,2395
1355,16.1,2109,사질토,7.6,칼리,94.57,45.99,20.24,2130
1797,16.5,,사질토,5.2,복합,39.73,14.25,10.99,2510
1367,18.2,2573,사질토,6.1,칼리,27.59,27.69,5.16,2314
1830,21.3,1777,사질토,5.5,질소,76.39,22.06,10.09,2319
986,11.7,2036,점토,6.8,인산,16.37,38.49,34.53,1820
669,23.4,1520,양토,7.3,질소,86.26,12.64,32.89,2098
1726,20.8,2828,점토,6.5,질소,14.17,15.95,39.35,2026
1798,14.0,2671,사질토,6.4,인산,60.56,48.22,37.76,2458
481,19.3,2433,사질토,6.8,칼리,47.25,34.83,22.51,1916
1434,10.6,1984,양토,4.9,복합,91.02,26.47,40.79,2446
1736,16.2,2202,점토,7.4,인산,62.98,33.19,39.85,2205
904,22.8,1634,양토,4.8,칼리,98.19,14.41,42.95,2196
766,20.6,2880,양토,6.4,질소,98.23,9.87,27.05,2494
1495,26.0,2664,사질토,7.2,인산,45.44,25.85,7.07,2387
1227,14.6,3005,양토,6.9,인산,74.72,32.29,5.64,2236
798,20.6,2635,사질토,6.4,인산,68.53,30.66,11.98,1903
537,15.6,2427,사질토,6.3,칼리,93.50,15.21,42.99,1861
711,24.2,2931,양토,7.2,복합,48.35,31.62,6.86,2100
970,14.4,2465,사질토,7.0,복합,12.48,14.82,46.70,2379
1643,21.1,3001,사질토,5.6,인산,97.90,30.65,45.23,2374
1509,20.1,3049,사질토,5.7,인산,89.03,21.43,43.63,2290
1437,21.8,1700,점토,6.8,칼리,68.29,27.88,29.70,2146
1957,12.6,2114,양토,6.4,인산,51.35,40.97,44.82,2573
1429,15.2,3035,점토,6.6,칼리,28.76,48.41,17.03,2167
1613,22.3,2481,점토,7.2,인산,89.04,19.01,7.94,2100
699,20.4,1580,양토,5.6,인산,81.22,13.05,29.49,1949
615,17.7,2207,양토,6.9,복합,41.99,47.81,19.24,2125
1122,13.2,2519,양토,5.3,칼리,98.44,33.51,14.95,1979
722,21.9,2896,사질토,4.9,칼리,57.95,35.54,11.74,1894
951,20.5,2899,양토,6.6,인산,69.02,9.65,16.14,2174
1423,19.3,2781,점토,7.1,칼리,32.39,15.83,44.21,2118
1507,20.9,1647,점토,6.5,인산,54.81,11.28,31.90,1998
1047,14.7,1774,점토,6.6,복합,12.22,23.28,37.08,1859
1564,16.5,1642,사질토,8.0,칼리,92.54,20.21,20.57,2114
1520,11.0,2601,사질토,6.5,복합,33.22,15.13,41.22,2531
621,14.9,2842,양토,6.0,복합,28.22,31.95,5.60,2025
1059,14.7,2285,사질토,7.2,복합,58.30,38.06,24.63,2138
1366,19.3,1668,양토,7.3,복합,89.64,43.91,30.85,2398
1899,21.2,2567,양토,6.9,인산,94.25,48.49,47.43,2457
481,19.2,2504,점토,5.3,복합,84.22,12.92,15.91,1708
1524,23.0,1707,양토,5.2,인산,62.91,9.07,19.36,2422
1579,12.1,2351,점토,7.4,칼리,31.84,12.62,35.97,2251
944,10.1,2065,점토,6.7,질소,21.08,16.75,5.27,1981
1768,,2433,양토,7.5,복합,79.93,48.85,49.92,2651
1028,15.3,2709,양토,7.0,복합,14.45,16.18,7.53,2106
908,17.2,1461,양토,6.1,질소,35.80,5.20,11.55,2041
1428,9.7,1876,양토,7.8,인산,35.68,10.58,46.51,2166
1206,17.8,2944,양토,6.7,칼리,37.82,42.03,21.94,2505
1662,15.1,2829,양토,5.8,인산,61.66,12.60,5.30,2575
2042,20.0,1843,사질토,7.7,복합,22.23,34.83,16.15,2601
1735,21.0,3041,점토,6.4,복합,81.41,13.41,38.50,2528
987,12.2,1804,점토,6.6,인산,40.89,27.01,18.54,1560
1677,14.9,2655,양토,5.9,인산,97.10,21.38,27.37,2742
1743,12.6,1572,점토,5.9,인산,23.94,34.83,6.58,2086
657,14.5,2291,점토,6.7,질소,79.51,9.03,7.67,1802
1834,12.8,2957,사질토,7.1,복합,29.51,7.71,23.05,2617
851,20.1,1637,사질토,6.5,질소,27.85,39.48,29.69,2023
1826,12.5,2751,사질토,6.2,칼리,40.87,6.45,14.15,2256
572,16.3,1804,사질토,7.6,칼리,19.67,46.13,40.92,1619
1294,18.9,2025,양토,5.3,질소,70.82,45.75,16.41,2337
1329,14.1,2042,양토,7.1,질소,11.36,38.32,36.08,2349
680,24.8,2584,점토,6.8,복합,91.54,18.78,30.31,1875
1000,19.5,2781,점토,7.8,질소,52.96,35.94,20.97,1994
1334,12.6,2631,양토,7.0,인산,50.13,40.05,30.75,2249
1785,19.4,2465,점토,6.8,복합,24.93,17.32,9.89,2280
1700,16.9,2705,양토,6.7,복합,72.08,8.28,43.65,2907
1703,23.3,2346,양토,6.1,복합,93.56,20.77,49.78,2692
1428,12.1,2638,양토,7.2,질소,86.81,34.15,11.64,2421
1952,20.4,2295,사질토,6.0,복합,93.71,17.04,6.73,2834
1473,20.8,2379,양토,6.9,인산,61.41,23.63,14.55,2055
1739,19.3,1668,양토,6.0,복합,84.08,22.86,27.70,2433
1569,18.2,,양토,7.0,인산,50.88,29.07,27.78,2389
1306,26.0,1565,양토,7.2,칼리,44.69,17.28,15.38,2100
1605,22.1,1819,점토,7.3,복합,69.45,37.44,47.80,1868
974,19.2,1559,사질토,6.9,질소,34.58,31.12,49.18,2106
2043,17.5,,점토,6.4,인산,10.49,14.43,32.94,2435
596,12.3,3047,점토,7.9,복합,30.05,24.25,48.25,1817
1906,18.8,1515,양토,5.7,질소,14.99,35.38,40.40,2393
1748,9.5,3021,사질토,5.8,복합,27.12,12.18,17.73,2777
1659,19.6,2302,양토,6.0,인산,19.90,17.29,48.86,2388
990,23.2,,양토,5.4,질소,15.64,40.11,10.90,2118
487,21.1,1508,사질토,6.7,칼리,31.75,43.17,10.21,1748
1101,22.4,1651,점토,6.0,복합,74.60,29.97,43.90,1745
2023,11.4,1901,점토,5.9,복합,90.72,35.34,47.25,2425
1890,11.3,2276,양토,5.1,질소,36.53,17.35,12.78,2561
1564,14.9,2056,사질토,5.2,질소,13.66,7.06,31.50,2175
1277,17.6,2940,점토,7.5,칼리,25.47,30.62,37.64,2173
917,13.6,1464,점토,7.0,칼리,24.99,46.36,29.43,1676
532,17.9,2060,사질토,5.7,복합,38.70,8.47,20.75,1870
1053,12.1,1691,사질토,7.7,질소,81.34,7.57,23.45,1982
1151,14.1,1934,사질토,6.1,복합,48.11,5.00,46.49,2209
1069,16.9,2508,양토,6.4,복합,72.30,45.44,22.81,2266
983,,2136,점토,5.8,인산,10.69,16.20,37.69,1647
631,20.5,1582,양토,5.3,복합,77.22,44.04,12.02,2048
1092,18.1,1890,양토,6.1,질소,56.33,36.60,32.02,2460
534,17.4,1744,점토,8.2,칼리,64.98,36.23,37.96,1657
2001,16.9,2831,사질토,6.2,인산,22.32,25.42,40.77,2588
1693,13.3,1761,점토,7.2,칼리,95.04,17.06,21.23,2013
1705,11.9,1717,양토,6.3,칼리,42.97,24.24,14.24,2246
1891,15.0,2242,사질토,6.1,칼리,78.76,21.42,40.58,2313
1600,15.9,1753,양토,7.5,칼리,39.95,5.73,6.56,2358
1751,16.7,1734,점토,6.5,칼리,48.02,48.73,47.15,2144
2031,21.2,1538,점토,7.5,칼리,63.73,48.79,15.19,2095
1973,17.1,2049,점토,6.1,질소,95.19,21.92,25.50,2298
1147,14.9,3049,양토,6.2,질소,51.16,20.37,6.24,2449
784,22.0,1565,사질토,7.7,복합,79.09,40.99,20.49,1896
1045,16.7,2305,점토,6.3,인산,84.70,11.48,29.02,1835
1979,17.5,2685,점토,7.3,칼리,44.70,30.88,39.81,2408
1217,22.9,1590,사질토,4.9,인산,35.54,48.04,9.83,2007
1311,14.1,2218,양토,6.5,복합,37.98,30.02,18.75,2437
1431,18.5,3045,점토,7.6,복합,89.01,15.53,9.48,2179
1789,9.5,1862,점토,5.9,인산,82.00,30.11,39.82,2035
1793,21.4,2367,점토,7.8,복합,66.75,33.06,8.10,2342
1061,20.3,1933,사질토,5.4,질소,15.45,11.24,40.11,1876
1455,13.9,1944,점토,6.1,인산,62.50,17.35,38.13,1922
523,18.5,2841,사질토,6.8,질소,49.96,43.29,48.40,2103
1170,10.2,2401,점토,8.2,복합,79.98,26.15,13.41,2116
2031,20.0,,점토,6.3,칼리,27.29,16.50,9.51,2416
1813,20.3,2593,점토,6.9,복합,33.81,7.41,14.12,2231
1976,26.0,2588,양토,6.5,칼리,92.50,5.82,45.13,2865
984,13.4,2620,양토,5.2,질소,37.09,30.29,5.35,2240
1127,14.3,1907,사질토,5.7,인산,18.21,16.74,17.77,1853
834,11.0,2007,사질토,7.8,인산,52.48,18.25,29.05,1851
1797,18.3,2730,양토,6.0,복합,71.03,17.49,12.61,2798
1135,20.7,3034,사질토,7.3,칼리,51.95,11.17,48.23,2264
1418,11.6,2591,사질토,7.2,인산,10.48,34.65,6.18,2021
1848,18.0,2074,양토,6.6,칼리,41.21,23.08,14.45,2351
1813,14.9,2091,양토,6.1,칼리,68.93,34.55,48.46,2591
1109,19.6,1910,점토,5.6,인산,67.37,27.83,26.12,1882
1594,16.3,1665,사질토,5.8,복합,98.02,18.79,11.78,2269
1784,14.0,2476,점토,5.4,복합,86.68,23.61,17.69,2235
1463,21.2,2102,사질토,7.7,칼리,13.33,31.60,42.69,2178
1676,21.1,2236,점토,7.6,칼리,86.87,34.71,6.16,2069
1471,16.6,2297,사질토,7.1,질소,67.71,15.00,32.52,2404
1489,19.6,2099,사질토,6.5,인산,79.07,9.55,38.37,2176
1203,19.3,2160,점토,7.3,칼리,52.31,46.71,27.29,1730
779,22.2,2804,양토,5.3,복합,94.99,29.78,19.31,2317
1194,16.2,2312,사질토,6.5,복합,64.20,44.98,21.27,2329
1628,10.3,2632,사질토,6.1,인산,69.23,14.43,29.00,2402
908,18.0,1773,양토,7.8,복합,71.48,15.57,5.93,1992
924,12.0,1971,양토,5.9,칼리,31.15,48.67,29.55,1958
943,16.4,2216,사질토,6.6,인산,61.42,46.45,38.42,1864
1458,25.0,2907,사질토,6.2,복합,35.00,49.36,6.72,2329
1751,16.6,2655,양토,4.9,칼리,23.00,40.09,17.55,2580
1029,9.6,,양토,6.4,칼리,80.92,38.79,21.68,2205
1597,19.3,2855,사질토,6.1,질소,58.73,49.70,41.38,2177
1983,14.9,2155,양토,6.5,질소,40.67,9.83,6.74,2596
666,9.5,2173,사질토,6.6,복합,34.22,16.66,31.21,1870
805,21.7,,점토,6.5,복합,71.02,19.92,14.66,2135
714,22.3,1832,점토,6.4,인산,62.93,6.35,15.19,1630
1546,25.6,2775,양토,7.5,인산,95.93,9.42,18.63,2387
2037,15.9,2287,점토,6.1,인산,75.41,29.98,5.06,2186
1937,16.1,1677,사질토,6.4,인산,25.72,30.49,32.18,2426
533,16.1,,양토,6.2,인산,18.25,9.55,49.30,2064
1690,17.2,1903,양토,5.3,칼리,46.58,33.86,10.05,2384
895,14.2,,사질토,5.1,질소,13.63,8.52,18.46,2192
1581,12.4,1766,점토,5.5,인산,46.23,14.53,34.26,2153
1557,24.6,2702,사질토,6.9,질소,61.78,6.27,23.74,2288
923,15.4,1857,사질토,6.8,인산,39.00,36.82,45.15,1949
1479,18.6,2353,점토,7.0,칼리,80.24,49.49,8.96,2085
743,17.9,2635,점토,5.3,복합,12.47,7.29,28.00,1690
1829,22.0,2794,사질토,5.4,인산,70.06,47.86,26.21,2289
1170,9.5,2522,양토,7.1,인산,53.36,31.45,39.14,2318
1037,21.6,2938,점토,7.5,복합,17.30,32.77,27.21,2327
1797,12.9,1464,사질토,7.5,칼리,10.57,16.51,18.40,2292
1632,23.7,3045,양토,6.8,인산,39.04,25.85,47.89,2489
529,13.6,2267,점토,7.1,질소,97.17,21.83,47.07,1647
1828,17.3,2608,점토,7.0,복합,65.67,5.64,29.16,2390
1281,20.1,1904,양토,6.8,칼리,87.34,13.23,41.18,2251
509,14.4,2617,사질토,6.4,칼리,86.50,47.97,39.24,1952
1412,16.1,2359,양토,5.9,칼리,56.01,30.25,39.09,2202
857,18.2,1555,점토,5.9,복합,66.98,44.84,6.72,1835
1378,24.2,1876,사질토,7.7,인산,26.07,23.37,27.09,2176
846,20.9,1528,양토,7.1,복합,44.78,7.44,19.09,2064
1184,10.0,2553,점토,6.9,복합,70.21,30.90,12.87,2135
1944,23.7,2593,양토,7.2,복합,55.43,33.76,30.62,2636
954,22.0,2377,점토,6.7,질소,96.55,42.79,42.03,1740
1672,18.3,1924,사질토,6.0,칼리,11.54,5.21,45.91,2395
1367,21.4,2158,점토,4.9,칼리,12.27,32.20,22.55,1782
656,23.4,1958,사질토,7.9,질소,65.80,7.26,6.11,1852
504,19.4,2501,점토,6.8,복합,55.74,25.55,8.81,1748
506,23.1,2406,사질토,7.7,복합,86.20,20.03,7.05,1935
548,14.7,1979,점토,6.6,질소,14.09,29.67,43.09,1786
1740,24.6,2170,사질토,7.4,인산,85.90,35.88,38.92,2256
1623,19.2,2063,양토,7.5,칼리,12.41,6.33,5.44,2289
516,15.7,2916,점토,6.0,칼리,98.99,42.69,27.50,1722
1087,15.8,2157,양토,5.8,복합,64.74,36.79,44.04,2258
1800,23.3,2461,점토,7.2,인산,76.09,9.74,7.58,2159
1742,26.0,1823,사질토,6.5,칼리,34.08,35.41,31.50,2383
1300,17.4,3019,양토,6.8,인산,96.69,8.87,24.83,2443
1765,14.6,2234,사질토,7.3,복합,76.89,24.41,10.50,2536
1668,,2720,사질토,5.6,칼리,15.85,30.28,11.67,2243
1449,19.0,2612,사질토,5.7,복합,27.40,23.06,20.83,2508
1193,15.0,2374,점토,6.7,인산,70.73,29.82,36.61,1818
1001,19.8,2085,사질토,5.1,칼리,28.88,37.66,35.03,1970
1117,11.3,1494,점토,7.8,복합,68.95,19.45,43.16,1774
1080,20.3,2435,사질토,6.8,복합,92.33,11.00,25.06,2133
1542,22.9,2419,점토,6.6,인산,22.28,17.38,48.52,2086
1289,21.9,2659,점토,6.4,칼리,17.19,49.88,33.39,2141
1640,15.4,2760,점토,5.3,인산,52.08,34.38,16.88,2037
1090,18.0,2529,점토,6.4,복합,50.90,48.37,17.61,1989
1951,12.0,2188,양토,6.2,복합,80.62,47.61,7.43,2623
1801,17.5,2588,사질토,7.3,복합,10.44,18.14,7.91,2455
1595,16.8,2716,점토,7.7,인산,53.69,16.26,36.25,1921
1023,19.0,2847,양토,6.7,인산,50.93,47.29,7.12,2225
1581,,2454,양토,6.6,복합,34.27,32.85,25.85,2511
1033,24.9,1582,사질토,5.9,인산,28.63,20.80,35.96,1736
647,17.1,2272,양토,6.8,복합,97.09,13.82,48.46,1932
1272,14.8,2158,점토,7.2,인산,22.00,10.50,39.68,2006
1981,12.5,2972,사질토,7.0,인산,23.00,33.00,8.31,2742
1495,16.8,2026,양토,6.7,복합,22.33,5.18,23.24,2583
1726,19.1,1893,점토,7.0,인산,98.15,49.74,13.68,2095
1053,15.3,2557,사질토,6.6,질소,61.24,24.73,48.29,2161
608,18.2,2382,점토,6.7,복합,99.37,22.31,21.56,1918
1046,22.6,1709,점토,6.7,인산,84.12,24.80,32.30,1717
634,25.3,2925,사질토,6.5,질소,85.38,36.13,18.88,2138
524,9.5,2175,사질토,7.0,칼리,30.63,48.25,23.59,1876
1653,24.7,2729,점토,7.7,질소,80.85,39.65,28.66,2383
1918,26.0,1915,점토,6.3,질소,94.82,34.00,23.01,2445
899,15.7,1944,사질토,7.3,질소,56.29,39.47,48.38,1817
484,19.5,,양토,4.8,복합,40.09,14.45,26.36,2096
1704,14.1,2626,사질토,7.6,질소,24.59,29.24,39.89,2312
1157,14.3,2437,사질토,4.8,칼리,85.35,12.05,22.65,2078
1846,20.2,1503,점토,6.7,복합,32.09,49.17,22.41,2297
1530,23.7,2708,사질토,5.5,칼리,27.57,45.32,46.70,2377
773,16.1,1612,양토,6.6,칼리,48.18,25.10,25.19,1836
1668,10.3,2986,사질토,6.1,인산,27.45,29.17,13.86,2336
663,24.9,2020,점토,6.3,질소,94.15,15.06,28.00,1892
1770,13.9,2379,양토,5.8,인산,25.96,19.07,36.46,2446
1394,19.1,2768,점토,6.3,칼리,15.24,29.93,14.56,2151
846,21.8,1720,점토,6.0,인산,13.54,25.29,32.27,1682
671,15.7,1640,사질토,5.7,인산,13.94,8.72,30.45,1846
885,14.6,2112,점토,6.8,복합,30.23,38.74,29.18,1597
754,24.7,2814,점토,6.4,인산,13.48,41.38,36.78,1559
836,17.0,2229,점토,7.8,인산,95.19,37.27,44.83,1793
1458,25.4,,점토,5.2,인산,72.15,37.92,35.35,1945
2043,19.9,2973,양토,5.0,복합,96.81,49.34,35.63,3060
612,11.4,1662,사질토,5.4,복합,32.61,16.99,41.22,1635
1883,19.8,1874,양토,7.7,인산,49.41,45.49,22.27,2573
732,26.0,1651,점토,5.5,질소,25.58,18.34,34.79,1391
1670,15.8,1920,점토,7.2,칼리,45.46,42.17,29.72,2053
793,19.6,2212,사질토,7.7,복합,42.96,10.36,24.62,2155
1401,23.3,2772,점토,7.1,칼리,58.90,37.93,6.26,2135
1886,19.1,2163,사질토,8.2,칼리,89.27,31.95,7.78,2510
824,20.1,2677,사질토,6.9,칼리,94.82,40.40,30.77,1797
760,12.9,2874,사질토,5.4,인산,36.22,46.69,41.12,1862
1008,21.3,1503,사질토,6.8,복합,50.53,16.87,26.92,2097
1774,20.5,2672,점토,7.5,인산,26.67,22.52,31.62,2159
1055,18.7,2887,양토,5.9,복합,47.81,27.48,32.12,2400
1606,14.4,2123,양토,5.7,질소,51.97,47.96,46.22,2310
1963,13.3,2775,사질토,6.0,질소,55.66,15.36,37.14,2275
509,13.1,2977,점토,6.0,인산,17.02,16.25,37.21,1818
758,19.8,2930,점토,6.5,인산,34.94,23.36,6.80,1691
863,15.2,2596,양토,6.4,복합,36.99,10.65,25.99,2394
1235,12.8,2093,사질토,6.5,칼리,83.83,29.80,10.53,2017
1826,16.0,1889,사질토,7.5,복합,12.38,26.54,45.78,2335
582,25.1,2419,양토,5.8,칼리,88.15,20.39,35.40,2077
604,22.0,1937,사질토,7.3,인산,92.27,13.86,28.07,1704
1171,13.1,2951,사질토,8.1,복합,10.47,42.22,38.65,2320
1435,19.6,1518,점토,7.3,칼리,10.85,33.04,8.07,1924
757,26.0,2759,점토,6.4,복합,53.72,14.14,34.56,1930
1336,22.2,1877,양토,5.8,인산,16.90,17.47,42.05,1934
933,13.4,2375,점토,6.5,질소,74.41,24.33,28.02,1869
1725,15.0,2750,점토,4.8,인산,40.39,5.51,35.24,2143
856,17.1,1893,양토,6.0,칼리,49.44,43.85,8.89,2066
1944,9.5,2285,양토,6.8,인산,87.94,9.91,44.72,2659
1947,19.0,2729,점토,6.0,칼리,69.67,29.25,15.52,2102
1210,14.1,2863,사질토,8.0,복합,12.94,35.70,33.98,2329
803,9.5,2435,사질토,5.4,질소,19.56,8.72,49.41,1927
1925,12.9,1758,사질토,4.8,복합,47.33,26.63,48.39,2386
1831,12.8,2759,점토,6.9,질소,80.88,24.97,13.32,2531
506,17.8,2194,양토,6.7,인산,84.41,37.09,20.17,1916
1605,18.0,2748,양토,7.0,인산,14.23,12.65,43.07,2613
934,10.2,2512,점토,7.6,인산,29.53,48.12,40.07,1703
875,19.6,2600,점토,5.3,칼리,90.70,23.37,11.62,1794
1704,20.9,1611,점토,6.3,인산,93.04,34.12,39.43,2038
1083,16.6,1634,점토,6.4,질소,37.30,17.32,6.94,1768
1107,24.0,2428,점토,7.1,질소,69.62,41.85,22.60,1627
1876,19.3,1584,양토,6.5,질소,96.55,14.90,49.89,2729
1195,,2717,사질토,6.2,칼리,29.71,28.52,38.79,2139
1320,19.0,2432,사질토,6.8,질소,13.74,25.25,26.31,2435
1770,21.9,2825,양토,6.5,칼리,17.84,15.04,46.98,2633
1843,16.8,2956,양토,7.0,칼리,88.03,8.06,8.93,2579
1079,10.4,2981,점토,6.7,인산,21.05,6.53,41.70,2044
1198,20.3,1482,점토,6.1,인산,64.64,35.09,22.92,1927
629,21.0,2489,사질토,5.9,복합,71.95,22.32,5.98,1933
593,21.0,2122,양토,6.5,복합,98.33,16.60,22.10,2041
882,16.1,1700,양토,8.1,인산,72.41,41.55,7.53,1956
1484,9.5,2661,점토,7.3,인산,64.24,38.24,19.70,1927
975,14.4,1960,사질토,6.3,질소,63.51,47.60,44.71,2036
731,13.6,2974,양토,6.0,인산,70.47,36.78,43.12,2028
1972,14.5,2726,양토,8.1,질소,90.23,16.29,30.77,2766
676,18.2,2276,사질토,6.2,인산,20.31,33.11,8.77,1894
1245,19.2,2358,사질토,6.9,칼리,62.89,47.10,31.52,2167
1240,23.5,2739,사질토,6.0,인산,44.26,5.02,29.41,2180
1818,15.0,2737,양토,5.7,칼리,20.85,23.87,25.86,2732
1366,15.9,1625,점토,7.3,질소,22.06,35.97,38.57,1908
996,21.0,1815,점토,7.6,복합,84.23,5.27,11.10,1920
1427,12.2,1605,점토,4.9,질소,73.42,31.66,8.81,1912
1434,19.5,1663,점토,5.9,복합,68.09,45.34,26.23,2203
1380,16.2,2837,점토,7.1,칼리,83.20,37.63,17.67,2042
613,16.0,1700,양토,7.0,질소,17.65,10.65,46.73,1779
1136,11.0,1799,점토,6.8,인산,43.47,22.71,33.67,1887
1368,14.6,,점토,6.8,인산,54.97,10.88,30.51,1970
785,13.6,2455,점토,6.2,인산,81.69,18.97,49.17,1763
1833,11.6,2316,사질토,6.6,복합,40.04,5.49,7.11,2588
625,15.0,1680,점토,7.3,복합,48.17,12.48,39.86,1536
1571,24.5,2730,점토,5.0,칼리,13.84,18.88,41.22,2055
1568,21.2,2639,양토,6.3,칼리,41.59,24.27,16.42,2663
572,19.7,1804,점토,6.2,인산,53.11,10.56,6.25,1321
899,16.0,2438,양토,6.1,질소,97.51,26.37,20.64,2076
1336,19.9,2734,사질토,7.3,질소,55.22,23.64,8.54,2263
1013,16.4,2848,양토,6.4,인산,37.78,17.11,19.70,2255
981,14.9,2306,점토,7.8,복합,53.10,12.01,29.03,1993
2041,,1485,양토,7.8,칼리,33.26,8.82,21.94,2426
1349,14.7,2860,사질토,5.4,질소,19.63,33.42,35.12,2264
1097,19.8,2054,사질토,6.7,인산,48.61,38.26,17.34,2089
1611,18.9,2053,양토,6.5,복합,14.31,39.74,33.29,2581
645,11.1,1692,사질토,6.3,인산,55.66,49.09,36.81,1705
1133,22.6,,점토,6.5,인산,59.41,40.03,33.86,1780
1942,17.3,1645,양토,5.9,질소,94.38,49.99,18.96,2773
1390,18.4,1602,사질토,5.6,칼리,99.59,29.61,19.28,1945
965,9.5,,사질토,6.4,인산,47.85,35.91,10.09,2026
615,21.4,2962,양토,6.8,질소,39.40,21.85,46.26,2220
1810,14.6,1791,양토,8.1,인산,35.22,47.88,9.42,2300
865,14.4,1832,양토,6.6,인산,18.14,13.44,8.48,1990
1922,18.4,2118,양토,6.6,질소,98.08,24.72,38.95,2454
701,17.1,2793,사질토,7.3,인산,16.87,11.39,9.26,2065
1582,9.5,2254,점토,4.8,질소,28.23,40.00,46.16,2175
1140,19.0,2883,사질토,5.3,질소,67.75,31.52,38.91,2092
785,14.5,2993,점토,5.9,질소,92.18,20.87,33.80,1815
1096,21.7,3009,양토,8.0,복합,39.99,29.09,44.22,2289
766,14.1,2038,점토,6.2,질소,21.99,26.52,10.91,1612
629,12.9,2591,양토,7.0,복합,60.02,8.08,41.83,2159
1700,18.7,2004,사질토,7.1,인산,54.68,16.27,7.90,2371
1586,20.5,2023,점토,7.2,복합,76.72,43.86,6.05,2146
1697,18.8,2426,점토,6.7,복합,44.28,36.51,9.74,2370
1566,22.7,2439,사질토,7.5,인산,40.79,43.99,24.02,2259
1321,22.7,2653,양토,7.1,인산,26.75,7.33,9.11,2292
1604,18.4,2515,사질토,6.3,칼리,78.65,39.03,38.22,2251
1239,18.0,1618,점토,7.4,질소,58.58,46.48,14.45,1909
628,16.5,1868,사질토,6.2,질소,86.56,31.87,8.54,1737
1838,19.7,2624,점토,7.2,인산,76.24,19.87,46.68,2152
1843,25.9,2274,점토,6.7,질소,33.40,6.12,5.66,2232
1902,17.2,1490,점토,5.9,복합,28.64,31.28,41.09,2225
1908,12.9,1978,점토,6.3,칼리,46.36,46.88,34.12,2234
1028,14.8,1607,점토,4.9,칼리,73.37,22.86,35.62,1736
1305,25.4,2824,점토,6.2,칼리,74.47,41.40,24.67,2187
549,16.5,2103,양토,7.2,복합,51.84,46.04,17.12,2198
1385,22.0,2331,사질토,7.0,칼리,78.67,31.22,21.70,2125
801,18.3,1641,양토,6.7,칼리,63.44,18.05,23.35,1959
1792,15.4,2589,양토,5.6,인산,24.81,41.76,16.87,2497
1368,13.3,2776,양토,6.5,복합,81.26,7.03,39.92,2590
1524,18.3,2768,사질토,5.3,칼리,17.29,15.38,44.56,2173
1303,13.7,2062,점토,7.0,인산,90.50,12.25,17.16,1881
796,21.4,1590,사질토,7.0,인산,24.26,15.70,18.01,1692
619,26.0,2146,사질토,6.7,질소,41.07,15.53,17.76,1890
950,21.5,2901,양토,6.3,인산,24.40,31.48,39.76,2203
1111,12.2,2625,사질토,6.2,칼리,34.81,16.85,49.83,2209
1911,18.7,1593,점토,7.1,복합,66.60,37.72,38.65,2130
691,19.7,1511,양토,6.9,인산,18.77,31.12,48.50,1813
1216,18.5,,사질토,6.2,칼리,18.92,38.59,7.41,2122
1670,23.7,2587,양토,7.3,복합,61.19,14.08,21.16,2607
565,12.1,1654,사질토,7.4,질소,48.36,28.77,14.89,1623
1596,12.5,2201,사질토,7.8,칼리,88.59,49.52,10.82,2175
1678,22.4,1900,사질토,6.6,인산,90.91,18.84,22.46,2302
1400,19.2,2967,양토,6.0,질소,69.60,9.26,48.00,2383
1362,17.1,2794,사질토,6.6,인산,84.12,44.11,18.03,2284
660,18.6,1814,점토,6.9,복합,28.89,45.26,36.06,1698
2000,20.0,2006,점토,6.3,복합,31.15,34.20,24.68,2386
1519,14.7,2271,양토,7.8,칼리,62.03,32.07,49.95,2351
1074,19.1,2808,점토,6.9,질소,89.51,35.51,6.49,1888
1388,19.2,,사질토,6.6,인산,57.59,29.10,33.91,2092
1868,24.7,1673,사질토,6.5,복합,59.93,42.05,26.41,2287
1216,18.3,2911,양토,6.5,질소,81.10,47.94,43.50,2544
1296,9.5,1820,점토,6.4,질소,55.76,43.49,18.14,1964
