study_hours_week,attend_percent,extra_class,track,midterm_point,homework_avg,online_lecture_count,club_join,final_point
12,76.4,없음,공학,19.1,62.0,35,있음,41.0
28,82.0,없음,예술,52.2,61.0,5,있음,47.6
10,75.5,없음,예술,44.1,58.0,48,있음,54.4
22,90.5,없음,자연,78.2,73.7,1,있음,73.6
6,100.0,없음,자연,33.0,78.0,2,없음,41.6
3,53.6,없음,자연,0.0,92.4,21,없음,37.0
38,69.6,있음,어문,93.6,88.9,1,없음,70.8
41,95.6,있음,자연,73.3,64.5,27,있음,58.1
9,100.0,없음,예술,41.5,77.9,48,없음,36.0
34,81.6,있음,자연,75.5,95.4,32,있음,64.8
35,87.6,없음,사회,65.6,77.0,16,없음,60.4
10,77.3,없음,예술,58.0,65.7,47,있음,60.3
1,50.5,없음,자연,27.5,82.8,3,있음,34.6
17,69.1,없음,공학,30.5,74.5,31,없음,49.1
38,73.1,없음,어문,100.0,92.4,51,없음,63.6
27,58.9,없음,자연,55.5,80.5,43,있음,57.3
36,64.9,있음,어문,70.0,75.6,26,없음,62.0
36,98.4,없음,공학,70.5,80.5,28,있음,71.0
11,97.1,없음,어문,53.8,93.1,38,없음,70.5
10,62.6,있음,어문,15.5,91.8,11,없음,45.4
14,57.9,없음,공학,44.2,88.4,3,없음,49.0
22,86.4,없음,공학,66.0,59.5,39,있음,62.1
12,60.8,있음,어문,43.7,61.4,20,있음,55.1
6,78.6,있음,예술,25.8,83.1,41,없음,39.6
36,88.6,없음,사회,54.4,92.0,35,있음,56.5
14,94.9,없음,사회,52.0,86.3,45,있음,48.5
39,70.9,없음,어문,71.0,58.7,13,있음,66.3
6,89.9,없음,어문,32.3,81.9,46,없음,44.3
18,73.7,없음,어문,56.2,80.3,0,없음,59.5
41,61.7,없음,어문,85.5,74.6,25,있음,51.6
40,71.7,없음,자연,60.3,62.5,0,없음,66.5
3,66.9,없음,공학,21.1,71.6,26,없음,45.5
10,100.0,없음,공학,33.6,68.6,13,없음,42.6
7,78.5,없음,자연,50.0,89.9,48,없음,39.1
6,69.7,있음,어문,49.2,67.7,35,있음,48.9
14,90.0,있음,예술,15.5,73.7,10,있음,20.4
7,92.3,없음,사회,30.8,94.9,46,없음,40.8
40,93.2,없음,공학,73.4,85.3,51,있음,74.7
12,59.4,있음,예술,,77.9,19,있음,38.1
5,83.1,없음,자연,32.1,69.2,18,없음,50.1
1,68.9,없음,사회,0.0,69.4,39,없음,37.8
27,68.6,없음,공학,50.1,100.0,36,있음,59.9
32,76.4,없음,사회,75.6,90.7,44,있음,71.0
41,71.0,있음,어문,77.0,78.0,15,없음,64.5
10,70.2,있음,자연,24.5,65.8,40,있음,34.7
34,52.3,있음,자연,86.0,70.8,47,없음,88.9
39,100.0,있음,어문,,63.4,45,있음,74.1
34,83.9,있음,공학,82.4,66.8,0,없음,68.3
14,85.0,있음,공학,54.6,92.1,4,없음,48.3
26,76.9,있음,공학,47.1,78.5,40,없음,65.0
31,79.7,없음,예술,63.2,83.6,49,있음,42.9
20,100.0,없음,어문,72.5,82.8,32,없음,67.1
24,70.2,있음,예술,80.4,89.2,19,있음,71.3
38,73.3,있음,어문,80.7,74.6,27,있음,74.8
37,50.0,있음,자연,79.4,90.8,38,있음,61.1
37,62.3,없음,사회,88.4,71.6,13,있음,72.2
36,51.9,없음,사회,82.0,69.4,47,없음,73.8
22,57.3,없음,자연,36.0,84.8,34,있음,50.6
33,81.5,없음,어문,47.0,79.6,45,없음,51.7
9,81.6,없음,어문,40.6,81.2,9,없음,40.5
34,48.0,있음,사회,89.1,81.8,39,있음,74.7
37,81.9,있음,공학,100.0,75.7,49,없음,78.4
30,67.2,없음,어문,63.8,95.5,29,있음,65.0
13,100.0,없음,어문,48.2,95.7,29,있음,54.5
36,49.5,있음,예술,87.0,95.8,39,없음,70.9
1,82.7,없음,어문,18.6,76.8,38,없음,31.8
36,100.0,있음,예술,60.0,75.9,6,있음,61.1
12,86.6,없음,어문,37.6,91.3,16,없음,55.0
11,73.1,없음,자연,36.8,63.0,0,있음,52.2
21,71.0,없음,공학,,74.5,33,있음,49.9
3,90.3,있음,어문,27.7,77.1,40,있음,39.9
12,80.2,없음,예술,43.8,70.7,1,있음,46.7
1,100.0,없음,자연,28.1,68.3,39,없음,36.0
21,97.8,있음,어문,65.5,84.2,10,없음,59.0
24,66.1,없음,어문,52.0,94.2,23,없음,61.2
32,51.4,없음,자연,66.2,66.0,12,있음,57.9
40,67.3,있음,사회,82.4,76.5,23,,71.8
40,77.3,없음,사회,90.8,63.7,26,없음,87.6
3,88.4,없음,어문,29.7,75.6,21,없음,35.0
26,88.7,없음,사회,54.8,58.0,1,있음,39.8
30,74.8,없음,공학,56.8,62.9,33,있음,56.1
24,48.0,없음,공학,50.3,100.0,0,있음,65.3
5,81.6,있음,공학,31.8,80.5,47,있음,40.3
21,80.8,없음,공학,38.7,100.0,23,없음,38.4
21,80.2,없음,예술,60.8,71.5,12,있음,68.0
12,61.5,없음,예술,14.7,58.0,15,없음,12.6
22,62.9,있음,공학,52.9,82.6,11,없음,55.1
39,64.1,있음,사회,100.0,91.0,2,있음,69.9
37,74.7,있음,사회,74.5,71.6,26,없음,80.0
5,89.2,있음,어문,43.2,86.8,30,있음,45.6
12,70.9,없음,사회,55.1,100.0,15,없음,47.5
32,71.8,없음,자연,60.8,76.1,48,있음,58.4
11,69.9,없음,어문,32.6,84.3,18,있음,32.7
23,100.0,없음,자연,58.6,100.0,29,없음,53.7
1,84.4,없음,사회,28.9,58.3,35,있음,37.2
33,51.1,없음,예술,84.8,99.8,39,있음,51.9
2,88.6,있음,사회,27.0,84.3,13,있음,45.2
13,76.7,있음,어문,51.4,90.0,17,없음,52.3
26,89.1,없음,자연,53.1,72.1,37,없음,64.3
16,76.7,있음,자연,57.4,82.1,13,없음,58.5
6,77.2,있음,사회,29.2,64.0,13,없음,44.4
4,69.2,없음,어문,26.9,89.4,2,없음,33.0
10,62.6,있음,예술,15.8,59.2,36,있음,35.6
22,58.2,있음,공학,47.6,85.4,31,있음,43.9
8,73.4,없음,어문,35.5,81.1,46,없음,52.1
34,98.7,없음,사회,74.3,91.3,19,없음,51.2
37,88.7,없음,사회,67.2,100.0,13,있음,64.3
15,85.2,없음,공학,40.3,84.0,27,없음,53.7
22,58.7,없음,예술,58.2,79.8,47,없음,48.4
15,71.2,있음,사회,62.6,94.6,41,없음,59.5
20,79.9,있음,예술,43.7,100.0,36,없음,55.3
6,74.7,없음,사회,25.9,59.1,7,없음,35.4
6,64.3,없음,자연,10.5,79.6,0,있음,52.7
31,84.2,있음,사회,59.1,67.3,26,있음,46.4
29,68.4,없음,공학,36.8,62.7,8,있음,42.3
26,55.0,없음,어문,50.0,75.0,1,있음,49.2
18,50.7,없음,어문,51.5,66.7,18,없음,58.9
41,100.0,없음,사회,93.0,83.6,40,없음,74.4
22,70.1,없음,자연,53.7,86.2,48,없음,58.1
30,77.2,있음,공학,71.3,86.0,46,있음,69.5
27,87.4,있음,사회,74.4,80.0,3,있음,51.2
7,63.9,없음,자연,27.8,87.6,26,,54.0
9,48.1,있음,어문,11.5,69.6,40,있음,27.6
33,77.7,없음,자연,70.7,81.7,0,없음,57.4
7,88.7,없음,어문,33.3,90.2,17,있음,37.3
2,48.0,있음,어문,13.3,72.0,47,있음,22.8
22,100.0,없음,자연,39.3,88.1,45,,52.6
20,72.3,없음,예술,70.6,67.8,44,없음,68.5
33,85.1,없음,자연,75.6,62.9,20,있음,73.0
41,71.5,없음,어문,67.0,64.7,5,있음,63.9
11,62.6,없음,자연,26.0,82.7,41,있음,44.1
26,81.2,없음,공학,63.5,92.3,35,없음,47.9
13,48.0,없음,사회,38.3,77.5,47,없음,53.5
3,82.9,없음,예술,18.1,75.9,46,있음,29.4
27,91.8,없음,사회,65.9,90.4,7,있음,71.7
20,100.0,없음,사회,70.5,92.1,12,,75.2
11,87.7,있음,예술,43.4,82.0,29,있음,48.7
14,51.1,있음,사회,40.0,58.2,17,없음,38.0
18,100.0,없음,예술,62.3,85.8,32,있음,53.3
6,83.6,있음,예술,23.8,76.4,32,있음,30.6
12,71.0,없음,자연,47.4,74.8,9,있음,36.0
5,71.7,있음,어문,24.5,71.7,7,없음,46.5
17,88.3,없음,자연,43.5,68.5,15,없음,65.6
8,71.0,있음,예술,43.1,71.0,8,없음,34.0
5,63.6,없음,예술,44.8,71.5,11,없음,46.1
37,65.3,없음,예술,55.1,81.3,51,있음,65.1
37,85.7,없음,자연,,81.4,38,없음,54.5
22,84.4,있음,사회,51.0,80.6,34,없음,60.8
26,92.6,없음,어문,70.1,61.4,6,없음,51.5
21,76.3,있음,예술,75.0,90.2,28,없음,63.8
18,56.1,없음,어문,35.0,69.9,23,없음,32.7
3,96.8,없음,예술,38.3,91.4,11,있음,42.1
37,96.3,있음,공학,73.7,83.8,34,있음,56.9
20,86.0,없음,예술,38.7,80.8,26,있음,32.2
33,51.8,없음,예술,69.5,87.8,18,없음,58.7
11,96.2,없음,어문,0.5,73.9,17,,31.8
17,82.0,없음,어문,28.2,74.7,42,없음,49.9
41,100.0,있음,사회,64.8,82.3,25,없음,63.5
24,86.3,있음,어문,67.6,83.7,3,있음,75.3
29,82.6,없음,사회,77.3,84.4,7,없음,58.2
28,79.0,있음,예술,59.6,75.0,47,있음,66.9
10,67.2,없음,예술,44.0,90.3,3,있음,43.2
19,70.8,없음,공학,47.5,87.8,41,없음,55.3
14,70.0,없음,사회,16.9,71.3,21,있음,38.0
13,80.6,없음,자연,46.7,83.9,8,없음,55.0
35,81.8,있음,예술,,74.1,29,없음,84.4
20,56.5,없음,어문,48.1,69.2,35,있음,59.0
5,100.0,없음,어문,21.6,66.3,7,있음,50.7
24,52.3,없음,사회,54.3,58.0,28,있음,49.5
23,62.6,없음,어문,58.4,74.0,19,있음,56.3
14,100.0,없음,자연,68.0,80.7,8,없음,59.4
7,70.2,없음,공학,24.9,68.6,14,없음,29.2
8,79.9,있음,공학,30.7,58.0,30,,51.5
25,66.8,없음,예술,36.9,63.3,26,,39.9
37,77.7,없음,사회,73.3,78.7,31,있음,61.2
13,57.9,있음,어문,60.3,65.5,24,있음,62.2
17,72.1,없음,공학,35.1,87.5,50,없음,38.2
9,82.0,없음,예술,29.7,86.1,35,,27.8
11,91.5,없음,공학,36.9,81.0,10,있음,51.3
23,71.8,없음,어문,61.3,88.4,32,없음,51.0
25,76.3,없음,사회,58.0,95.2,3,있음,55.1
9,68.6,있음,사회,30.9,66.4,24,없음,33.9
9,100.0,없음,공학,25.9,58.9,46,있음,30.5
2,100.0,없음,예술,27.7,93.8,4,없음,38.3
10,71.3,있음,자연,,83.7,0,,46.6
40,83.8,없음,예술,47.8,69.7,15,있음,56.3
14,63.4,있음,어문,49.7,68.0,4,있음,38.1
15,99.5,있음,사회,34.6,92.1,20,없음,50.4
30,64.0,없음,자연,67.9,89.9,35,있음,66.7
13,58.7,있음,예술,29.1,77.3,19,없음,38.0
8,91.6,없음,자연,42.2,67.7,45,없음,50.0
30,59.2,없음,예술,55.8,81.1,18,없음,61.7
30,82.8,있음,예술,81.0,72.7,7,있음,62.1
28,58.3,없음,사회,53.2,80.6,40,있음,44.7
18,77.7,없음,공학,48.1,75.5,11,없음,60.6
28,74.8,없음,사회,61.7,87.1,33,있음,62.3
14,48.0,없음,자연,21.6,89.4,7,있음,40.4
35,91.8,없음,예술,75.7,80.3,4,있음,72.1
17,88.4,없음,공학,75.8,68.7,15,없음,57.8
16,96.2,없음,공학,48.5,88.5,5,있음,45.6
30,59.3,없음,예술,71.1,70.3,38,있음,57.8
20,71.9,없음,자연,44.0,58.0,32,없음,59.3
13,68.2,없음,어문,21.6,76.4,30,없음,24.8
3,81.7,없음,사회,19.2,73.8,4,있음,38.1
22,81.6,있음,어문,52.0,91.9,44,없음,59.4
29,73.3,없음,자연,51.1,76.9,1,있음,50.4
11,62.1,없음,예술,41.9,74.4,51,없음,58.8
2,81.0,있음,예술,35.1,69.2,9,없음,56.1
34,50.1,없음,어문,80.2,100.0,48,없음,70.8
11,89.2,없음,사회,38.7,75.0,44,있음,58.7
12,72.7,있음,사회,43.9,76.0,29,있음,49.4
27,80.5,없음,예술,57.4,71.4,47,있음,45.7
20,49.5,없음,예술,,99.5,12,없음,55.4
22,100.0,없음,자연,,83.5,35,없음,60.1
16,77.8,없음,공학,26.0,79.2,34,없음,36.8
8,77.3,없음,공학,16.5,64.4,49,없음,29.9
38,75.3,있음,사회,81.7,86.4,19,있음,58.3
38,61.7,없음,자연,57.7,75.0,12,없음,51.0
38,77.0,없음,자연,83.0,58.0,45,있음,65.7
23,85.8,없음,예술,44.8,76.4,31,없음,46.6
22,63.6,있음,예술,56.4,87.4,23,있음,56.0
14,67.6,없음,공학,,70.9,22,있음,44.2
15,85.5,없음,공학,37.2,82.4,36,있음,52.1
2,58.7,없음,사회,20.2,72.1,34,없음,23.3
30,71.4,없음,사회,57.3,71.9,10,있음,56.1
1,64.8,없음,어문,22.7,86.9,21,있음,47.7
19,68.9,없음,어문,48.9,78.2,38,없음,45.2
33,75.4,없음,자연,81.2,74.8,47,없음,70.4
5,83.7,없음,자연,13.2,73.6,12,없음,47.3
8,76.3,없음,어문,22.8,72.6,4,없음,25.0
20,78.4,없음,자연,73.1,78.7,37,있음,50.0
1,74.6,없음,공학,45.8,83.3,49,없음,59.1
30,79.1,없음,어문,58.8,58.0,15,있음,66.4
33,70.5,없음,공학,76.3,83.0,37,없음,68.4
40,63.2,있음,어문,90.5,72.1,19,없음,82.4
12,60.0,있음,어문,54.9,86.0,41,있음,56.1
32,78.8,없음,사회,72.0,71.9,45,없음,61.6
11,87.3,없음,예술,69.2,79.2,47,있음,52.3
19,83.5,있음,어문,59.9,73.1,35,없음,64.8
1,100.0,없음,어문,19.9,84.4,7,있음,40.7
4,69.7,없음,어문,17.6,81.1,9,없음,23.4
36,81.5,없음,어문,100.0,97.4,38,있음,82.8
39,70.7,있음,어문,85.4,60.7,39,없음,68.8
38,82.8,없음,예술,92.5,74.8,28,있음,66.6
21,63.6,없음,사회,56.4,81.5,25,있음,65.9
21,80.2,없음,공학,52.8,73.3,2,있음,47.4
41,80.5,있음,공학,85.9,90.1,47,없음,63.1
35,95.4,없음,사회,65.8,87.5,50,있음,70.7
35,51.1,있음,어문,82.5,80.8,38,없음,82.1
35,82.4,있음,공학,76.1,95.8,0,없음,63.2
29,95.4,없음,사회,65.4,68.4,12,있음,61.3
39,77.6,없음,공학,100.0,79.0,51,없음,77.1
33,81.6,없음,어문,50.1,66.7,45,,56.9
23,86.6,있음,공학,71.0,100.0,38,있음,48.2
3,48.0,없음,어문,25.9,100.0,22,없음,41.1
11,69.9,없음,사회,25.1,58.0,47,없음,36.4
39,70.0,있음,사회,93.8,94.9,49,없음,79.5
16,72.0,없음,예술,45.4,97.3,11,없음,51.9
31,67.8,없음,예술,66.0,84.5,43,없음,63.2
22,95.6,없음,자연,58.1,61.5,49,없음,47.5
31,49.5,있음,어문,81.9,94.5,39,없음,72.8
6,79.0,없음,공학,12.6,85.5,38,있음,29.0
15,99.9,없음,공학,21.4,76.6,33,있음,34.1
1,77.9,없음,예술,35.9,72.9,11,있음,46.0
12,92.1,없음,자연,63.6,78.6,47,있음,75.0
1,83.1,없음,공학,27.8,75.3,15,있음,50.1
12,92.9,있음,사회,35.4,74.1,31,있음,57.2
21,92.0,없음,예술,85.7,79.8,9,없음,67.5
38,86.8,없음,공학,44.6,84.0,8,없음,53.8
37,76.2,있음,어문,73.8,65.7,26,없음,63.9
39,59.1,없음,공학,66.3,76.1,11,없음,67.1
26,81.8,있음,자연,57.8,83.7,41,없음,62.6
30,61.5,없음,어문,,70.3,39,있음,66.7
18,91.5,없음,사회,,66.4,34,있음,49.2
24,64.9,없음,사회,54.3,88.7,25,없음,49.6
4,96.6,없음,어문,48.9,73.2,19,있음,46.5
10,95.2,없음,어문,47.7,85.0,19,있음,45.1
14,80.9,있음,사회,44.9,69.3,37,없음,54.5
22,54.1,없음,어문,40.8,83.8,3,없음,58.7
16,74.6,없음,어문,38.2,78.1,45,있음,40.9
11,56.1,없음,어문,20.1,74.4,40,있음,24.5
4,73.6,있음,공학,42.6,78.4,4,없음,36.1
5,65.9,없음,공학,27.3,87.4,34,없음,46.5
14,68.4,없음,공학,,85.6,5,있음,58.3
40,59.9,없음,자연,59.8,79.0,40,있음,75.7
20,88.2,없음,어문,46.9,78.6,27,있음,65.3
28,48.0,없음,사회,70.9,76.3,19,없음,63.1
37,66.1,없음,자연,72.4,82.4,3,없음,64.5
9,77.6,없음,공학,41.8,84.4,15,없음,51.8
19,92.4,있음,예술,,66.9,44,없음,40.2
6,60.6,없음,공학,23.4,81.7,49,있음,39.4
16,99.1,없음,어문,54.2,75.7,26,있음,47.6
8,66.4,없음,어문,30.2,88.3,3,없음,29.4
30,53.9,있음,공학,75.0,58.0,15,있음,63.6
36,63.2,있음,예술,100.0,83.0,49,없음,88.6
28,68.8,있음,자연,70.5,86.8,14,없음,48.2
3,82.4,있음,공학,7.5,72.8,51,있음,36.8
22,71.1,없음,예술,57.3,100.0,38,있음,67.1
20,63.5,없음,예술,40.1,89.0,2,있음,56.8
6,69.1,있음,어문,22.1,60.9,1,있음,34.9
19,85.7,없음,공학,48.5,81.2,2,없음,56.1
10,60.4,있음,자연,21.5,91.4,50,없음,26.1
24,69.7,없음,사회,53.0,58.0,25,있음,53.2
34,95.0,없음,자연,96.5,100.0,25,있음,68.9
1,82.4,있음,사회,37.0,66.7,42,없음,48.4
8,78.1,없음,예술,38.3,88.5,8,없음,42.9
19,48.0,있음,공학,49.2,80.3,48,있음,63.0
34,88.6,없음,사회,66.8,69.9,18,있음,50.4
13,62.9,없음,사회,37.2,62.6,33,없음,36.8
15,50.0,없음,어문,39.9,79.0,27,없음,39.3
7,78.4,없음,자연,19.7,83.1,10,,29.9
33,100.0,있음,공학,89.9,85.8,22,있음,52.1
4,68.4,있음,사회,26.4,75.6,50,있음,29.5
10,68.2,없음,어문,39.0,79.7,44,,34.0
1,74.6,없음,사회,26.5,77.6,18,없음,32.1
40,90.7,없음,어문,95.7,78.4,12,없음,70.9
41,91.2,없음,사회,,75.8,12,있음,67.2
30,95.1,있음,공학,72.3,87.5,37,없음,65.5
29,60.8,있음,자연,55.9,81.2,25,없음,55.4
3,85.4,없음,예술,19.5,78.7,10,없음,46.9
1,87.8,없음,자연,9.1,65.1,47,없음,12.2
39,48.0,있음,공학,91.2,82.2,28,없음,59.1
9,54.9,없음,자연,38.5,62.8,36,있음,42.3
33,49.8,없음,자연,34.2,80.4,47,있음,46.7
13,68.9,없음,예술,42.8,62.7,7,없음,41.7
25,85.6,있음,어문,62.3,73.8,15,있음,59.2
34,65.8,없음,예술,74.4,71.0,39,있음,64.2
6,77.2,없음,공학,19.9,79.7,40,없음,29.1
24,71.8,없음,공학,60.2,92.2,23,있음,69.5
1,76.3,없음,자연,10.8,70.8,27,있음,47.2
14,75.6,없음,어문,30.9,72.5,17,없음,27.2
17,64.4,있음,어문,53.4,100.0,26,있음,42.6
29,92.4,없음,예술,59.4,74.4,14,없음,62.0
15,90.3,없음,공학,82.4,92.7,29,없음,65.8
27,62.0,없음,예술,70.0,73.8,20,있음,58.8
11,53.0,없음,자연,16.8,73.3,22,있음,36.0
38,67.7,없음,공학,65.0,92.8,16,없음,56.9
16,92.9,없음,사회,39.9,100.0,13,없음,53.7
6,78.8,없음,자연,31.2,62.2,33,없음,39.4
19,100.0,없음,공학,72.5,74.6,13,있음,53.4
41,66.0,없음,공학,90.7,90.9,30,없음,74.2
24,75.8,있음,자연,42.2,75.6,12,없음,41.9
1,91.0,있음,예술,25.7,87.5,22,있음,52.5
17,60.4,없음,사회,15.8,85.3,30,있음,27.8
19,99.0,없음,예술,73.4,83.9,34,없음,80.1
28,65.7,없음,사회,82.9,70.4,4,있음,68.5
21,75.2,있음,어문,46.4,97.1,33,없음,62.3
10,85.1,없음,자연,39.0,76.0,23,있음,51.1
3,88.0,없음,사회,41.5,75.5,8,있음,46.6
11,75.5,없음,공학,40.1,82.9,38,없음,17.7
38,67.5,없음,자연,,86.3,35,있음,69.9
40,98.5,없음,사회,79.8,94.7,48,없음,63.3
5,83.6,없음,공학,33.3,79.4,33,있음,40.2
13,68.9,있음,사회,,78.4,22,없음,53.4
31,95.3,있음,공학,65.0,75.5,0,있음,59.2
6,67.3,없음,자연,16.6,78.5,51,있음,24.6
13,88.3,없음,예술,36.2,76.1,24,없음,48.0
35,48.0,없음,사회,40.7,90.7,13,없음,55.9
4,54.6,없음,자연,,79.3,39,있음,20.0
4,62.3,없음,사회,40.2,74.3,39,,44.7
23,80.9,있음,어문,75.4,100.0,18,없음,75.9
5,79.8,없음,어문,41.3,92.8,30,없음,41.5
11,67.2,없음,예술,48.4,85.4,30,없음,42.5
25,66.1,없음,어문,45.2,60.7,40,있음,58.3
32,58.3,없음,공학,57.4,83.6,1,있음,53.1
12,88.4,없음,사회,37.3,79.6,17,없음,40.8
21,62.2,있음,예술,60.5,85.1,12,있음,59.0
35,93.7,없음,사회,64.8,72.6,47,없음,48.1
21,84.2,없음,공학,51.1,85.4,9,있음,52.2
30,61.8,없음,자연,66.3,75.6,37,없음,56.0
18,67.8,없음,어문,27.0,92.1,47,있음,33.3
32,100.0,없음,예술,71.2,81.2,9,있음,70.1
29,91.4,없음,예술,68.7,82.9,38,없음,66.8
6,81.8,있음,예술,29.9,70.5,22,있음,28.1
14,74.2,없음,예술,38.3,81.1,7,없음,54.3
16,71.7,없음,예술,54.2,74.1,0,없음,46.9
18,76.0,없음,예술,43.7,72.2,10,있음,51.2
38,92.6,있음,사회,81.6,79.3,9,없음,70.1
5,77.0,없음,자연,,72.3,48,있음,40.7
22,90.5,있음,공학,77.7,75.4,43,없음,66.2
41,50.9,없음,공학,70.2,98.0,37,있음,70.5
14,73.1,없음,공학,29.4,86.5,4,없음,35.9
37,97.2,있음,사회,100.0,77.1,44,있음,89.6
4,82.3,없음,공학,26.3,74.4,24,있음,25.6
5,91.6,있음,어문,58.8,88.3,6,있음,56.0
26,92.3,없음,예술,39.0,70.7,6,있음,55.7
37,79.9,없음,예술,67.8,96.6,31,있음,44.4
29,71.3,없음,공학,61.1,84.1,51,있음,66.1
28,80.9,없음,어문,64.1,78.4,44,없음,56.5
9,87.7,없음,어문,25.9,80.8,9,없음,43.3
1,76.7,있음,자연,38.8,80.2,26,없음,47.7
41,100.0,있음,사회,87.1,66.4,31,있음,64.0
23,48.0,있음,자연,57.3,79.0,21,있음,56.6
3,74.5,있음,자연,16.4,90.0,48,있음,31.6
9,63.9,없음,어문,30.3,67.2,30,없음,36.2
23,59.2,없음,예술,79.0,74.5,40,없음,60.2
18,76.5,없음,어문,46.2,66.1,27,있음,42.5
34,77.0,없음,예술,70.5,77.5,2,없음,70.2
38,86.9,없음,어문,83.0,71.9,26,있음,53.7
41,48.0,있음,예술,90.1,67.1,37,있음,74.1
32,64.1,있음,자연,71.1,85.2,0,없음,57.6
39,96.4,없음,자연,64.6,58.1,24,없음,56.3
37,50.8,없음,예술,62.2,60.0,26,없음,55.7
30,82.5,없음,공학,62.5,75.4,25,있음,58.6
31,63.8,없음,자연,71.8,92.3,46,,62.9
3,82.9,없음,공학,6.4,65.7,14,있음,24.8
28,83.1,없음,어문,73.6,74.5,1,있음,54.9
16,71.7,없음,자연,21.1,68.8,1,없음,40.6
35,85.7,있음,예술,64.1,58.0,46,있음,57.4
1,73.4,없음,어문,4.0,84.8,47,없음,33.2
19,55.6,없음,공학,42.8,96.3,35,없음,47.6
20,60.7,없음,사회,45.7,64.4,51,있음,55.8
11,67.5,있음,공학,27.1,73.3,29,없음,42.5
6,71.8,있음,공학,29.7,72.7,39,없음,41.6
8,89.2,없음,어문,8.3,58.0,47,없음,30.2
18,91.3,없음,공학,59.8,100.0,37,없음,63.7
2,62.5,없음,공학,7.7,63.6,13,없음,35.9
40,71.4,없음,자연,64.4,81.6,25,없음,48.8
5,69.9,있음,사회,36.0,95.8,20,없음,41.9
19,89.6,있음,어문,56.6,67.2,27,없음,36.4
8,60.8,없음,예술,45.5,90.3,51,,46.3
23,59.3,없음,어문,49.0,93.8,8,없음,50.1
13,67.7,있음,예술,40.5,68.4,0,없음,34.5
14,77.2,없음,예술,29.0,67.2,0,있음,41.8
40,52.6,없음,사회,80.4,81.5,3,있음,71.6
38,91.1,없음,자연,72.0,84.7,30,있음,63.0
10,59.2,없음,예술,44.7,88.2,40,없음,58.9
10,100.0,없음,공학,36.7,88.9,30,있음,37.6
5,64.8,있음,공학,4.5,75.5,36,없음,24.7
14,78.1,없음,공학,33.3,100.0,5,있음,28.6
29,85.0,없음,어문,77.9,86.1,22,없음,74.0
34,96.1,있음,자연,79.4,87.7,10,있음,66.1
15,57.6,없음,어문,34.2,86.0,24,없음,33.5
30,67.2,없음,예술,67.2,75.9,24,없음,47.7
17,64.8,없음,사회,24.1,81.8,17,없음,36.7
37,70.3,없음,사회,66.8,75.5,8,있음,66.8
6,85.0,있음,자연,26.5,79.3,47,있음,53.5
24,83.9,없음,예술,60.4,90.7,2,없음,57.4
36,72.3,없음,자연,81.9,83.0,32,있음,71.0
20,71.1,없음,어문,42.2,64.3,2,있음,51.7
27,85.0,없음,공학,71.9,76.7,11,있음,58.3
30,75.0,없음,어문,73.0,66.2,22,있음,63.7
33,55.4,없음,어문,62.6,68.5,3,없음,58.8
2,95.8,없음,어문,11.7,100.0,12,없음,26.5
30,66.7,없음,예술,67.0,58.0,41,없음,53.4
28,70.5,있음,어문,71.4,96.1,32,없음,66.4
11,52.6,없음,자연,29.5,95.5,24,있음,36.4
21,66.1,있음,공학,40.3,59.6,18,없음,51.9
36,73.8,없음,어문,78.1,69.6,3,없음,74.0
21,69.1,있음,어문,41.7,90.5,0,있음,38.3
17,87.6,없음,공학,62.3,98.8,10,있음,55.3
35,56.3,있음,어문,60.7,71.7,2,,58.9
8,74.1,없음,어문,26.0,94.4,24,있음,20.8
20,72.4,없음,예술,63.9,94.2,27,없음,62.6
24,76.8,없음,예술,38.0,70.5,44,있음,45.9
27,73.9,없음,자연,77.4,62.6,18,있음,71.5
23,71.9,없음,공학,57.0,81.8,27,있음,60.4
6,64.0,없음,공학,9.9,80.5,51,없음,26.2
32,72.4,없음,사회,100.0,98.2,30,있음,74.3
13,81.2,있음,예술,57.6,82.9,11,없음,41.6
20,96.8,없음,어문,34.2,71.9,51,있음,41.9
26,56.2,있음,예술,51.9,84.7,3,있음,52.8
23,80.2,있음,어문,60.8,94.7,9,있음,55.3
1,86.5,있음,자연,42.7,89.1,35,,41.9
16,95.1,없음,사회,36.3,77.0,46,없음,51.4
41,77.9,없음,공학,85.4,89.7,2,,74.1
28,79.8,없음,사회,67.8,72.8,39,있음,54.3
15,72.3,있음,자연,42.0,74.2,25,없음,47.0
41,82.4,없음,예술,86.4,63.2,6,있음,68.4
23,94.5,없음,자연,52.6,69.1,37,있음,47.8
1,62.6,없음,어문,9.0,80.6,39,없음,26.7
24,73.1,없음,공학,64.1,77.1,4,있음,57.9
11,63.5,없음,공학,34.4,70.4,20,없음,33.5
29,61.3,없음,자연,66.1,74.7,7,없음,62.1
12,48.0,없음,자연,42.7,100.0,46,없음,56.6
18,78.5,없음,예술,36.2,85.3,2,없음,43.5
24,84.7,없음,어문,50.1,86.4,34,있음,43.8
3,71.4,없음,공학,27.5,83.7,25,있음,37.0
4,76.1,없음,사회,42.7,84.3,17,,57.8
30,66.0,있음,자연,58.4,70.5,47,없음,54.1
25,56.1,있음,예술,67.2,88.4,37,있음,57.5
41,85.2,없음,공학,84.5,69.2,38,있음,62.5
20,94.1,없음,예술,54.0,72.7,42,있음,45.8
24,68.7,없음,자연,67.2,70.0,0,있음,63.3
17,75.6,없음,자연,51.2,90.3,47,없음,55.0
33,79.5,없음,공학,57.2,90.7,16,없음,56.1
26,68.9,있음,어문,53.6,70.6,27,있음,51.6
22,65.7,없음,어문,44.2,84.0,4,있음,42.3
30,95.5,없음,사회,73.9,85.6,41,없음,68.3
35,52.2,없음,자연,45.8,88.3,48,있음,56.7
11,81.5,있음,공학,50.7,62.3,31,없음,48.7
28,96.4,없음,어문,77.5,76.9,28,없음,64.5
34,69.1,없음,자연,75.7,63.5,28,없음,60.7
14,82.9,없음,자연,59.6,83.9,40,없음,55.2
5,96.4,없음,공학,59.2,78.8,39,없음,55.2
26,76.5,있음,어문,74.1,59.0,8,없음,74.7
13,75.4,없음,어문,35.2,91.4,40,있음,58.9
40,74.0,없음,어문,75.3,99.8,27,있음,61.5
19,96.0,없음,공학,45.9,83.8,33,없음,47.7
38,68.8,없음,사회,81.1,64.5,27,있음,74.2
14,84.3,없음,공학,35.2,58.0,4,있음,52.6
26,89.9,있음,어문,77.5,62.1,7,있음,66.6
27,79.4,없음,예술,65.8,78.8,2,,55.7
13,95.4,없음,공학,43.7,92.2,33,있음,41.2
13,81.0,없음,공학,22.9,63.4,28,있음,52.7
33,77.8,없음,예술,61.7,81.9,47,,61.3
4,83.2,없음,자연,19.6,81.8,51,있음,26.3
8,69.9,없음,사회,10.4,83.4,28,있음,33.4
13,71.3,있음,예술,40.4,72.8,37,없음,41.8
17,94.7,없음,자연,51.4,91.3,24,있음,45.7
29,51.0,없음,자연,67.4,79.1,37,있음,63.9
34,57.9,있음,공학,68.3,65.9,31,있음,53.7
18,57.4,있음,공학,44.1,72.5,24,없음,26.2
24,73.1,없음,자연,74.5,88.9,51,없음,68.4
39,71.8,없음,어문,61.4,90.0,9,없음,70.3
14,98.6,없음,공학,38.7,63.0,5,있음,44.4
11,76.4,있음,공학,50.5,76.4,35,없음,39.4
13,100.0,없음,어문,29.9,58.0,47,없음,33.7
11,97.9,없음,어문,29.7,67.0,45,없음,38.9
3,71.4,없음,예술,51.6,85.4,13,있음,44.7
12,50.8,있음,어문,61.5,99.1,46,있음,47.4
29,73.9,있음,예술,81.4,100.0,2,없음,62.2
6,75.9,없음,예술,,88.0,6,있음,28.4
18,81.9,있음,어문,46.2,74.2,17,있음,45.0
1,69.2,있음,사회,29.8,79.5,18,없음,42.0
6,85.0,없음,어문,38.9,65.3,16,있음,59.1
22,70.5,없음,사회,59.5,70.4,14,없음,62.6
19,68.1,없음,자연,28.8,68.4,18,있음,33.5
38,81.9,있음,사회,87.1,80.4,8,있음,79.0
22,84.6,없음,자연,56.5,100.0,48,없음,61.5
25,73.5,없음,예술,75.4,95.2,23,없음,70.6
4,75.2,없음,예술,,58.4,41,있음,34.4
15,57.7,없음,어문,29.3,93.8,22,있음,38.9
22,48.0,있음,사회,51.2,85.2,51,없음,68.9
17,91.3,없음,어문,32.1,75.3,16,없음,48.8
29,82.3,없음,어문,68.1,77.6,8,있음,62.3
40,54.6,없음,공학,73.2,66.9,25,있음,61.2
27,73.9,없음,사회,47.2,76.8,18,있음,55.8
25,52.5,없음,공학,,64.0,31,,34.3
25,95.2,없음,공학,63.1,100.0,45,없음,60.1
17,84.8,없음,사회,39.7,67.7,48,있음,56.6
10,68.7,없음,공학,35.9,82.7,12,있음,53.0
32,96.6,없음,공학,85.2,71.4,8,있음,69.0
17,67.9,없음,공학,61.1,74.6,50,있음,52.4
28,77.1,있음,공학,65.2,96.1,27,있음,54.7
13,66.1,없음,공학,34.1,60.2,35,없음,40.1
13,74.2,없음,사회,22.9,66.9,20,있음,43.5
7,94.7,없음,예술,43.8,72.6,33,없음,46.8
3,65.8,없음,어문,12.3,92.6,8,없음,26.9
28,76.6,없음,어문,63.0,68.7,11,있음,70.4
22,71.1,없음,사회,38.7,68.9,44,없음,59.5
15,74.3,있음,사회,49.7,82.2,45,없음,32.1
29,81.3,없음,예술,,77.8,16,없음,58.3
38,88.1,없음,예술,69.5,82.7,42,없음,72.7
15,78.2,없음,자연,10.7,74.0,47,없음,33.3
12,70.7,있음,사회,66.8,73.1,48,없음,52.9
32,75.5,있음,어문,84.6,72.0,18,없음,67.2
5,70.2,있음,공학,36.9,72.7,45,있음,49.6
10,100.0,없음,어문,61.0,99.3,32,,79.1
38,57.7,없음,예술,86.5,79.8,11,있음,70.7
13,93.7,있음,자연,45.7,76.1,23,있음,43.0
7,84.0,있음,사회,49.3,96.5,42,없음,46.5
4,67.6,없음,예술,11.4,84.2,37,없음,22.9
13,87.6,없음,자연,40.5,95.9,7,있음,20.2
36,85.4,없음,예술,88.2,76.6,43,있음,63.7
27,59.1,있음,어문,46.9,86.9,23,있음,64.8
11,62.8,없음,사회,45.2,75.3,24,없음,51.6
18,87.7,없음,어문,47.0,91.4,6,있음,57.9
5,66.2,있음,자연,30.5,69.6,7,있음,39.7
27,67.4,없음,자연,65.7,100.0,20,없음,78.3
25,62.2,있음,공학,63.5,98.9,11,없음,49.8
16,93.8,있음,공학,42.0,69.4,24,있음,41.2
38,100.0,없음,예술,65.6,76.3,18,있음,60.9
23,95.6,있음,공학,64.6,94.3,10,없음,67.5
26,64.2,없음,사회,48.5,76.7,0,있음,48.3
3,100.0,있음,사회,54.3,81.1,13,있음,60.9
1,59.7,없음,어문,1.6,60.2,9,없음,23.6
5,62.3,없음,어문,0.0,89.4,33,없음,40.4
22,100.0,있음,자연,67.7,88.1,48,없음,54.6
15,92.0,없음,자연,57.6,88.6,11,없음,54.3
4,100.0,있음,자연,24.6,60.3,46,없음,36.4
8,67.3,있음,예술,50.3,100.0,26,있음,66.1
17,73.6,없음,사회,44.0,69.2,46,있음,38.4
32,78.9,없음,어문,66.1,58.0,39,없음,61.0
22,75.2,없음,자연,42.5,83.1,3,없음,39.7
23,79.1,없음,사회,52.9,100.0,7,있음,50.1
40,80.8,없음,예술,73.9,90.6,16,있음,78.5
24,48.0,없음,자연,65.9,80.3,40,있음,58.1
20,67.6,없음,사회,55.6,95.4,2,없음,58.8
22,82.7,있음,사회,57.7,79.7,10,없음,50.9
39,77.3,없음,공학,63.5,85.1,28,없음,64.4
25,72.1,있음,공학,64.7,73.1,43,없음,65.3
20,84.2,없음,어문,45.6,78.6,34,,44.4
27,70.7,없음,어문,74.4,100.0,42,있음,67.5
5,81.7,없음,사회,8.8,65.4,46,있음,35.5
39,86.0,없음,공학,100.0,87.7,44,없음,85.2
21,88.7,없음,자연,56.7,61.1,49,있음,65.7
21,68.9,없음,어문,50.6,93.3,42,있음,57.4
7,78.3,없음,공학,,66.8,32,없음,41.9
18,63.9,없음,사회,53.9,61.6,1,있음,44.5
23,74.1,없음,예술,65.5,75.0,39,있음,64.4
37,74.2,있음,자연,57.6,64.4,47,있음,63.9
28,66.6,있음,예술,64.4,61.9,26,없음,62.0
10,83.2,없음,공학,40.1,71.9,31,있음,44.2
17,52.5,없음,사회,37.0,60.3,21,있음,37.9
14,52.3,있음,공학,52.4,61.4,27,없음,45.4
27,60.5,있음,예술,61.6,92.5,48,있음,60.2
11,60.8,있음,어문,35.2,88.5,9,있음,44.8
11,100.0,없음,사회,30.1,79.2,43,없음,42.3
34,79.9,있음,어문,89.5,82.7,51,있음,72.8
32,79.5,없음,자연,83.2,89.9,13,없음,53.3
13,100.0,없음,공학,59.8,100.0,5,있음,66.9
12,58.3,없음,예술,44.7,85.4,27,없음,39.2
26,95.5,없음,공학,75.7,83.6,49,없음,55.1
16,56.7,없음,예술,29.7,84.2,31,없음,31.6
11,91.0,없음,어문,28.6,86.7,0,있음,36.5
10,99.4,없음,자연,54.8,87.0,40,,56.5
26,62.2,없음,어문,61.2,77.2,34,,61.6
18,76.9,없음,자연,31.4,75.8,49,있음,42.5
12,74.1,없음,공학,17.5,92.8,8,없음,24.6
26,80.2,없음,공학,82.9,63.1,44,없음,67.7
25,73.5,있음,예술,64.5,90.6,37,없음,59.2
27,66.1,없음,자연,65.7,93.2,6,있음,58.2
22,93.0,없음,공학,43.5,74.3,29,없음,56.5
7,82.3,없음,사회,32.1,73.8,34,,63.4
9,70.6,없음,어문,24.2,66.8,15,없음,41.7
25,58.5,없음,사회,61.7,78.2,41,없음,64.4
35,99.6,없음,공학,75.5,83.8,34,있음,56.6
34,66.7,없음,예술,73.1,89.0,39,있음,72.3
3,67.2,없음,공학,9.1,88.6,27,있음,16.7
19,80.3,없음,사회,32.6,86.1,15,있음,47.0
9,60.7,없음,어문,30.8,59.1,6,없음,43.1
22,57.1,있음,어문,61.9,82.4,3,있음,47.7
26,67.3,없음,공학,92.7,94.9,42,없음,68.4
33,61.5,없음,공학,64.8,97.4,16,있음,74.2
30,59.8,없음,어문,51.5,76.3,37,있음,49.5
31,74.3,없음,자연,80.5,74.5,10,없음,81.7
40,76.7,없음,자연,80.6,80.5,14,없음,75.1
19,68.2,없음,어문,50.7,88.5,19,없음,54.7
27,69.8,없음,어문,92.8,80.6,16,있음,80.6
9,82.5,있음,공학,34.8,58.0,35,있음,34.9
19,78.3,없음,공학,44.3,79.3,25,있음,44.3
32,97.1,없음,어문,65.5,95.7,18,있음,71.1
18,67.5,없음,공학,54.0,83.0,36,없음,54.1
9,77.5,없음,자연,25.3,91.5,51,있음,34.6
23,79.0,있음,사회,56.0,80.0,11,없음,68.5
34,70.8,있음,사회,83.5,78.0,48,없음,68.0
26,65.6,없음,예술,54.7,78.2,37,없음,43.8
10,66.1,없음,사회,37.9,100.0,30,없음,42.7
38,70.2,있음,사회,63.6,79.8,44,있음,56.7
12,65.1,없음,공학,45.7,90.9,7,있음,34.0
31,100.0,없음,예술,70.5,100.0,22,없음,69.3
10,96.9,없음,사회,41.1,99.6,27,있음,38.5
20,57.3,없음,자연,38.8,100.0,14,있음,44.8
21,84.7,없음,공학,59.0,74.9,34,없음,64.0
15,70.3,있음,자연,52.3,75.2,28,없음,41.9
16,78.6,없음,자연,15.8,60.6,6,,31.4
4,91.9,없음,예술,24.0,61.3,15,없음,40.1
32,71.6,없음,예술,79.8,75.7,50,있음,72.0
20,76.5,없음,어문,48.3,100.0,5,없음,46.5
4,75.6,없음,공학,21.5,82.5,42,없음,37.8
16,80.4,없음,사회,40.1,92.2,39,있음,57.3
3,79.1,없음,자연,23.4,70.0,7,있음,41.0
9,71.6,없음,공학,29.8,80.2,11,있음,44.3
22,69.2,있음,자연,54.1,71.4,40,없음,54.0
17,98.7,없음,사회,49.4,88.5,13,있음,49.5
15,81.6,없음,공학,43.6,86.7,27,없음,43.5
16,72.1,있음,자연,54.5,82.6,46,있음,39.1
17,92.4,없음,사회,58.0,74.9,3,없음,45.6
11,72.8,없음,사회,32.3,97.3,29,있음,48.8
28,88.3,없음,어문,60.6,86.2,25,없음,55.1
19,74.8,있음,사회,55.8,100.0,14,있음,44.9
19,69.8,있음,예술,34.3,71.7,31,,53.2
20,89.7,있음,어문,53.8,80.0,51,없음,57.6
10,71.0,없음,예술,28.5,81.8,40,있음,53.0
9,71.7,없음,예술,40.0,58.0,40,없음,40.6
33,80.2,있음,자연,,89.6,11,없음,84.2
14,66.9,없음,공학,38.4,81.8,46,없음,41.0
5,77.7,없음,자연,13.8,75.4,30,,18.1
24,80.9,없음,예술,55.3,59.5,15,있음,41.7
4,75.7,없음,예술,42.5,96.0,45,없음,64.0
20,79.8,있음,어문,80.8,76.5,39,없음,76.7
34,77.3,없음,사회,82.7,70.7,24,있음,68.8
22,75.6,없음,사회,62.1,96.6,14,있음,48.2
35,94.0,있음,사회,74.6,77.5,0,있음,66.1
14,94.2,없음,어문,49.7,64.8,36,없음,56.5
22,85.7,없음,자연,39.9,76.7,1,,56.4
4,85.4,있음,공학,42.0,75.2,21,없음,49.0
41,73.6,없음,공학,84.5,65.5,10,없음,72.2
24,81.9,있음,예술,60.8,70.2,9,없음,52.5
40,61.6,있음,공학,84.5,85.8,32,없음,80.3
32,77.9,없음,공학,76.4,72.6,16,있음,53.0
30,83.1,있음,자연,79.2,75.9,37,있음,64.8
29,67.7,없음,공학,66.4,86.7,28,,62.3
30,81.7,없음,공학,,69.7,11,없음,70.3
23,63.9,없음,자연,47.9,78.2,32,없음,57.0
25,92.6,없음,자연,59.1,95.8,45,있음,52.3
6,88.7,없음,어문,54.6,79.9,13,없음,58.6
34,91.7,없음,어문,76.5,100.0,42,없음,72.0
14,66.6,없음,사회,38.5,69.0,1,있음,51.9
31,90.1,없음,사회,65.0,100.0,20,있음,61.9
2,73.2,없음,자연,9.8,93.8,10,없음,42.3
21,90.6,없음,자연,58.1,70.9,26,있음,56.4
11,65.6,없음,어문,33.2,96.3,41,없음,48.5
29,84.8,없음,사회,74.3,96.2,13,없음,66.8
22,67.5,없음,공학,66.8,85.0,38,있음,62.4
21,68.5,없음,예술,55.4,91.8,48,있음,54.6
7,70.2,있음,공학,38.8,84.8,0,없음,30.6
2,90.5,있음,사회,31.0,62.1,36,없음,50.0
33,90.2,없음,자연,59.8,70.1,43,없음,39.5
18,71.9,없음,예술,,58.0,41,없음,54.7
2,83.4,있음,어문,19.4,68.6,27,없음,54.9
21,94.0,없음,공학,45.7,100.0,32,없음,55.2
10,79.0,있음,어문,,73.0,39,없음,38.7
20,65.3,있음,사회,52.6,95.9,29,없음,52.4
10,61.7,있음,자연,43.6,93.1,50,없음,43.2
10,82.9,없음,자연,39.3,79.4,6,없음,53.3
3,82.7,없음,어문,32.1,78.3,9,있음,45.4
13,74.3,없음,사회,52.5,74.0,27,없음,52.4
7,62.4,없음,사회,32.2,73.8,13,있음,37.0
33,76.4,없음,공학,,90.3,40,있음,76.9
28,73.1,없음,사회,77.0,69.5,13,없음,70.8
5,48.4,없음,예술,22.8,96.5,13,,30.9
6,88.4,없음,자연,35.2,66.8,2,없음,40.1
24,56.6,없음,어문,53.0,70.2,23,있음,63.5
40,68.3,없음,자연,73.7,71.5,51,있음,67.7
34,71.1,있음,공학,76.7,82.8,16,없음,59.6
32,84.4,없음,자연,58.7,92.5,7,있음,72.8
13,80.8,있음,어문,16.8,73.4,32,있음,39.8
23,71.9,없음,예술,50.5,74.6,3,있음,51.8
35,70.1,없음,자연,65.1,75.6,9,있음,61.6
32,70.7,있음,어문,76.9,60.9,38,있음,69.4
12,77.6,없음,어문,47.3,60.0,15,없음,50.1
5,70.4,없음,공학,34.2,72.2,28,있음,37.0
4,77.9,없음,사회,32.7,83.8,26,있음,52.5
1,65.0,없음,예술,31.4,77.4,41,있음,45.9
11,81.9,없음,예술,65.8,94.0,44,없음,66.6
18,66.5,없음,공학,,93.9,3,있음,33.1
15,89.6,없음,어문,36.0,58.0,1,있음,51.6
10,73.2,있음,예술,38.8,67.8,6,없음,45.9
32,71.0,없음,자연,79.2,71.0,12,있음,67.8
20,75.9,있음,자연,,80.7,42,있음,50.7
24,53.2,없음,공학,55.6,87.4,34,있음,60.9
36,81.0,있음,공학,89.2,90.7,32,없음,78.1
15,56.3,있음,사회,,65.4,23,없음,48.5
37,51.2,없음,어문,,86.8,12,없음,76.8
36,84.1,없음,어문,65.0,95.9,13,있음,69.4
13,78.5,있음,어문,15.0,75.5,36,없음,48.6
17,86.6,있음,공학,41.0,77.8,42,없음,42.8
23,89.0,있음,어문,70.3,76.5,0,없음,58.8
18,59.4,없음,어문,53.3,84.2,7,없음,57.3
25,89.8,있음,사회,48.4,91.3,28,없음,47.6
27,62.6,없음,어문,49.6,84.7,20,있음,54.4
12,57.6,없음,사회,,91.1,2,,30.0
28,68.9,있음,어문,64.9,71.2,34,없음,60.9
13,93.8,없음,자연,38.9,80.5,14,있음,42.1
26,85.2,있음,어문,61.8,73.5,50,없음,66.8
17,70.9,없음,사회,47.4,78.2,48,있음,48.7
20,80.9,없음,자연,46.0,80.4,9,있음,50.9
8,77.7,없음,공학,33.1,72.2,1,없음,52.2
23,75.8,있음,자연,77.8,83.2,23,없음,76.4
2,100.0,없음,공학,42.9,87.9,20,있음,42.5
11,52.5,없음,자연,25.4,67.1,24,있음,30.9
12,64.4,없음,공학,34.4,79.7,28,있음,41.2
28,78.1,없음,사회,80.5,62.7,11,있음,60.7
3,62.3,없음,어문,24.3,80.5,50,있음,44.9
16,55.6,없음,공학,29.2,91.7,28,없음,39.4
10,80.0,없음,공학,28.0,66.0,48,없음,38.4
3,56.9,없음,어문,22.5,86.9,50,없음,34.8
14,100.0,없음,자연,37.5,81.9,36,없음,46.6
7,55.4,있음,자연,25.0,70.6,49,,39.0
34,96.8,없음,자연,58.6,83.1,6,있음,69.2
21,62.1,없음,어문,54.8,58.0,43,없음,49.7
13,64.6,없음,사회,77.2,100.0,51,있음,58.8
29,66.6,없음,사회,57.2,89.4,10,있음,54.1
21,75.2,없음,어문,33.4,64.2,7,없음,45.8
31,69.5,없음,예술,60.2,100.0,48,없음,65.5
3,83.9,없음,공학,19.6,72.8,33,없음,19.7
41,100.0,없음,자연,91.0,83.9,41,있음,80.1
26,94.5,있음,어문,66.9,88.8,6,없음,61.8
5,93.3,있음,자연,29.1,87.6,24,없음,41.3
15,99.6,있음,사회,68.8,76.3,29,있음,54.7
29,100.0,있음,어문,71.0,63.3,36,있음,61.2
15,77.1,없음,사회,24.7,73.6,45,있음,36.9
24,83.5,없음,자연,62.9,99.0,38,없음,70.0
10,75.8,있음,자연,43.6,83.3,7,,44.9
30,58.7,있음,예술,66.2,70.0,34,있음,66.4
38,88.1,없음,어문,64.7,65.2,2,없음,70.0
39,100.0,없음,공학,68.5,90.4,13,없음,58.4
33,52.7,없음,사회,65.5,74.8,18,없음,61.3
41,61.4,없음,사회,76.9,88.2,51,있음,66.4
18,53.3,없음,공학,51.2,75.4,45,없음,49.5
20,58.7,없음,사회,16.9,87.9,24,있음,40.3
23,100.0,있음,사회,78.9,79.5,45,없음,67.7
11,79.0,없음,공학,35.4,90.6,23,없음,42.3
36,85.7,있음,자연,65.7,58.0,44,없음,62.9
31,87.7,있음,예술,92.6,86.1,30,없음,72.4
40,57.5,있음,어문,100.0,89.6,49,있음,74.1
8,64.8,있음,공학,53.5,60.7,16,없음,50.7
7,67.7,있음,사회,36.9,81.3,20,,55.8
7,76.2,없음,공학,29.9,99.7,27,없음,42.0
1,72.4,있음,어문,28.7,80.5,2,없음,40.8
12,58.4,없음,어문,9.6,65.1,41,있음,16.5
7,58.3,있음,자연,21.5,100.0,48,없음,35.8
4,48.0,있음,어문,18.5,76.6,47,없음,33.7
24,79.8,없음,예술,50.1,77.6,30,있음,62.3
1,56.4,있음,사회,31.7,98.7,8,있음,36.5
32,67.1,없음,공학,46.7,82.6,20,있음,53.5
35,56.1,없음,자연,70.2,92.2,9,있음,76.9
12,75.5,없음,어문,44.0,76.2,44,없음,55.2
30,62.2,없음,자연,59.9,74.7,14,있음,56.8
17,74.1,없음,자연,38.9,65.6,20,있음,50.2
31,99.2,없음,어문,72.2,78.1,15,없음,78.4
30,68.2,없음,어문,73.7,69.5,17,없음,74.4
6,54.6,없음,예술,23.9,74.0,31,없음,45.6
24,78.4,있음,공학,68.8,97.5,27,없음,80.3
12,57.7,있음,자연,28.1,58.0,42,있음,43.6
31,84.0,있음,어문,59.7,85.8,12,있음,65.9
34,88.4,없음,어문,91.0,88.2,37,없음,66.3
20,54.4,없음,자연,59.3,100.0,7,,46.7
19,73.2,없음,자연,53.7,77.1,44,있음,42.0
24,71.3,없음,자연,,80.6,44,있음,39.4
35,75.5,없음,어문,94.2,100.0,30,있음,73.4
31,61.9,없음,공학,,89.4,45,있음,64.4
26,70.7,없음,자연,,77.2,20,없음,57.7
28,100.0,없음,사회,59.6,77.9,4,있음,53.9
11,93.9,없음,공학,44.8,63.8,33,없음,48.7
39,99.4,없음,자연,93.1,64.9,24,있음,68.0
32,66.9,없음,사회,63.5,84.6,23,없음,64.6
20,87.7,없음,어문,56.4,72.3,32,있음,45.3
28,77.8,없음,공학,67.7,91.1,37,없음,42.8
4,82.4,없음,예술,56.6,85.2,26,없음,49.8
41,88.5,없음,공학,79.1,79.3,45,,62.1
38,85.5,없음,어문,93.3,66.5,16,없음,67.9
24,99.6,없음,예술,45.0,67.5,14,있음,49.6
28,90.8,있음,어문,58.4,80.0,13,있음,54.2
21,75.9,없음,자연,49.9,72.0,28,없음,56.8
14,63.6,없음,사회,21.8,81.5,2,없음,37.1
5,65.5,있음,어문,32.5,85.0,31,있음,23.7
5,98.8,있음,공학,43.2,82.0,28,있음,44.8
18,79.3,없음,어문,40.2,78.4,11,없음,37.8
12,87.9,없음,사회,30.6,69.1,14,없음,41.8
23,66.5,없음,어문,43.8,85.4,2,있음,38.0
8,81.1,있음,어문,30.7,68.9,12,있음,44.2
30,87.9,없음,자연,58.2,76.3,40,있음,54.1
11,64.2,없음,어문,23.7,70.1,27,있음,32.3
24,78.7,없음,사회,62.7,83.1,13,없음,63.9
35,77.6,없음,자연,89.0,87.5,17,있음,84.7
29,50.7,없음,사회,50.7,80.4,1,없음,44.1
3,76.7,없음,공학,18.0,81.4,36,있음,40.8
18,67.2,없음,예술,40.5,76.9,18,없음,39.2
14,100.0,있음,자연,39.4,68.2,0,있음,55.4
17,83.3,없음,어문,54.6,79.4,17,없음,61.7
18,65.3,없음,예술,28.8,75.5,33,있음,40.3
19,56.2,없음,예술,35.0,88.4,40,없음,43.4
2,76.2,있음,사회,52.4,71.5,26,있음,46.8
2,76.9,있음,공학,19.3,64.4,8,있음,20.2
2,77.8,없음,공학,28.2,67.0,14,있음,35.4
23,68.6,없음,자연,,100.0,40,있음,53.1
13,88.3,없음,공학,40.8,79.2,17,있음,45.6
31,51.1,없음,공학,58.5,89.1,51,,60.9
18,56.8,있음,예술,43.0,64.6,32,있음,41.8
32,81.6,있음,사회,70.9,76.6,41,없음,54.5
21,70.6,없음,예술,41.1,74.0,4,있음,65.9
35,81.0,있음,어문,65.8,68.8,40,있음,61.8
8,66.0,있음,어문,40.6,100.0,45,없음,51.7
17,68.8,없음,어문,50.9,82.1,34,없음,43.8
31,93.0,없음,공학,82.6,66.4,49,없음,73.1
37,64.5,없음,공학,76.7,74.8,26,없음,74.8
21,89.7,없음,사회,59.6,75.7,3,없음,55.1
33,77.1,있음,사회,77.0,77.7,51,없음,70.8
1,90.2,없음,어문,39.6,80.1,12,있음,50.8
31,66.3,있음,자연,74.7,89.6,19,있음,66.3
40,81.8,없음,공학,96.0,65.1,31,없음,76.8
18,56.7,없음,어문,46.9,99.5,36,있음,37.6
11,99.6,없음,공학,48.6,65.7,0,,42.2
11,75.2,없음,사회,41.9,76.9,4,있음,55.8
6,75.0,있음,자연,,91.3,4,없음,38.6
6,53.7,있음,사회,16.0,73.5,23,있음,32.4
26,77.8,없음,자연,38.0,71.0,35,있음,37.4
34,55.3,없음,자연,69.6,84.3,43,있음,63.0
3,66.0,없음,공학,8.4,73.7,10,있음,35.6
31,48.0,있음,어문,66.7,83.0,35,있음,61.4
36,63.9,없음,사회,83.8,83.2,18,있음,61.7
27,48.0,없음,자연,30.0,90.2,51,없음,44.2
29,50.0,없음,공학,86.9,82.2,47,없음,67.7
41,89.1,있음,예술,87.5,88.0,18,없음,67.4
2,73.0,없음,사회,21.5,79.7,50,있음,33.3
10,60.4,있음,공학,41.4,92.0,34,없음,42.1
7,67.1,없음,자연,18.7,78.6,6,있음,42.2
25,97.1,있음,사회,62.9,77.2,39,있음,68.5
36,88.9,없음,사회,65.0,75.8,43,,63.7
36,65.1,없음,예술,54.9,81.5,30,없음,60.7
36,48.3,없음,예술,62.9,90.0,21,있음,57.2
8,83.3,있음,공학,35.7,70.3,34,없음,42.5
16,100.0,있음,어문,52.5,82.8,35,없음,63.2
39,84.8,없음,공학,72.2,87.5,4,없음,55.5
38,58.6,없음,사회,61.6,65.0,23,있음,70.2
24,71.2,있음,자연,72.2,90.4,42,없음,63.2
1,65.5,없음,사회,1.2,76.8,12,없음,31.5
3,58.7,있음,어문,0.0,75.7,9,없음,31.5
9,49.3,없음,공학,28.9,100.0,42,있음,58.8
31,94.8,없음,어문,65.7,92.5,39,없음,60.3
26,62.8,있음,예술,52.5,84.2,50,없음,58.9
14,100.0,있음,예술,44.1,73.3,28,있음,41.5
24,90.3,없음,공학,84.6,93.8,19,있음,74.8
20,78.1,없음,사회,61.1,92.9,7,없음,65.0
5,64.6,없음,예술,12.9,78.4,18,있음,34.3
33,70.1,없음,예술,56.9,77.7,48,없음,44.5
39,94.5,있음,예술,78.9,74.0,13,없음,62.5
33,83.7,있음,어문,84.2,70.3,47,없음,62.7
24,69.4,없음,사회,32.7,70.0,37,없음,43.8
8,80.9,없음,사회,21.9,75.7,33,없음,37.0
8,64.3,없음,자연,10.3,84.0,20,없음,31.3
23,85.9,없음,예술,67.1,85.0,26,없음,52.6
2,70.5,없음,어문,2.8,58.0,46,없음,34.2
12,83.1,있음,공학,49.4,58.8,38,있음,41.2
21,51.8,있음,자연,75.5,86.3,21,있음,52.9
29,59.6,없음,예술,36.5,78.5,7,없음,32.2
34,81.8,없음,어문,81.4,81.9,8,있음,61.2
9,89.1,없음,공학,36.8,58.0,43,있음,46.9
5,85.9,있음,공학,45.8,87.3,11,,48.3
34,96.4,없음,자연,70.1,77.9,48,있음,59.6
5,48.0,없음,어문,15.8,68.8,38,있음,55.3
30,77.6,있음,공학,74.1,70.0,17,있음,80.3
27,52.3,없음,예술,58.8,99.9,19,있음,61.4
28,93.1,없음,공학,64.7,69.9,24,있음,62.0
34,90.5,없음,사회,57.1,85.4,18,없음,63.0
24,84.3,없음,공학,68.2,85.8,30,있음,55.8
8,78.2,있음,예술,48.7,100.0,47,없음,57.5
27,91.1,없음,어문,48.7,72.3,25,있음,52.2
26,69.9,없음,예술,65.9,73.5,45,없음,65.3
11,57.5,없음,예술,13.6,73.5,10,있음,32.7
37,65.7,없음,예술,46.4,58.1,23,있음,57.4
27,73.0,없음,공학,81.7,86.2,7,있음,58.1
32,81.1,있음,사회,77.1,82.1,36,있음,73.6
33,100.0,없음,사회,83.5,99.3,22,,70.1
5,48.0,없음,예술,8.5,87.1,16,없음,26.8
38,89.7,없음,어문,78.9,83.2,29,있음,72.3
1,81.4,없음,공학,22.7,93.0,44,없음,39.8
26,76.7,없음,어문,68.8,70.6,42,없음,66.2
9,54.6,없음,사회,9.0,100.0,8,있음,28.2
2,80.8,있음,사회,,65.4,3,있음,26.5
32,79.6,없음,어문,68.9,81.2,4,없음,54.8
2,69.2,없음,어문,17.9,90.0,28,없음,44.0
20,68.3,없음,사회,37.5,100.0,15,없음,52.8
13,71.3,없음,예술,40.6,75.6,35,없음,30.4
40,77.1,있음,공학,83.4,81.8,30,없음,80.2
33,86.8,없음,어문,59.0,98.3,19,없음,54.8
25,80.7,없음,공학,52.5,84.1,11,없음,34.0
16,75.1,없음,공학,25.0,67.4,6,있음,35.0
8,57.2,없음,어문,29.4,77.6,47,없음,44.0
21,88.5,있음,사회,64.3,72.7,49,있음,48.7
20,83.2,없음,사회,63.7,74.0,39,없음,53.7
33,61.1,없음,사회,72.4,78.8,20,없음,65.4
37,57.5,없음,사회,64.0,76.0,51,없음,49.0
12,84.2,있음,공학,57.0,86.9,30,없음,68.6
27,95.0,없음,사회,52.7,88.6,8,있음,51.5
25,58.6,없음,자연,61.6,71.4,27,없음,51.7
39,81.6,있음,공학,78.9,69.1,11,있음,78.8
38,92.7,있음,공학,71.0,80.8,17,없음,60.8
26,78.5,없음,공학,67.7,90.3,11,없음,68.1
10,73.5,없음,사회,33.5,58.0,12,있음,55.8
4,66.8,없음,공학,33.1,79.0,34,없음,43.4
10,88.6,없음,공학,33.8,61.9,18,있음,46.0
25,74.3,있음,자연,16.5,61.8,20,있음,36.3
16,78.7,없음,공학,,92.5,29,,46.7
25,71.2,없음,예술,43.6,64.9,13,있음,39.1
29,92.0,있음,사회,70.8,87.2,49,없음,56.5
22,86.2,없음,어문,67.5,80.4,22,없음,57.1
14,80.3,없음,자연,41.0,74.5,26,있음,44.4
41,77.3,없음,사회,80.0,68.8,24,있음,76.3
6,69.7,없음,사회,27.1,69.6,48,없음,45.9
13,75.9,없음,예술,35.1,84.2,29,없음,49.7
39,80.7,있음,어문,100.0,75.3,1,없음,74.1
12,58.1,없음,사회,42.0,72.5,24,없음,43.9
27,87.7,없음,예술,60.8,81.1,12,없음,50.3
20,48.0,없음,사회,20.4,72.5,3,없음,44.5
19,71.3,있음,사회,72.4,96.4,4,있음,64.2
26,81.5,없음,공학,,65.0,20,있음,66.7
9,56.1,없음,자연,26.1,76.1,42,없음,28.1
29,90.7,없음,어문,51.3,77.1,48,없음,69.7
38,65.1,없음,예술,70.3,77.2,15,있음,49.1
4,73.4,없음,예술,18.2,80.4,46,있음,36.4
36,62.5,없음,어문,71.7,86.7,30,없음,62.0
40,96.0,없음,자연,79.8,67.8,9,있음,62.3
32,67.0,없음,예술,78.2,85.3,43,없음,81.7
29,85.4,있음,사회,80.3,58.0,20,있음,61.3
1,83.4,없음,자연,25.0,69.8,16,없음,36.2
20,50.8,없음,자연,42.7,75.0,16,없음,45.7
5,96.8,있음,자연,44.4,80.7,30,,44.6
11,100.0,없음,어문,27.3,73.6,51,있음,45.4
23,93.6,없음,어문,61.4,78.3,33,없음,70.1
14,80.8,없음,자연,58.8,77.2,2,없음,46.8
38,81.6,없음,사회,50.8,65.7,21,있음,56.6
30,55.5,없음,공학,55.7,80.1,25,없음,42.5
20,82.7,없음,예술,68.6,100.0,31,없음,58.6
32,94.0,없음,사회,55.8,70.2,28,없음,55.0
3,97.8,있음,예술,28.6,84.9,25,있음,40.9
18,87.1,없음,자연,52.3,81.0,27,없음,50.0
16,88.0,없음,어문,48.1,58.0,41,있음,54.4
21,62.8,없음,예술,62.0,87.7,46,있음,53.7
20,63.7,있음,사회,57.0,72.9,43,있음,60.8
12,71.5,없음,공학,58.9,77.0,49,없음,53.3
35,96.7,없음,어문,91.7,76.5,2,있음,66.4
9,87.6,있음,예술,19.3,71.7,30,없음,36.9
33,66.8,없음,자연,58.6,58.0,21,있음,56.3
7,67.4,없음,사회,26.6,87.0,25,없음,40.9
4,97.1,있음,예술,20.7,76.5,26,있음,31.4
3,64.1,있음,공학,40.4,90.3,23,없음,38.8
32,95.0,없음,어문,56.1,82.3,36,없음,59.4
25,66.3,있음,공학,59.3,69.0,15,있음,58.1
9,89.5,없음,어문,6.3,65.3,50,있음,16.4
24,87.8,없음,어문,50.5,71.8,43,없음,52.6
28,52.5,없음,자연,73.9,76.7,1,없음,58.9
26,77.4,없음,공학,60.8,88.7,44,없음,44.8
13,78.5,있음,어문,48.3,67.5,4,있음,36.5
19,49.9,있음,공학,57.1,79.4,48,있음,72.5
39,69.4,없음,사회,50.9,100.0,3,없음,48.5
1,65.2,없음,어문,31.1,58.0,43,있음,43.3
6,79.1,없음,공학,10.7,69.3,44,없음,30.1
17,100.0,없음,자연,73.8,73.4,16,없음,72.4
11,74.0,있음,자연,33.0,84.9,31,있음,48.3
9,86.5,있음,사회,,79.2,26,없음,49.0
32,100.0,없음,자연,69.2,59.2,25,없음,77.6
15,71.8,없음,예술,19.5,58.0,24,없음,26.5
28,88.7,없음,어문,49.1,86.9,1,,58.2
17,59.5,없음,어문,35.8,84.2,11,없음,35.3
26,67.9,없음,사회,48.8,82.6,4,있음,46.3
35,86.4,있음,공학,90.1,58.0,22,있음,68.6
11,59.3,없음,공학,19.6,58.0,35,없음,27.8
7,73.4,있음,사회,19.5,81.7,22,없음,47.8
37,70.5,없음,어문,98.6,95.2,16,있음,83.2
35,72.2,없음,어문,68.0,71.5,18,없음,67.4
27,86.4,없음,사회,74.5,88.2,43,있음,62.3
37,96.2,있음,자연,100.0,72.0,20,없음,77.3
26,81.9,있음,공학,59.8,70.1,45,있음,73.8
33,71.1,없음,예술,74.7,99.9,50,없음,57.4
11,76.6,없음,공학,43.7,78.0,9,있음,49.2
37,65.2,있음,공학,77.8,92.9,13,있음,74.6
22,83.7,있음,자연,52.1,77.0,7,없음,63.7
41,54.6,있음,공학,71.4,87.4,8,없음,65.7
30,82.1,없음,예술,,58.0,22,없음,57.6
18,68.5,있음,사회,55.9,70.5,25,있음,51.5
39,79.7,있음,공학,87.3,87.4,7,있음,82.6
12,65.5,없음,어문,21.6,79.0,4,없음,35.1
37,69.6,없음,예술,77.3,86.0,45,없음,81.5
8,84.2,없음,사회,34.2,80.2,5,있음,40.3
17,74.2,있음,사회,42.1,86.2,17,있음,40.3
21,83.5,있음,예술,68.0,91.4,1,있음,55.3
4,87.3,없음,자연,33.6,58.2,37,없음,49.0
20,86.0,없음,어문,47.2,67.5,1,있음,49.4
18,91.3,없음,사회,73.1,91.1,16,있음,58.3
31,59.0,없음,자연,72.4,78.8,22,없음,77.9
13,63.2,없음,자연,63.3,95.6,0,있음,55.5
39,65.5,없음,어문,80.8,65.2,8,있음,62.6
23,94.6,없음,자연,43.9,79.6,34,없음,43.9
33,67.3,없음,어문,84.0,90.5,31,,69.3
39,67.9,없음,예술,49.2,76.0,2,있음,61.2
21,61.2,없음,공학,53.0,59.7,42,있음,44.9
4,65.8,있음,공학,29.1,91.6,8,없음,41.7
16,93.2,없음,사회,59.6,100.0,37,있음,53.0
25,89.1,있음,어문,63.6,61.6,0,없음,54.8
32,91.0,있음,어문,100.0,63.3,25,없음,81.0
25,86.9,없음,예술,47.3,86.2,33,없음,38.9
12,56.1,없음,공학,32.3,81.1,10,없음,30.6
37,49.5,없음,사회,71.0,74.2,4,없음,63.4
30,73.6,없음,어문,46.1,65.3,45,있음,56.4
15,80.4,있음,어문,59.0,61.9,15,있음,57.2
19,48.0,없음,사회,61.9,99.3,27,없음,51.0
18,73.7,없음,예술,13.6,67.5,11,있음,35.6
26,100.0,있음,공학,81.5,100.0,23,없음,69.7
25,68.8,있음,사회,51.9,73.9,49,없음,53.5
15,70.4,없음,예술,53.9,100.0,13,없음,49.1
12,72.7,없음,예술,49.1,96.4,36,없음,51.1
33,88.1,없음,예술,81.8,69.8,32,있음,72.5
13,63.6,있음,자연,50.6,66.8,12,없음,43.2
12,70.0,없음,사회,40.5,85.7,15,있음,45.4
31,82.6,있음,어문,85.8,79.8,11,없음,74.8
6,58.1,없음,사회,28.3,79.4,42,없음,42.2
8,76.8,없음,예술,37.2,68.3,41,있음,53.2
4,82.4,없음,사회,15.4,72.6,40,있음,32.1
31,94.2,있음,자연,59.1,80.7,26,없음,70.1
34,48.8,없음,어문,57.5,85.1,14,,59.1
30,94.4,없음,어문,73.3,60.1,33,없음,64.7
20,89.4,있음,자연,60.3,64.7,47,있음,52.2
16,76.2,있음,공학,48.4,77.8,16,있음,46.9
11,75.6,없음,사회,25.0,61.9,47,없음,37.7
35,91.4,없음,어문,36.4,58.0,20,없음,55.2
17,79.0,없음,사회,51.3,76.5,33,있음,61.4
4,71.7,없음,공학,43.5,81.3,46,없음,56.6
31,53.2,있음,공학,84.2,71.0,28,없음,65.6
11,54.0,없음,공학,44.0,78.4,46,없음,48.1
17,67.1,없음,어문,40.4,65.6,45,있음,37.6
23,67.8,없음,예술,40.6,79.7,27,있음,48.8
30,71.9,없음,어문,55.3,73.0,31,없음,62.0
26,89.4,있음,사회,76.1,77.9,35,없음,55.2
31,85.7,없음,어문,61.9,69.9,37,있음,53.3
39,93.5,있음,어문,96.1,74.8,1,있음,76.5
5,61.9,없음,자연,43.2,58.0,23,있음,52.0
3,84.2,있음,어문,29.4,83.1,28,없음,31.3
33,78.0,있음,자연,77.8,70.3,11,없음,66.4
24,71.6,없음,예술,53.5,74.2,35,있음,38.9
19,66.9,없음,사회,44.9,71.8,3,있음,31.3
4,65.8,있음,공학,37.5,77.7,12,없음,51.7
11,95.8,없음,사회,42.8,72.9,12,없음,48.9
32,76.0,있음,공학,72.9,84.5,19,없음,66.7
22,66.4,있음,어문,40.1,69.4,25,없음,46.2
31,77.7,없음,어문,68.2,96.5,13,없음,68.7
41,73.1,있음,사회,100.0,94.0,33,없음,76.4
30,74.6,없음,자연,61.1,90.5,6,없음,65.5
13,79.9,없음,예술,25.7,58.0,18,없음,30.3
21,71.2,있음,자연,57.6,63.7,7,없음,51.1
28,100.0,있음,공학,74.5,78.3,0,없음,61.9
5,54.2,없음,공학,23.7,70.1,9,없음,24.2
40,73.9,있음,사회,,60.2,29,있음,55.6
14,100.0,없음,예술,20.2,62.7,19,있음,41.7
25,75.2,있음,사회,49.7,70.1,19,있음,59.5
22,70.4,있음,어문,60.3,62.8,30,,55.3
37,93.0,있음,자연,86.0,82.7,35,없음,83.4
34,72.0,없음,어문,78.8,72.6,16,없음,47.1
21,84.4,없음,어문,58.0,78.8,9,있음,57.5
10,96.0,없음,어문,59.9,82.4,41,없음,52.3
2,48.0,없음,사회,49.3,90.7,18,있음,42.4
12,77.3,없음,사회,39.8,69.3,33,있음,43.8
41,68.1,없음,공학,87.2,90.5,48,있음,80.0
19,86.4,없음,공학,,84.4,15,있음,42.7
4,73.6,없음,어문,15.7,72.1,45,있음,33.4
14,67.4,있음,공학,59.5,69.4,15,없음,73.8
20,98.6,없음,예술,34.0,98.7,44,있음,28.9
5,88.6,있음,사회,57.3,63.6,1,있음,59.9
22,84.7,있음,공학,57.1,76.8,14,없음,62.6
31,87.9,없음,공학,76.9,83.1,10,없음,64.1
11,71.9,없음,사회,52.8,92.7,36,있음,47.6
12,91.2,없음,공학,56.7,82.7,2,있음,60.6
27,79.2,없음,어문,48.1,69.1,23,없음,52.8
8,71.2,없음,자연,51.1,63.7,19,없음,55.4
17,58.0,없음,자연,40.2,76.1,31,없음,39.9
37,87.1,없음,공학,70.8,79.1,4,없음,75.1
4,93.2,없음,공학,52.4,95.3,40,있음,39.4
28,56.4,있음,공학,48.5,80.0,47,없음,70.1
18,60.4,없음,어문,42.1,60.8,22,없음,46.6
5,79.6,있음,사회,39.2,97.5,23,있음,38.0
39,68.8,있음,공학,87.5,87.0,27,없음,58.9
25,48.0,없음,예술,69.9,95.6,42,없음,64.3
17,92.8,없음,어문,37.5,71.9,50,,34.9
12,76.4,없음,공학,28.2,74.0,31,있음,33.4
12,75.5,없음,자연,24.4,81.2,26,있음,42.3
10,100.0,있음,자연,70.9,82.6,50,없음,62.5
29,63.3,있음,예술,67.6,78.5,48,없음,56.0
