home_id,frame_material,parking_slots,subway_within_1km,shops_within_500m,school_rating,deal_price_eok
1,벽돌조,1,1,11,4,25.6
2,철근콘크리트,2,0,3,7,46.3
3,,2,0,15,4,27.1
4,철근콘크리트,2,1,15,5,31.2
5,목구조,2,1,12,3,31.0
6,벽돌조,3,1,4,10,29.1
7,철근콘크리트,2,0,11,6,28.5
8,목구조,3,3,0,8,27.7
9,벽돌조,2,0,0,10,20.2
10,철근콘크리트,2,1,3,5,17.2
11,목구조,2,0,8,3,25.4
12,벽돌조,1,2,4,5,34.5
13,벽돌조,1,0,5,5,23.0
14,벽돌조,2,2,9,1,33.5
15,목구조,3,,4,5,38.8
16,목구조,2,2,8,3,21.5
17,철근콘크리트,2,1,8,7,35.2
18,,1,0,10,5,16.1
19,목구조,2,3,5,10,38.1
20,철근콘크리트,2,,2,2,35.3
21,철근콘크리트,3,1,14,7,35.5
22,철근콘크리트,3,3,11,4,31.6
23,철근콘크리트,2,0,4,2,37.7
24,목구조,2,2,6,10,33.5
25,철근콘크리트,2,1,8,4,19.1
26,목구조,1,0,13,3,25.2
27,철근콘크리트,1,2,14,8,35.5
28,철근콘크리트,1,0,15,3,24.6
29,벽돌조,2,3,14,3,29.8
30,벽돌조,1,2,0,2,17.9
31,벽돌조,2,3,0,8,43.2
32,벽돌조,2,3,6,1,28.7
33,철근콘크리트,1,2,15,7,28.6
34,철근콘크리트,2,0,9,4,24.4
35,목구조,1,2,0,7,19.6
36,벽돌조,2,1,6,6,21.4
37,철근콘크리트,1,0,7,3,18.4
38,벽돌조,1,0,14,4,27.9
39,벽돌조,2,2,10,3,31.1
40,목구조,3,3,6,8,42.9
41,목구조,3,3,15,4,36.3
42,철근콘크리트,1,1,14,8,30.4
43,벽돌조,2,2,10,3,34.2
44,철근콘크리트,2,1,7,7,23.1
45,벽돌조,2,3,11,6,22.0
46,벽돌조,2,1,4,1,32.1
47,목구조,2,3,6,3,34.6
48,벽돌조,1,1,0,7,22.0
49,철근콘크리트,1,1,4,8,20.9
50,목구조,1,1,4,6,30.8
51,철근콘크리트,2,1,15,7,32.7
52,철근콘크리트,1,1,14,6,35.9
53,목구조,2,2,2,1,36.8
54,,,2,4,1,39.0
55,벽돌조,2,1,1,3,30.0
56,철근콘크리트,2,3,10,6,44.1
57,목구조,2,2,4,5,37.2
58,목구조,2,2,10,2,26.5
59,벽돌조,2,2,11,7,22.7
60,벽돌조,1,0,6,6,22.6
61,철근콘크리트,2,1,13,7,27.6
62,목구조,1,3,6,2,36.8
63,,1,2,4,9,26.7
64,목구조,2,1,9,1,25.8
65,목구조,2,3,6,9,38.8
66,벽돌조,3,0,9,9,23.4
67,벽돌조,3,1,11,7,35.1
68,목구조,2,1,1,1,23.2
69,목구조,2,1,0,3,20.7
70,철근콘크리트,2,0,9,4,25.8
71,벽돌조,2,3,1,9,34.5
72,벽돌조,2,1,14,7,30.9
73,목구조,1,0,5,8,33.0
74,철근콘크리트,2,2,12,1,29.0
75,철근콘크리트,1,0,11,5,30.3
76,벽돌조,2,3,14,8,41.3
77,목구조,,1,2,2,24.0
78,벽돌조,2,1,7,2,24.7
79,철근콘크리트,2,3,9,4,41.6
80,벽돌조,2,2,1,3,16.6
81,철근콘크리트,1,2,9,3,21.9
82,목구조,2,2,3,1,35.3
83,철근콘크리트,1,,1,10,24.3
84,목구조,2,3,11,6,38.6
85,철근콘크리트,1,2,15,6,25.8
86,철근콘크리트,2,3,1,8,38.0
87,목구조,1,2,12,8,51.1
88,벽돌조,2,1,8,5,27.3
89,벽돌조,1,3,15,7,25.5
90,벽돌조,1,2,4,2,28.4
91,목구조,1,3,9,2,34.2
92,철근콘크리트,2,2,12,7,36.1
93,벽돌조,2,1,13,2,24.5
94,목구조,1,0,0,6,28.1
95,목구조,1,2,14,2,39.6
96,철근콘크리트,1,0,7,3,21.7
97,벽돌조,2,3,4,4,22.6
98,철근콘크리트,1,1,5,6,32.0
99,철근콘크리트,3,2,8,4,24.2
100,목구조,3,1,6,5,41.0
101,목구조,1,3,0,5,38.1
102,목구조,2,3,15,3,38.3
103,목구조,2,2,15,7,29.3
104,벽돌조,2,0,8,8,24.9
105,목구조,1,3,13,1,20.4
106,목구조,2,1,3,8,34.2
107,벽돌조,3,2,11,6,39.9
108,목구조,2,2,6,9,33.3
109,목구조,2,0,13,5,40.5
110,철근콘크리트,2,0,14,6,41.2
111,철근콘크리트,1,0,7,9,33.1
112,목구조,3,1,12,1,29.4
113,목구조,2,1,15,4,29.6
114,철근콘크리트,1,2,8,6,28.7
115,벽돌조,1,2,12,2,28.9
116,철근콘크리트,2,3,9,2,40.0
117,철근콘크리트,3,1,10,6,35.1
118,목구조,3,2,9,5,47.9
119,목구조,1,3,0,3,31.1
120,철근콘크리트,1,3,8,3,19.3
121,,,1,9,1,45.3
122,목구조,2,1,11,5,33.5
123,철근콘크리트,1,3,4,2,27.6
124,철근콘크리트,2,1,15,10,27.0
125,목구조,2,0,7,2,23.0
126,철근콘크리트,1,3,3,5,38.1
127,벽돌조,,3,2,9,24.2
128,벽돌조,2,3,9,1,34.1
129,목구조,1,3,7,5,30.9
130,목구조,2,0,1,8,39.0
131,철근콘크리트,2,2,14,7,35.8
132,목구조,2,0,9,9,24.8
133,벽돌조,2,2,8,10,22.7
134,목구조,3,3,10,9,24.0
135,철근콘크리트,2,3,10,7,37.7
136,철근콘크리트,3,0,7,7,30.8
137,벽돌조,2,2,4,8,38.4
138,철근콘크리트,1,3,5,6,26.0
139,철근콘크리트,1,1,5,9,28.4
140,목구조,2,1,7,5,38.6
141,벽돌조,2,1,4,2,24.2
142,철근콘크리트,3,1,3,10,40.1
143,철근콘크리트,2,2,12,4,27.9
144,벽돌조,2,0,5,10,32.6
145,철근콘크리트,1,3,7,9,36.8
146,벽돌조,2,1,7,1,26.1
147,벽돌조,2,1,11,9,25.4
148,벽돌조,2,3,0,3,45.8
149,철근콘크리트,1,2,2,2,25.1
150,벽돌조,2,2,0,6,36.1
151,목구조,3,0,7,1,22.8
152,철근콘크리트,2,1,7,1,34.4
153,철근콘크리트,3,1,14,1,32.8
154,철근콘크리트,1,0,10,10,16.8
155,목구조,2,3,5,1,33.1
156,벽돌조,3,3,10,1,42.4
157,벽돌조,2,3,8,9,25.6
158,목구조,3,1,3,8,42.1
159,벽돌조,2,1,8,1,29.0
160,목구조,3,1,8,7,31.6
161,목구조,3,3,1,9,36.9
162,목구조,2,3,3,9,40.5
163,철근콘크리트,2,2,0,1,37.4
164,철근콘크리트,3,1,15,7,38.1
165,벽돌조,1,1,4,4,35.1
166,벽돌조,2,3,3,10,45.5
167,목구조,2,1,0,5,39.5
168,목구조,2,2,6,9,24.8
169,벽돌조,2,2,1,3,30.5
170,목구조,1,1,8,10,28.2
171,목구조,1,3,15,7,38.0
172,벽돌조,2,1,3,8,28.3
173,벽돌조,1,2,0,5,42.0
174,목구조,3,3,5,9,33.1
175,벽돌조,3,2,5,7,31.7
176,목구조,2,2,4,5,32.4
177,벽돌조,1,3,6,5,28.7
178,목구조,2,2,8,6,36.9
179,목구조,2,1,2,3,27.3
180,벽돌조,2,3,13,9,36.9
181,목구조,2,2,9,8,45.4
182,벽돌조,2,1,15,3,34.2
183,목구조,2,2,12,8,37.6
184,벽돌조,2,2,4,9,28.1
185,목구조,,2,14,9,41.5
186,벽돌조,3,0,9,7,30.1
187,철근콘크리트,2,3,13,3,31.2
188,철근콘크리트,2,1,11,6,42.9
189,철근콘크리트,2,1,6,10,41.6
190,철근콘크리트,1,0,0,8,44.4
191,벽돌조,3,3,8,5,36.7
192,벽돌조,1,1,9,4,34.3
193,벽돌조,2,1,10,2,39.3
194,목구조,1,0,6,10,47.0
195,벽돌조,2,0,14,7,23.9
196,벽돌조,1,1,7,7,26.5
197,철근콘크리트,2,1,11,5,43.9
198,목구조,2,2,11,1,43.3
199,목구조,1,0,2,8,25.0
200,,2,0,4,1,23.1
201,철근콘크리트,2,1,12,7,24.3
202,목구조,2,3,9,9,32.3
203,벽돌조,1,2,6,1,25.3
204,벽돌조,1,1,10,7,38.9
205,목구조,2,1,11,1,28.5
206,목구조,2,2,15,9,42.6
207,철근콘크리트,2,3,1,4,27.3
208,벽돌조,2,0,2,1,31.9
209,벽돌조,2,3,10,6,22.9
210,철근콘크리트,1,2,5,9,33.6
211,벽돌조,1,3,2,3,32.7
212,철근콘크리트,1,1,2,3,38.4
213,목구조,3,1,2,9,33.4
214,목구조,2,1,3,2,25.5
215,목구조,1,1,6,3,26.9
216,철근콘크리트,2,2,12,10,25.7
217,목구조,1,2,12,1,35.1
218,목구조,2,3,9,9,25.3
219,목구조,1,0,12,1,23.9
220,철근콘크리트,2,3,8,2,20.1
221,벽돌조,3,0,8,4,34.7
222,철근콘크리트,2,2,6,5,27.8
223,벽돌조,3,2,9,8,42.0
224,철근콘크리트,1,0,13,7,27.2
225,벽돌조,3,2,5,10,43.8
226,목구조,1,1,0,6,20.8
227,목구조,2,0,1,7,39.2
228,,2,2,4,1,28.4
229,벽돌조,2,0,9,9,47.3
230,철근콘크리트,2,1,6,2,16.3
231,목구조,2,0,6,2,40.5
232,,1,0,14,10,24.6
233,벽돌조,2,2,12,8,38.3
234,벽돌조,2,0,14,3,36.2
235,목구조,2,2,14,4,37.7
236,목구조,2,1,15,1,43.3
237,목구조,3,,1,2,26.1
238,벽돌조,3,0,4,1,32.0
239,철근콘크리트,1,0,10,1,36.6
240,철근콘크리트,1,0,14,1,24.1
241,철근콘크리트,2,1,4,8,43.2
242,벽돌조,2,2,6,9,27.6
243,철근콘크리트,2,1,5,2,21.4
244,목구조,2,2,10,5,33.2
245,벽돌조,3,1,3,3,26.4
246,철근콘크리트,1,3,11,6,44.3
247,철근콘크리트,1,2,9,10,33.7
248,벽돌조,1,0,9,4,16.1
249,목구조,1,3,5,5,35.6
250,,1,1,8,7,18.2
251,목구조,2,1,0,2,42.4
252,철근콘크리트,1,1,0,10,40.7
253,철근콘크리트,2,3,5,5,36.9
254,목구조,3,2,10,10,36.7
255,벽돌조,2,1,12,10,42.6
256,철근콘크리트,1,2,14,8,31.8
257,철근콘크리트,1,0,2,10,27.4
258,목구조,2,2,3,6,35.5
259,철근콘크리트,1,2,6,10,31.5
260,벽돌조,2,1,13,8,17.2
261,목구조,2,1,7,9,37.1
262,벽돌조,2,2,4,10,27.9
263,철근콘크리트,3,3,7,4,37.5
264,철근콘크리트,2,1,15,6,32.2
265,목구조,2,3,7,10,33.8
266,벽돌조,1,3,2,3,35.0
267,목구조,1,3,15,4,40.8
268,목구조,2,,15,10,43.1
269,벽돌조,2,2,9,9,30.2
270,철근콘크리트,,2,10,9,37.0
271,철근콘크리트,1,2,15,1,31.4
272,,2,3,3,1,32.3
273,목구조,2,1,8,9,28.6
274,벽돌조,2,1,0,2,25.9
275,목구조,1,1,10,6,30.7
276,목구조,2,0,4,1,34.7
277,철근콘크리트,2,3,8,3,44.0
278,철근콘크리트,2,3,8,2,38.8
279,철근콘크리트,1,2,8,7,35.8
280,벽돌조,1,0,7,6,17.6
281,철근콘크리트,2,2,14,4,28.7
282,,1,0,1,10,14.2
283,목구조,2,3,8,8,35.1
284,철근콘크리트,2,2,3,4,27.3
285,철근콘크리트,2,1,1,4,25.5
286,목구조,3,3,11,1,34.0
287,벽돌조,1,2,0,3,23.1
288,벽돌조,3,1,2,9,47.4
289,철근콘크리트,1,2,2,10,26.2
290,목구조,3,2,0,3,34.5
291,철근콘크리트,1,0,8,7,40.0
292,벽돌조,1,2,7,9,29.0
293,철근콘크리트,2,0,3,10,39.2
294,목구조,3,1,5,8,32.0
295,목구조,2,1,2,9,42.7
296,목구조,2,1,4,6,31.2
297,벽돌조,2,1,7,7,29.6
298,철근콘크리트,2,3,1,6,28.6
299,목구조,2,1,1,10,42.1
300,철근콘크리트,2,0,6,3,36.4
301,철근콘크리트,1,3,14,3,20.5
302,철근콘크리트,1,1,2,3,23.3
303,목구조,2,1,8,4,40.5
304,목구조,2,1,0,6,38.4
305,벽돌조,2,0,7,7,29.2
306,목구조,2,2,11,8,35.4
307,목구조,3,,7,10,35.1
308,철근콘크리트,2,3,5,4,26.5
309,철근콘크리트,2,1,11,1,33.1
310,목구조,1,2,0,1,23.9
311,벽돌조,2,3,15,6,27.6
312,목구조,2,2,11,10,37.5
313,철근콘크리트,2,1,1,2,36.0
314,벽돌조,1,2,1,6,31.8
315,목구조,2,0,15,6,31.0
316,철근콘크리트,3,3,12,1,36.6
317,철근콘크리트,2,1,6,5,26.9
318,벽돌조,2,3,6,5,39.5
319,목구조,2,1,15,4,33.4
320,목구조,3,1,0,10,39.3
321,벽돌조,1,0,8,10,21.9
322,목구조,3,0,15,10,35.1
323,벽돌조,3,3,11,4,34.7
324,벽돌조,2,2,7,7,30.7
325,목구조,2,3,7,8,53.4
326,벽돌조,3,0,10,6,27.4
327,목구조,3,0,15,3,22.8
328,벽돌조,2,1,15,8,39.6
329,철근콘크리트,2,3,7,4,27.7
330,목구조,1,,10,6,35.7
331,목구조,2,0,5,1,30.9
332,철근콘크리트,2,2,0,3,25.3
333,벽돌조,1,1,6,1,31.2
334,벽돌조,2,3,8,10,36.8
335,목구조,,2,9,9,38.1
336,벽돌조,2,1,13,5,32.2
337,목구조,,1,9,7,44.1
338,벽돌조,2,1,15,1,22.2
339,벽돌조,3,,5,1,22.7
340,목구조,2,3,5,4,38.1
341,철근콘크리트,2,3,9,1,29.1
342,벽돌조,,3,10,8,33.8
343,목구조,3,1,1,10,40.4
344,철근콘크리트,2,3,4,10,44.2
345,벽돌조,2,2,2,7,28.3
346,,1,0,1,6,25.4
347,목구조,1,3,5,8,31.5
348,벽돌조,1,2,6,3,28.3
349,목구조,1,1,12,10,31.2
350,목구조,2,3,4,9,37.1
351,목구조,1,2,10,6,24.9
352,철근콘크리트,1,0,1,6,27.7
353,철근콘크리트,1,3,10,10,34.0
354,벽돌조,2,3,15,7,47.9
355,목구조,2,2,5,4,30.4
356,철근콘크리트,1,0,10,2,29.4
357,철근콘크리트,1,0,0,5,34.2
358,벽돌조,3,1,7,1,31.5
359,목구조,2,2,8,8,28.9
360,벽돌조,2,1,15,4,37.4
361,벽돌조,2,2,15,3,22.6
362,철근콘크리트,2,1,12,3,35.3
363,벽돌조,2,3,0,6,37.0
364,벽돌조,3,2,8,2,41.3
365,철근콘크리트,2,0,10,1,27.8
366,목구조,2,3,14,9,37.7
367,벽돌조,2,2,4,3,29.9
368,철근콘크리트,2,1,0,7,40.9
369,벽돌조,2,0,1,8,25.0
370,철근콘크리트,1,3,4,7,36.0
371,철근콘크리트,,,9,5,39.6
372,목구조,2,0,7,6,27.2
373,철근콘크리트,2,1,9,3,26.4
374,벽돌조,1,3,0,2,43.0
375,철근콘크리트,2,3,8,1,29.8
376,철근콘크리트,2,0,6,8,29.8
377,철근콘크리트,1,0,3,3,20.5
378,벽돌조,2,2,4,9,31.8
379,벽돌조,2,3,12,3,25.1
380,목구조,1,3,3,9,23.5
381,철근콘크리트,2,1,9,9,27.2
382,,1,1,9,7,23.3
383,철근콘크리트,2,2,7,9,31.1
384,철근콘크리트,2,2,15,3,39.3
385,목구조,2,2,0,1,47.3
386,목구조,1,1,10,1,18.0
387,철근콘크리트,3,3,7,2,37.2
388,벽돌조,3,3,7,4,26.6
389,목구조,2,1,4,4,39.8
390,목구조,1,3,13,2,21.4
391,철근콘크리트,2,1,8,4,28.4
392,벽돌조,2,0,14,2,33.0
393,철근콘크리트,2,1,4,4,22.1
394,철근콘크리트,1,,14,7,31.6
395,벽돌조,2,1,2,3,27.2
396,,2,1,8,8,36.6
397,벽돌조,1,0,14,8,21.0
398,벽돌조,1,2,12,6,20.3
399,벽돌조,2,0,5,7,24.9
400,벽돌조,3,1,12,5,33.6
401,철근콘크리트,3,2,3,1,41.6
402,벽돌조,3,2,14,8,49.4
403,벽돌조,1,1,7,9,21.2
404,,1,0,11,3,28.2
405,철근콘크리트,1,1,7,4,31.4
406,철근콘크리트,2,3,14,10,38.8
407,목구조,2,0,13,2,36.5
408,목구조,2,1,7,6,26.8
409,목구조,1,1,12,4,29.2
410,목구조,2,2,4,7,32.0
411,벽돌조,2,3,6,3,21.3
412,목구조,2,,4,10,39.6
413,목구조,2,2,0,3,30.7
414,철근콘크리트,2,2,4,2,36.3
415,,1,3,11,9,34.2
416,,1,2,9,2,34.2
417,목구조,1,1,12,4,40.3
418,벽돌조,3,3,2,1,42.3
419,목구조,1,0,10,2,25.9
420,목구조,2,1,0,10,30.7
421,벽돌조,3,2,3,5,27.8
422,벽돌조,2,1,1,3,19.6
423,목구조,1,2,12,10,31.4
424,목구조,2,3,14,9,36.3
425,철근콘크리트,2,2,11,1,21.8
426,목구조,2,2,12,4,31.8
427,목구조,2,3,8,5,34.0
428,목구조,2,0,8,8,46.4
429,벽돌조,2,2,11,4,17.2
430,벽돌조,2,0,9,6,40.9
431,벽돌조,3,2,14,9,32.7
432,목구조,3,2,7,10,45.1
433,철근콘크리트,2,0,10,3,31.1
434,목구조,1,3,1,5,22.5
435,목구조,2,3,15,8,52.6
436,벽돌조,2,0,11,1,41.1
437,목구조,2,0,0,3,20.9
438,벽돌조,1,,6,5,33.4
439,목구조,1,2,7,3,36.2
440,벽돌조,1,0,1,7,26.7
441,목구조,2,0,2,1,40.3
442,목구조,3,2,15,8,28.3
443,벽돌조,2,,6,3,19.9
444,벽돌조,3,3,1,1,42.6
445,철근콘크리트,3,2,3,2,29.0
446,목구조,2,1,2,2,40.1
447,벽돌조,2,0,4,4,15.4
448,벽돌조,1,2,0,5,24.1
449,벽돌조,2,0,9,1,24.8
450,목구조,1,2,14,4,27.8
451,,2,3,8,8,26.5
452,벽돌조,2,1,3,5,31.1
453,목구조,2,1,3,5,39.1
454,철근콘크리트,2,0,11,7,31.0
455,벽돌조,1,3,0,3,42.0
456,철근콘크리트,3,1,1,2,37.7
457,목구조,2,3,12,7,31.4
458,철근콘크리트,3,1,2,1,39.0
459,벽돌조,3,3,9,6,33.1
460,벽돌조,2,2,13,9,43.6
461,벽돌조,2,0,1,10,34.6
462,목구조,1,2,5,6,29.1
463,목구조,2,3,12,6,35.6
464,벽돌조,1,0,9,10,21.4
465,목구조,2,2,1,5,29.7
466,철근콘크리트,2,2,13,8,28.5
467,벽돌조,1,3,0,1,43.0
468,철근콘크리트,1,2,9,3,38.6
469,목구조,1,1,14,7,25.5
470,철근콘크리트,2,3,5,6,42.6
471,벽돌조,3,1,9,1,36.0
472,벽돌조,2,3,0,2,27.4
473,철근콘크리트,2,2,13,3,35.1
474,벽돌조,3,0,9,5,33.0
475,철근콘크리트,2,0,10,2,29.2
476,철근콘크리트,1,2,2,1,25.0
477,벽돌조,1,0,1,4,32.3
478,철근콘크리트,2,3,6,1,33.5
479,목구조,1,3,5,10,25.6
480,목구조,1,0,14,5,32.9
481,목구조,3,,14,1,34.3
482,목구조,2,0,3,4,36.0
483,벽돌조,2,1,6,8,28.7
484,목구조,1,2,9,2,40.9
485,목구조,2,2,6,6,30.9
486,벽돌조,2,1,11,10,32.3
487,목구조,2,3,5,9,27.4
488,벽돌조,1,3,11,10,28.9
489,철근콘크리트,2,1,7,3,39.7
490,,2,3,2,10,29.3
491,철근콘크리트,2,0,10,1,25.3
492,철근콘크리트,1,1,10,10,33.0
493,철근콘크리트,2,0,4,2,27.1
494,목구조,1,1,0,8,40.1
495,목구조,1,1,5,6,31.9
496,철근콘크리트,1,3,0,5,32.3
497,철근콘크리트,1,0,4,3,41.5
498,,2,3,2,7,35.9
499,벽돌조,1,0,3,1,24.7
500,벽돌조,1,0,15,8,34.7
501,철근콘크리트,1,2,15,2,38.6
502,목구조,1,2,6,8,31.8
503,철근콘크리트,1,1,7,8,31.4
504,철근콘크리트,1,2,4,4,43.2
505,목구조,2,3,11,3,38.2
506,철근콘크리트,3,2,7,4,33.6
507,벽돌조,2,1,5,10,41.2
508,철근콘크리트,2,3,1,4,28.8
509,벽돌조,1,0,8,2,39.2
510,벽돌조,3,2,3,10,34.6
511,벽돌조,2,3,3,3,34.8
512,철근콘크리트,3,0,12,5,43.2
513,목구조,2,2,10,1,29.0
514,철근콘크리트,1,,8,6,30.0
515,철근콘크리트,1,1,5,5,24.3
516,철근콘크리트,3,3,6,4,25.8
517,철근콘크리트,2,3,3,2,19.9
518,목구조,2,3,7,8,39.2
519,벽돌조,2,1,4,5,40.5
520,,3,0,14,1,19.2
521,철근콘크리트,1,2,1,3,33.8
522,목구조,2,3,6,8,23.4
523,철근콘크리트,2,2,0,10,27.6
524,목구조,2,1,0,8,33.0
525,벽돌조,1,3,9,7,30.0
526,벽돌조,3,3,2,8,33.2
527,벽돌조,2,1,5,10,45.2
528,벽돌조,2,3,11,9,20.0
529,철근콘크리트,2,1,3,8,28.8
530,목구조,1,2,4,9,27.2
531,목구조,3,2,2,3,41.5
532,벽돌조,1,2,9,3,35.7
533,철근콘크리트,2,2,2,2,35.6
534,목구조,1,1,13,5,39.7
535,목구조,1,0,12,10,24.5
536,벽돌조,2,1,8,8,23.6
537,철근콘크리트,2,2,15,2,33.3
538,벽돌조,2,,8,9,32.7
539,벽돌조,1,2,9,5,37.0
540,목구조,1,2,10,5,29.2
541,벽돌조,2,2,7,1,40.9
542,목구조,1,2,2,2,33.1
543,벽돌조,2,0,8,2,32.3
544,철근콘크리트,2,2,12,7,34.5
545,벽돌조,3,0,15,2,35.4
546,철근콘크리트,2,2,13,1,33.8
547,철근콘크리트,2,2,8,7,49.4
548,철근콘크리트,2,2,12,8,30.3
549,목구조,1,3,13,9,18.9
550,목구조,2,1,5,5,36.5
551,벽돌조,2,2,11,1,30.2
552,벽돌조,1,2,2,3,29.5
553,목구조,2,1,2,3,37.3
554,목구조,1,2,11,8,30.9
555,벽돌조,2,1,2,5,32.5
556,목구조,2,3,2,9,35.0
557,목구조,1,1,1,6,33.7
558,벽돌조,2,1,1,7,38.4
559,벽돌조,3,0,2,8,28.3
560,철근콘크리트,2,0,11,7,38.5
561,벽돌조,2,3,12,8,47.3
562,목구조,2,3,8,5,37.5
563,목구조,1,1,6,3,35.5
564,목구조,1,1,8,9,31.7
565,벽돌조,1,1,9,8,36.3
566,철근콘크리트,2,0,4,3,31.4
567,목구조,2,3,15,8,35.5
568,목구조,2,1,4,8,47.3
569,철근콘크리트,2,0,5,9,21.1
570,벽돌조,1,3,8,2,25.9
571,목구조,2,1,7,6,40.9
572,벽돌조,3,2,9,1,24.3
573,목구조,2,3,13,1,30.4
574,목구조,2,0,11,2,36.1
575,철근콘크리트,1,0,10,4,35.5
576,철근콘크리트,2,0,15,6,19.2
577,목구조,3,1,11,2,40.5
578,목구조,2,2,12,8,36.7
579,벽돌조,2,2,6,8,39.7
580,목구조,2,,7,10,51.4
581,벽돌조,2,2,7,3,25.7
582,목구조,2,2,12,9,29.5
583,철근콘크리트,2,1,5,3,23.4
584,벽돌조,1,2,0,8,44.1
585,철근콘크리트,2,1,0,4,43.9
586,철근콘크리트,1,2,9,2,33.4
587,벽돌조,3,0,5,3,37.1
588,철근콘크리트,2,3,8,3,29.9
589,벽돌조,3,0,14,1,22.4
590,벽돌조,3,2,10,1,27.3
591,철근콘크리트,2,0,1,1,18.7
592,철근콘크리트,1,0,6,7,18.5
593,목구조,,0,7,5,22.3
594,목구조,,0,15,7,28.7
595,목구조,2,3,7,5,38.6
596,철근콘크리트,2,2,2,7,28.6
597,벽돌조,1,1,6,3,21.6
598,철근콘크리트,2,1,11,4,21.7
599,목구조,2,2,7,8,38.6
600,목구조,2,2,9,7,48.3
601,철근콘크리트,2,2,3,10,40.7
602,목구조,2,1,0,9,23.5
603,목구조,1,0,13,9,36.9
604,목구조,1,0,11,5,32.9
605,철근콘크리트,2,0,9,5,33.8
606,철근콘크리트,,2,10,5,35.5
607,벽돌조,1,,14,10,34.8
608,벽돌조,3,3,1,7,38.5
609,벽돌조,2,3,8,8,29.6
610,철근콘크리트,1,1,4,1,42.8
611,철근콘크리트,,2,0,7,40.0
612,벽돌조,3,2,9,4,40.9
613,벽돌조,2,0,11,6,32.0
614,벽돌조,2,2,6,6,32.9
615,목구조,1,3,15,6,32.4
616,철근콘크리트,2,0,15,2,36.8
617,벽돌조,2,2,9,5,27.5
618,철근콘크리트,2,0,15,9,31.0
619,철근콘크리트,2,3,15,7,43.5
620,철근콘크리트,2,2,12,3,29.9
621,벽돌조,1,2,15,3,35.3
622,철근콘크리트,2,1,5,7,36.6
623,목구조,1,2,13,2,27.7
624,목구조,2,2,7,10,33.2
625,,3,0,7,2,30.7
626,목구조,1,1,5,4,29.6
627,철근콘크리트,2,2,7,4,25.9
628,목구조,1,3,5,3,30.6
629,철근콘크리트,2,0,9,7,29.3
630,목구조,1,1,15,4,27.7
631,철근콘크리트,3,1,3,10,40.1
632,목구조,2,2,9,1,24.8
633,철근콘크리트,2,1,12,2,32.3
634,벽돌조,2,2,8,3,23.6
635,철근콘크리트,1,0,10,2,19.5
636,철근콘크리트,2,1,5,8,35.1
637,벽돌조,2,0,2,8,30.9
638,철근콘크리트,2,0,7,2,24.7
639,벽돌조,1,1,3,4,25.1
640,철근콘크리트,3,0,5,6,29.8
641,철근콘크리트,3,1,4,6,47.0
642,철근콘크리트,2,3,2,7,37.4
643,목구조,2,0,3,1,29.8
644,목구조,1,0,8,6,35.4
645,벽돌조,1,1,4,10,38.7
646,,2,1,0,4,34.5
647,목구조,2,,3,7,39.3
648,목구조,1,3,6,3,43.8
649,목구조,1,2,13,2,36.5
650,철근콘크리트,2,1,6,8,39.5
651,철근콘크리트,2,1,0,10,24.0
652,철근콘크리트,1,1,10,7,31.0
653,벽돌조,2,3,15,7,32.5
654,벽돌조,2,1,9,6,20.5
655,벽돌조,2,2,7,2,30.4
656,목구조,2,1,10,2,44.5
657,목구조,1,,8,3,35.6
658,,1,1,2,10,30.9
659,철근콘크리트,2,0,4,6,26.6
660,철근콘크리트,3,0,10,8,28.8
661,벽돌조,2,3,14,2,40.7
662,벽돌조,3,1,15,5,41.4
663,벽돌조,2,0,3,2,28.9
664,목구조,1,2,9,9,40.5
665,철근콘크리트,1,1,7,4,31.8
666,벽돌조,1,2,8,6,31.7
667,벽돌조,1,2,15,8,31.5
668,벽돌조,2,3,12,7,43.1
669,목구조,3,1,15,7,40.6
670,철근콘크리트,3,1,8,10,46.3
671,벽돌조,2,0,11,10,29.2
672,목구조,3,1,3,9,35.2
673,철근콘크리트,3,0,9,3,27.6
674,목구조,2,1,0,1,25.0
675,,3,3,13,8,30.5
676,목구조,1,2,7,8,32.4
677,목구조,1,0,8,2,28.1
678,,2,3,7,6,32.7
679,철근콘크리트,2,3,13,8,31.4
680,철근콘크리트,2,2,15,2,39.4
681,철근콘크리트,1,1,14,4,36.9
682,철근콘크리트,1,1,9,5,13.8
683,목구조,2,1,13,3,28.2
684,목구조,1,1,10,6,28.4
685,철근콘크리트,1,0,15,5,37.5
686,벽돌조,2,0,8,4,31.8
687,철근콘크리트,2,0,0,3,29.7
688,철근콘크리트,2,2,14,3,37.6
689,목구조,3,1,13,3,34.7
690,벽돌조,,3,4,7,27.1
691,,1,3,0,5,27.3
692,목구조,2,2,12,10,48.8
693,목구조,1,2,9,2,33.7
694,철근콘크리트,2,1,2,9,26.6
695,목구조,3,3,13,1,25.9
696,목구조,2,0,7,6,40.4
697,철근콘크리트,2,0,13,4,24.9
698,벽돌조,1,0,12,10,26.8
699,철근콘크리트,1,2,9,3,21.9
700,철근콘크리트,2,2,10,7,21.1
701,벽돌조,1,,5,7,35.2
702,벽돌조,1,2,7,7,19.1
703,벽돌조,3,1,13,1,23.9
704,목구조,1,1,4,8,37.9
705,목구조,3,1,6,10,36.7
706,철근콘크리트,2,2,12,10,25.1
707,벽돌조,3,1,1,8,35.1
708,철근콘크리트,2,2,3,2,30.9
709,철근콘크리트,2,3,11,3,29.9
710,벽돌조,1,,11,10,43.0
711,벽돌조,2,1,9,1,32.7
712,목구조,1,1,7,7,15.1
713,목구조,2,0,10,4,32.5
714,목구조,1,2,12,8,24.2
715,목구조,1,0,0,4,32.0
716,목구조,3,1,14,6,41.9
717,철근콘크리트,2,,14,6,38.4
718,철근콘크리트,2,0,12,1,29.2
719,벽돌조,2,2,7,4,38.6
720,목구조,1,0,4,8,31.0
721,철근콘크리트,1,2,11,2,28.2
722,벽돌조,2,0,15,10,26.9
723,,1,1,9,5,26.4
724,벽돌조,2,1,12,4,34.3
725,벽돌조,2,3,1,7,23.5
726,벽돌조,3,3,7,1,38.7
727,벽돌조,2,3,12,2,29.7
728,목구조,2,3,2,6,39.8
729,철근콘크리트,3,3,1,4,43.0
730,목구조,2,0,14,6,26.4
731,벽돌조,1,3,1,3,26.3
732,철근콘크리트,2,2,8,8,42.1
733,벽돌조,3,1,8,5,35.8
734,벽돌조,1,2,2,7,43.1
735,목구조,2,0,15,3,26.2
736,목구조,3,1,14,3,28.5
737,목구조,2,0,8,10,32.1
738,목구조,2,0,6,1,19.2
739,벽돌조,1,2,4,4,26.3
740,목구조,2,0,10,4,28.1
741,목구조,1,3,14,7,26.5
742,벽돌조,,1,12,4,37.1
743,,2,2,10,10,28.2
744,벽돌조,3,0,0,6,32.2
745,목구조,1,0,15,2,17.6
746,벽돌조,2,3,14,5,46.6
747,벽돌조,3,2,11,5,50.0
748,철근콘크리트,2,1,6,2,32.8
749,목구조,1,0,8,4,30.7
750,철근콘크리트,3,0,2,2,19.2
751,목구조,1,1,14,2,36.4
752,벽돌조,2,1,2,8,36.3
753,철근콘크리트,,0,1,5,28.6
754,목구조,2,0,11,2,24.0
755,벽돌조,2,2,5,8,44.4
756,철근콘크리트,2,0,11,8,24.6
757,벽돌조,3,0,10,9,29.1
758,벽돌조,2,1,6,5,31.8
759,철근콘크리트,2,1,3,2,27.7
760,철근콘크리트,2,1,3,1,29.9
761,철근콘크리트,1,1,0,2,28.7
762,,2,0,10,2,22.6
763,철근콘크리트,2,2,12,6,32.4
764,철근콘크리트,2,3,2,7,43.7
765,철근콘크리트,2,2,12,9,21.1
766,벽돌조,2,1,11,2,26.2
767,벽돌조,3,3,5,10,44.6
768,목구조,1,3,12,1,33.6
769,철근콘크리트,1,0,9,2,18.9
770,벽돌조,1,3,14,5,35.1
771,철근콘크리트,1,,10,4,26.1
772,철근콘크리트,2,3,11,1,39.7
773,벽돌조,2,3,4,4,49.3
774,목구조,2,1,14,2,39.1
775,벽돌조,2,2,1,7,28.6
776,철근콘크리트,3,3,7,9,46.3
777,목구조,3,1,3,4,30.6
778,목구조,2,2,14,5,38.1
779,목구조,1,0,6,9,16.7
780,철근콘크리트,1,1,2,1,40.4
781,철근콘크리트,3,1,15,1,41.6
782,벽돌조,2,0,5,6,36.3
783,목구조,2,0,0,1,44.4
784,철근콘크리트,2,0,3,8,20.4
785,목구조,,0,11,8,30.8
786,철근콘크리트,2,2,1,9,37.7
787,철근콘크리트,2,3,9,4,32.7
788,철근콘크리트,1,1,4,1,26.0
789,벽돌조,1,1,6,10,35.2
790,철근콘크리트,1,3,10,5,31.3
791,벽돌조,2,0,4,8,39.0
792,벽돌조,2,0,10,4,25.0
793,철근콘크리트,2,2,0,4,33.2
794,철근콘크리트,2,1,7,2,22.3
795,철근콘크리트,1,3,2,3,18.2
796,목구조,2,0,12,3,35.6
797,목구조,1,2,12,10,28.3
798,벽돌조,2,2,1,5,34.8
799,철근콘크리트,1,3,5,8,18.3
800,목구조,1,0,2,6,40.4
801,철근콘크리트,2,1,5,3,16.6
802,목구조,2,3,14,1,37.1
803,벽돌조,3,2,14,9,25.7
804,목구조,2,3,13,7,35.3
805,벽돌조,,0,10,8,21.0
806,철근콘크리트,1,2,11,9,26.3
807,벽돌조,2,3,0,4,33.8
808,벽돌조,2,2,12,8,39.9
809,목구조,2,0,0,2,37.5
810,철근콘크리트,2,1,5,5,20.6
811,철근콘크리트,1,0,2,3,23.0
812,목구조,,2,7,4,35.1
813,목구조,2,0,7,6,22.4
814,목구조,2,1,3,7,26.5
815,벽돌조,3,2,12,4,39.7
816,목구조,1,3,6,4,40.2
817,,1,1,7,2,28.7
818,목구조,2,1,11,1,22.3
819,철근콘크리트,3,3,15,2,26.5
820,벽돌조,2,2,12,9,40.1
821,철근콘크리트,3,2,1,4,37.6
822,목구조,2,2,3,4,34.6
823,벽돌조,2,3,10,3,41.3
824,목구조,2,0,14,6,37.1
825,벽돌조,3,1,6,8,32.1
826,목구조,2,3,15,7,28.8
827,벽돌조,2,2,14,10,45.9
828,목구조,1,1,12,9,24.9
829,벽돌조,1,2,5,2,36.6
830,목구조,2,,2,2,34.4
831,목구조,2,3,13,8,42.3
832,벽돌조,1,1,8,4,12.9
833,벽돌조,3,0,2,3,38.6
834,목구조,2,2,11,4,38.2
835,철근콘크리트,2,2,2,4,44.0
836,,2,1,9,7,29.2
837,목구조,3,1,5,3,27.0
838,목구조,2,2,11,3,25.5
839,철근콘크리트,1,1,8,1,20.0
840,목구조,1,0,6,10,26.9
841,목구조,2,1,15,10,50.1
842,목구조,2,1,0,2,44.1
843,벽돌조,3,1,0,8,28.8
844,철근콘크리트,1,2,15,10,35.2
845,철근콘크리트,3,3,6,5,25.6
846,목구조,2,0,10,10,22.1
847,목구조,2,1,13,5,23.6
848,벽돌조,3,3,1,9,38.7
849,벽돌조,2,2,8,8,32.6
850,목구조,2,0,10,9,31.1
851,목구조,2,2,7,4,35.4
852,벽돌조,2,0,3,2,24.0
853,목구조,2,1,10,3,31.4
854,벽돌조,2,1,10,10,24.0
855,벽돌조,2,0,3,6,18.6
856,벽돌조,2,2,3,6,38.5
857,철근콘크리트,2,1,11,7,44.7
858,철근콘크리트,2,0,10,7,42.2
859,벽돌조,2,1,13,10,34.4
860,벽돌조,2,1,15,6,25.8
861,목구조,2,2,10,4,42.3
862,목구조,2,2,0,3,34.0
863,벽돌조,2,0,2,9,40.5
864,철근콘크리트,2,1,12,1,33.9
865,철근콘크리트,3,0,14,1,20.1
866,철근콘크리트,2,2,5,6,43.3
867,철근콘크리트,2,2,9,7,38.4
868,벽돌조,2,2,2,9,36.2
869,목구조,2,1,15,3,38.7
870,목구조,2,0,4,6,28.4
871,철근콘크리트,2,1,2,4,25.9
872,철근콘크리트,1,3,14,2,41.9
873,철근콘크리트,3,1,15,10,24.8
874,목구조,2,0,15,1,24.9
875,벽돌조,2,3,12,4,19.5
876,철근콘크리트,1,2,15,9,30.6
877,철근콘크리트,3,3,14,6,51.0
878,목구조,2,3,11,3,39.5
879,벽돌조,1,3,4,8,19.8
880,,2,0,10,2,40.3
881,철근콘크리트,2,1,9,6,39.0
882,벽돌조,1,,1,1,14.2
883,목구조,2,1,9,3,37.3
884,목구조,1,0,3,1,23.1
885,철근콘크리트,2,1,7,7,29.2
886,벽돌조,1,3,2,6,31.8
887,목구조,2,2,6,4,38.1
888,목구조,2,1,11,6,32.2
889,목구조,2,2,7,3,31.1
890,목구조,2,2,7,2,33.0
891,철근콘크리트,2,2,1,2,41.2
892,목구조,1,1,7,2,31.7
893,벽돌조,2,3,4,4,30.7
894,철근콘크리트,2,3,13,3,33.6
895,철근콘크리트,1,0,9,5,20.6
896,벽돌조,2,2,12,9,23.4
897,철근콘크리트,2,,15,6,26.0
898,철근콘크리트,1,1,11,4,32.2
899,철근콘크리트,2,1,4,6,41.5
900,철근콘크리트,2,2,4,4,37.9
901,벽돌조,2,1,15,8,31.1
902,목구조,2,2,0,2,39.9
903,목구조,3,1,9,4,34.5
904,철근콘크리트,2,0,13,4,29.6
905,목구조,1,2,7,10,48.4
906,벽돌조,2,1,3,10,41.9
907,철근콘크리트,,2,11,3,20.7
908,철근콘크리트,3,2,8,3,36.4
909,목구조,3,2,13,6,37.0
910,벽돌조,3,2,8,4,28.4
911,철근콘크리트,,1,4,9,24.1
912,철근콘크리트,1,2,14,7,32.5
913,목구조,2,0,0,3,36.5
914,목구조,2,1,11,5,28.7
915,목구조,2,0,15,1,29.2
916,벽돌조,2,2,0,10,33.1
917,벽돌조,1,3,15,6,29.1
918,목구조,2,3,0,7,34.6
919,철근콘크리트,3,1,2,9,38.4
920,철근콘크리트,2,1,2,4,16.5
921,철근콘크리트,2,2,14,9,27.5
922,벽돌조,1,0,9,4,20.2
923,철근콘크리트,1,2,15,5,26.1
924,철근콘크리트,1,1,13,10,22.0
925,철근콘크리트,,,10,10,33.0
926,목구조,1,1,4,6,33.3
927,,2,2,2,2,16.4
928,목구조,3,3,6,2,32.3
929,목구조,2,0,6,10,45.3
930,철근콘크리트,3,2,14,2,25.6
931,벽돌조,1,2,6,10,41.3
932,벽돌조,1,0,10,10,49.6
933,벽돌조,2,2,7,5,35.0
934,벽돌조,2,1,3,2,30.6
935,목구조,2,2,3,2,37.6
936,철근콘크리트,2,3,8,2,50.5
937,철근콘크리트,3,1,9,3,40.8
938,철근콘크리트,3,0,6,1,41.5
939,목구조,3,2,2,8,30.6
940,철근콘크리트,1,3,7,9,24.9
941,벽돌조,1,2,13,8,37.6
942,벽돌조,2,0,15,10,29.2
943,철근콘크리트,2,1,12,5,34.0
944,벽돌조,1,3,10,10,35.9
945,벽돌조,1,1,6,9,37.7
946,벽돌조,3,2,1,10,18.5
947,철근콘크리트,2,0,3,7,28.7
948,벽돌조,2,0,4,2,32.1
949,철근콘크리트,1,3,3,2,36.4
950,철근콘크리트,2,1,9,3,35.8
951,벽돌조,1,,6,3,34.0
952,철근콘크리트,3,2,6,1,37.8
953,목구조,2,1,4,6,36.1
954,목구조,2,1,4,9,39.0
955,목구조,2,2,10,5,38.2
956,벽돌조,2,1,9,8,30.9
957,벽돌조,2,3,5,8,39.1
958,철근콘크리트,2,0,3,3,35.0
959,벽돌조,1,0,6,10,38.6
960,목구조,2,3,15,8,38.9
961,철근콘크리트,2,1,1,8,32.1
962,철근콘크리트,1,2,7,1,31.1
963,벽돌조,2,,8,3,29.6
964,벽돌조,1,1,2,7,14.1
965,벽돌조,1,0,9,7,32.6
966,벽돌조,2,0,8,3,18.8
967,목구조,1,0,0,9,24.6
968,목구조,,2,0,2,40.2
969,목구조,,2,4,2,29.4
970,벽돌조,2,0,3,4,19.5
971,철근콘크리트,2,1,5,8,20.0
972,목구조,3,0,12,9,26.7
973,목구조,2,1,10,8,36.7
974,목구조,2,0,12,5,29.0
975,벽돌조,2,2,14,2,35.6
976,목구조,1,1,8,9,24.6
977,목구조,1,1,11,2,31.9
978,목구조,1,0,11,6,32.0
979,벽돌조,2,3,1,2,39.6
980,벽돌조,2,3,1,7,34.3
981,벽돌조,2,1,1,6,19.8
982,철근콘크리트,2,0,14,2,13.6
983,벽돌조,1,3,8,6,36.1
984,,1,3,14,10,36.7
985,목구조,2,1,10,7,28.3
986,,2,2,12,6,30.5
987,목구조,2,3,12,3,46.1
988,목구조,2,3,10,5,34.9
989,목구조,1,0,6,7,31.2
990,철근콘크리트,2,2,6,5,31.5
991,벽돌조,2,,0,4,32.9
992,목구조,2,1,4,10,31.9
993,목구조,1,1,3,9,25.3
994,목구조,2,3,0,3,36.0
995,벽돌조,2,2,8,10,18.2
996,철근콘크리트,3,,6,6,24.4
997,벽돌조,3,1,10,1,32.1
998,철근콘크리트,2,0,7,9,25.2
999,벽돌조,2,0,14,9,24.5
1000,벽돌조,2,1,1,8,45.2
1001,철근콘크리트,2,1,12,6,43.3
1002,목구조,1,1,6,3,34.6
1003,목구조,,0,11,8,31.5
1004,목구조,1,1,2,9,33.4
1005,목구조,2,2,5,7,41.1
1006,벽돌조,2,0,11,10,28.8
1007,목구조,1,2,10,4,35.6
1008,목구조,3,3,3,10,43.7
1009,목구조,3,0,14,3,19.8
1010,철근콘크리트,2,2,3,8,25.7
1011,,1,2,2,1,28.0
1012,철근콘크리트,,1,9,9,34.9
1013,목구조,1,2,4,4,24.3
1014,목구조,1,2,12,1,31.0
1015,목구조,2,1,11,5,39.7
1016,벽돌조,3,1,12,10,34.0
1017,벽돌조,2,1,9,3,37.3
1018,목구조,1,2,9,8,33.9
1019,목구조,2,1,3,10,40.6
1020,목구조,1,,7,2,40.9
1021,벽돌조,2,1,0,3,41.7
1022,벽돌조,1,2,10,1,30.6
1023,,1,1,8,5,32.3
1024,,2,0,0,7,30.6
1025,벽돌조,2,0,3,1,26.5
1026,목구조,3,3,2,2,38.4
1027,목구조,,0,7,3,32.4
1028,철근콘크리트,2,0,1,4,34.0
1029,철근콘크리트,2,3,11,3,40.0
1030,목구조,1,3,4,7,37.5
1031,목구조,2,1,0,8,27.4
1032,목구조,2,3,1,9,29.1
1033,벽돌조,2,0,11,1,21.1
1034,목구조,1,2,3,2,41.7
1035,,2,1,8,2,25.4
1036,목구조,1,2,15,9,40.1
1037,목구조,2,1,4,3,28.3
1038,목구조,3,1,5,4,33.7
1039,목구조,1,2,5,9,23.6
1040,목구조,2,1,0,6,40.6
1041,벽돌조,2,0,1,5,16.8
1042,철근콘크리트,2,1,4,9,37.7
1043,철근콘크리트,2,1,12,9,18.4
1044,벽돌조,2,3,1,9,35.7
1045,벽돌조,1,0,5,4,30.0
1046,벽돌조,1,0,10,2,20.4
1047,철근콘크리트,2,1,1,10,32.1
1048,철근콘크리트,3,3,1,7,34.5
1049,벽돌조,,1,8,9,29.3
1050,목구조,2,1,5,5,26.4
1051,목구조,1,2,5,7,40.5
1052,목구조,2,2,1,4,36.1
1053,철근콘크리트,2,3,0,2,16.4
1054,목구조,1,1,11,1,35.8
1055,목구조,2,0,2,3,41.4
1056,철근콘크리트,3,2,11,5,30.8
1057,목구조,,2,2,4,43.1
1058,목구조,1,2,3,9,28.2
1059,목구조,2,2,5,5,27.0
1060,벽돌조,2,3,6,10,25.3
1061,목구조,1,3,8,7,38.2
1062,목구조,2,1,9,10,22.7
1063,벽돌조,1,3,5,4,23.4
1064,,2,2,0,3,42.4
1065,목구조,2,0,2,8,45.7
1066,철근콘크리트,2,3,7,6,39.6
1067,목구조,1,0,7,6,20.9
1068,벽돌조,2,1,0,6,32.6
1069,철근콘크리트,2,0,5,8,30.0
1070,철근콘크리트,3,1,13,7,20.9
1071,목구조,1,1,1,3,31.2
1072,철근콘크리트,2,1,5,3,20.1
1073,목구조,2,1,11,6,44.9
1074,벽돌조,2,3,6,8,30.0
1075,철근콘크리트,1,0,2,6,36.0
1076,벽돌조,1,3,2,9,34.9
1077,벽돌조,3,2,1,1,22.2
1078,철근콘크리트,3,0,12,10,33.6
1079,벽돌조,2,2,2,4,19.7
1080,철근콘크리트,2,1,9,1,38.5
1081,목구조,2,1,15,3,29.6
1082,,2,0,2,2,35.8
1083,철근콘크리트,2,0,5,7,25.1
1084,벽돌조,2,3,2,4,24.1
1085,철근콘크리트,2,2,2,1,35.1
1086,벽돌조,1,1,1,5,35.9
1087,,1,2,4,5,30.5
1088,목구조,3,3,0,1,30.1
1089,목구조,1,0,2,10,30.1
1090,철근콘크리트,1,,12,3,36.2
1091,목구조,2,3,2,8,33.1
1092,철근콘크리트,3,1,10,8,26.2
1093,목구조,2,1,15,9,21.9
1094,벽돌조,1,0,1,4,24.7
1095,벽돌조,1,1,5,5,31.2
1096,목구조,2,1,15,1,30.0
1097,철근콘크리트,2,2,1,5,18.7
1098,목구조,2,3,12,2,36.4
1099,목구조,2,0,8,3,28.8
1100,철근콘크리트,1,2,10,1,23.5
1101,목구조,1,1,11,2,27.6
1102,벽돌조,3,,14,5,36.2
1103,,1,1,14,4,27.4
1104,철근콘크리트,1,1,10,8,31.1
1105,목구조,2,3,8,4,44.1
1106,철근콘크리트,2,0,9,7,38.0
1107,철근콘크리트,1,1,2,7,25.3
1108,벽돌조,1,1,11,7,13.8
1109,철근콘크리트,2,2,6,5,28.3
1110,철근콘크리트,2,2,7,1,38.8
1111,벽돌조,2,2,10,8,18.5
1112,철근콘크리트,1,2,8,1,36.2
1113,벽돌조,,0,7,5,32.1
1114,철근콘크리트,2,0,12,9,37.0
1115,벽돌조,2,1,9,5,37.1
1116,목구조,3,0,5,2,23.8
1117,벽돌조,1,3,2,5,26.0
1118,철근콘크리트,1,3,5,8,35.5
1119,철근콘크리트,1,2,9,7,23.0
1120,목구조,1,0,8,1,41.5
1121,목구조,2,2,3,1,38.3
1122,철근콘크리트,2,1,11,7,38.1
1123,철근콘크리트,1,3,1,6,39.2
1124,철근콘크리트,1,1,12,8,27.6
1125,벽돌조,1,3,15,6,29.2
1126,벽돌조,2,1,9,8,39.3
1127,철근콘크리트,1,2,8,3,33.0
1128,벽돌조,2,0,4,3,35.7
1129,벽돌조,2,3,15,9,39.3
1130,목구조,1,1,12,7,34.4
1131,철근콘크리트,2,3,4,9,27.5
1132,벽돌조,2,1,1,10,25.1
1133,목구조,2,1,4,5,16.7
1134,,2,0,3,10,35.5
1135,철근콘크리트,1,2,0,7,34.6
1136,철근콘크리트,1,1,7,4,36.8
1137,철근콘크리트,1,0,1,5,31.3
1138,벽돌조,2,1,0,2,36.9
1139,철근콘크리트,1,2,8,9,41.2
1140,벽돌조,3,0,11,3,28.3
1141,철근콘크리트,2,0,13,2,35.7
1142,철근콘크리트,2,1,14,7,43.2
1143,목구조,1,1,2,2,26.0
1144,목구조,2,2,2,8,39.1
1145,철근콘크리트,2,0,0,1,21.1
1146,벽돌조,1,3,9,3,29.8
1147,벽돌조,1,3,5,8,37.3
1148,목구조,2,0,7,9,30.6
1149,철근콘크리트,2,2,6,2,49.1
1150,철근콘크리트,2,0,0,9,41.5
1151,벽돌조,3,1,7,1,44.9
1152,목구조,2,2,15,8,26.1
1153,목구조,1,3,13,1,43.8
1154,철근콘크리트,1,3,0,9,35.3
1155,목구조,2,2,1,5,29.6
1156,목구조,2,0,12,1,29.5
1157,벽돌조,1,3,4,8,38.4
1158,목구조,2,1,2,9,30.5
1159,철근콘크리트,3,1,8,8,24.4
1160,벽돌조,1,2,12,1,20.5
1161,철근콘크리트,3,,13,2,33.6
1162,철근콘크리트,1,3,11,3,35.3
1163,벽돌조,2,1,10,6,30.1
1164,목구조,1,2,4,3,25.9
1165,철근콘크리트,2,2,14,5,34.9
1166,철근콘크리트,2,1,8,2,24.6
1167,철근콘크리트,2,1,13,6,17.7
1168,철근콘크리트,2,3,9,10,36.0
1169,철근콘크리트,2,3,13,6,41.6
1170,목구조,2,1,1,10,48.4
1171,목구조,2,0,10,4,23.9
1172,철근콘크리트,2,0,9,3,32.4
1173,목구조,2,1,9,5,21.7
1174,철근콘크리트,2,3,9,10,38.0
1175,벽돌조,2,3,6,8,27.3
1176,철근콘크리트,2,1,7,2,33.9
1177,벽돌조,1,3,14,4,41.5
1178,목구조,1,3,0,3,25.2
1179,벽돌조,2,3,6,6,20.0
1180,철근콘크리트,2,2,13,3,28.6
1181,목구조,2,1,9,2,35.4
1182,철근콘크리트,1,2,6,10,23.0
1183,벽돌조,2,2,9,1,33.8
1184,벽돌조,2,,9,4,23.7
1185,벽돌조,2,1,1,2,25.4
1186,,1,1,6,5,26.5
1187,목구조,3,1,10,3,34.4
1188,벽돌조,1,0,3,10,42.8
1189,철근콘크리트,3,1,11,5,42.9
1190,철근콘크리트,1,0,12,8,22.9
1191,목구조,2,2,7,4,31.1
1192,목구조,1,,10,4,23.3
1193,벽돌조,2,1,1,2,31.9
1194,목구조,2,3,15,8,43.1
1195,벽돌조,1,1,15,2,32.7
1196,철근콘크리트,2,3,15,2,42.9
1197,목구조,1,0,5,3,38.1
1198,목구조,3,1,15,3,37.1
1199,목구조,2,1,9,1,20.9
1200,목구조,1,1,11,7,35.7
1201,철근콘크리트,1,2,7,10,32.3
1202,목구조,2,3,7,3,35.7
1203,벽돌조,2,2,11,5,31.7
1204,목구조,2,3,2,7,43.3
1205,벽돌조,1,1,12,6,36.1
1206,벽돌조,3,1,2,5,26.7
1207,벽돌조,,2,9,5,35.5
1208,철근콘크리트,1,2,8,6,21.4
1209,벽돌조,1,0,11,4,16.0
1210,철근콘크리트,2,2,9,4,33.8
1211,철근콘크리트,2,1,7,6,21.3
1212,벽돌조,2,2,7,2,29.3
1213,철근콘크리트,3,0,5,8,39.6
1214,철근콘크리트,2,1,1,3,23.4
1215,벽돌조,1,,14,10,30.0
1216,벽돌조,1,2,11,9,30.9
1217,벽돌조,1,2,8,4,25.9
1218,벽돌조,2,3,3,6,27.9
1219,철근콘크리트,2,1,7,10,34.9
1220,철근콘크리트,2,2,10,5,27.6
1221,철근콘크리트,2,1,10,8,20.4
1222,철근콘크리트,1,2,14,1,13.6
1223,벽돌조,2,3,1,8,24.8
1224,벽돌조,2,3,2,7,38.6
1225,벽돌조,2,3,5,10,24.2
1226,목구조,,0,8,1,28.8
1227,목구조,2,2,10,8,29.2
1228,벽돌조,1,3,1,10,37.9
1229,목구조,1,1,15,10,41.9
1230,벽돌조,2,1,10,4,22.2
1231,목구조,3,3,14,2,20.0
1232,벽돌조,2,0,14,7,23.0
1233,벽돌조,3,0,8,4,27.8
1234,철근콘크리트,3,2,14,9,29.5
1235,목구조,3,0,2,8,24.5
1236,철근콘크리트,2,0,4,2,24.6
1237,벽돌조,1,3,0,5,32.1
1238,목구조,2,0,14,1,31.5
1239,벽돌조,2,0,12,4,18.4
1240,목구조,2,1,13,5,29.0
1241,목구조,1,,4,3,30.1
1242,벽돌조,3,2,4,9,29.8
1243,벽돌조,,1,12,9,15.1
1244,철근콘크리트,2,0,3,1,38.8
1245,벽돌조,2,1,8,10,33.4
1246,철근콘크리트,2,2,6,6,28.8
1247,철근콘크리트,2,3,3,1,34.0
1248,벽돌조,1,3,7,9,18.3
1249,벽돌조,2,0,6,3,12.3
1250,벽돌조,1,3,14,3,32.2
1251,철근콘크리트,2,1,10,1,24.0
1252,벽돌조,2,3,11,1,26.5
1253,목구조,1,2,2,8,23.8
1254,철근콘크리트,2,0,4,7,33.3
1255,목구조,2,1,11,10,36.3
1256,벽돌조,2,3,1,3,31.4
1257,철근콘크리트,,1,7,3,30.5
1258,목구조,2,2,10,2,33.7
1259,벽돌조,2,2,1,10,41.2
1260,벽돌조,2,1,5,6,20.6
1261,벽돌조,2,3,10,7,42.1
1262,목구조,2,2,15,2,40.5
1263,목구조,2,0,4,8,16.5
1264,벽돌조,2,0,10,3,24.7
1265,철근콘크리트,2,3,8,8,41.5
1266,벽돌조,2,2,13,7,24.8
1267,벽돌조,2,0,2,10,21.7
1268,철근콘크리트,2,3,1,7,22.4
1269,철근콘크리트,3,1,7,6,41.9
1270,벽돌조,1,2,13,2,17.8
1271,벽돌조,,2,3,9,37.6
1272,목구조,2,2,11,1,29.4
1273,벽돌조,2,3,15,6,24.7
1274,목구조,2,1,13,9,33.1
1275,철근콘크리트,2,3,5,9,31.0
1276,철근콘크리트,1,1,12,1,24.1
1277,철근콘크리트,3,2,12,5,24.9
1278,벽돌조,1,0,5,6,17.2
1279,목구조,2,1,1,9,29.8
1280,벽돌조,2,1,4,1,12.1
1281,벽돌조,3,3,10,5,31.4
1282,벽돌조,2,1,14,3,22.1
1283,철근콘크리트,1,2,8,4,31.9
1284,철근콘크리트,2,0,3,6,36.0
1285,벽돌조,2,0,11,2,29.6
1286,목구조,2,2,12,3,38.2
1287,목구조,1,1,13,8,25.5
1288,철근콘크리트,2,0,3,10,20.1
1289,철근콘크리트,,0,6,4,22.5
1290,벽돌조,,3,14,2,39.9
1291,목구조,2,3,7,3,31.6
1292,목구조,1,3,1,2,27.8
1293,목구조,2,0,5,2,19.6
1294,벽돌조,1,0,9,6,30.3
1295,철근콘크리트,3,2,8,3,34.3
1296,벽돌조,2,2,14,8,26.8
1297,목구조,2,2,1,8,38.8
1298,벽돌조,2,0,15,5,28.4
1299,벽돌조,2,0,9,5,26.9
1300,철근콘크리트,3,2,13,9,41.7
1301,목구조,2,1,8,7,23.8
1302,목구조,2,2,8,10,26.3
1303,철근콘크리트,2,3,10,9,32.0
1304,목구조,2,2,14,6,28.8
1305,목구조,1,1,10,2,27.0
1306,벽돌조,2,2,9,7,32.1
1307,벽돌조,2,2,15,10,48.0
1308,목구조,3,3,9,10,34.8
1309,철근콘크리트,,1,13,4,24.1
1310,목구조,2,0,7,3,30.4
1311,벽돌조,2,0,12,2,20.6
1312,,1,0,11,10,21.9
1313,철근콘크리트,1,2,1,1,27.8
1314,,1,3,15,7,35.1
1315,목구조,1,0,12,5,21.8
1316,목구조,2,1,5,8,44.8
1317,철근콘크리트,1,0,5,8,30.7
1318,,2,2,1,2,11.9
1319,벽돌조,2,1,0,6,33.5
1320,목구조,1,2,5,6,38.0
1321,목구조,1,1,2,4,32.7
1322,목구조,1,1,6,1,24.6
1323,벽돌조,2,3,2,4,35.7
1324,철근콘크리트,2,3,2,8,26.5
1325,철근콘크리트,2,2,15,4,36.4
1326,철근콘크리트,2,1,1,8,42.6
1327,벽돌조,2,2,9,5,18.9
1328,철근콘크리트,3,1,11,10,36.9
1329,,3,1,1,9,29.8
1330,목구조,1,0,4,6,36.0
1331,철근콘크리트,2,0,14,6,36.4
1332,벽돌조,2,0,12,2,29.7
1333,벽돌조,2,1,2,2,27.0
1334,목구조,,,4,10,33.4
1335,벽돌조,1,0,2,6,20.7
1336,목구조,2,0,12,6,30.2
1337,목구조,3,3,11,4,51.0
1338,철근콘크리트,1,1,3,3,32.2
1339,철근콘크리트,2,1,3,2,30.3
1340,철근콘크리트,2,3,11,8,32.7
1341,목구조,1,0,7,7,24.3
1342,목구조,2,1,13,5,39.0
1343,철근콘크리트,2,0,13,4,29.1
1344,철근콘크리트,2,1,11,2,44.7
1345,벽돌조,3,3,4,9,29.2
1346,벽돌조,2,3,15,2,30.7
1347,철근콘크리트,2,0,10,1,24.6
1348,철근콘크리트,2,2,9,10,33.8
1349,목구조,1,2,3,4,34.2
1350,벽돌조,2,2,6,9,44.6
1351,벽돌조,2,0,15,4,29.6
1352,철근콘크리트,2,3,14,2,26.8
1353,목구조,1,2,15,7,26.5
1354,철근콘크리트,2,1,15,10,21.6
1355,목구조,2,0,8,4,26.8
1356,,1,0,7,9,30.5
1357,벽돌조,2,2,10,6,37.5
1358,목구조,3,0,0,9,44.1
1359,벽돌조,2,0,13,6,35.8
1360,철근콘크리트,2,2,13,7,43.4
1361,철근콘크리트,2,0,8,1,25.3
1362,,1,2,14,6,22.7
1363,목구조,3,0,12,7,33.7
1364,철근콘크리트,1,1,12,8,18.6
1365,목구조,2,0,14,7,32.2
1366,벽돌조,2,1,11,10,29.5
1367,목구조,1,0,2,10,30.6
1368,벽돌조,1,3,8,3,23.7
1369,벽돌조,2,0,8,8,21.7
1370,목구조,3,3,4,7,31.3
1371,철근콘크리트,1,1,0,8,33.5
1372,목구조,2,0,14,8,37.2
1373,목구조,1,1,3,10,29.1
1374,벽돌조,2,3,3,3,44.5
1375,철근콘크리트,2,2,12,7,39.0
1376,벽돌조,3,0,6,7,35.2
1377,벽돌조,2,1,11,6,20.2
1378,목구조,2,2,1,1,36.5
1379,목구조,1,1,5,4,26.0
1380,철근콘크리트,1,0,14,1,30.9
1381,벽돌조,3,1,5,4,25.2
1382,철근콘크리트,2,0,11,5,37.4
1383,벽돌조,2,2,2,6,21.7
1384,목구조,2,2,14,3,25.2
1385,벽돌조,1,3,14,6,38.4
1386,목구조,2,2,12,3,35.7
1387,벽돌조,2,1,10,4,35.1
1388,벽돌조,3,2,14,6,43.8
1389,벽돌조,2,3,15,9,42.5
1390,벽돌조,2,2,7,5,43.4
1391,벽돌조,2,1,14,7,24.8
1392,벽돌조,1,1,3,7,29.7
1393,철근콘크리트,,2,6,9,24.2
1394,철근콘크리트,3,1,15,8,27.5
1395,벽돌조,1,3,9,9,26.7
1396,철근콘크리트,2,0,9,3,33.1
1397,목구조,2,2,6,8,29.6
1398,목구조,2,,7,7,33.1
1399,벽돌조,2,0,0,5,27.2
1400,목구조,3,2,15,1,43.4
1401,철근콘크리트,2,0,4,2,27.2
1402,벽돌조,2,2,0,3,18.9
1403,목구조,1,1,14,9,27.9
1404,철근콘크리트,2,2,0,3,27.0
1405,목구조,2,0,1,1,20.9
1406,벽돌조,1,1,2,2,31.3
1407,철근콘크리트,2,1,14,2,36.8
1408,철근콘크리트,2,2,13,9,33.3
1409,철근콘크리트,1,0,0,9,23.0
1410,벽돌조,1,3,0,8,34.4
1411,목구조,2,3,14,6,23.9
1412,목구조,1,1,3,7,21.4
1413,목구조,1,1,5,2,39.5
1414,벽돌조,1,2,15,3,35.4
1415,벽돌조,1,2,15,9,38.1
1416,목구조,2,,9,9,33.0
1417,벽돌조,1,2,14,6,15.6
1418,벽돌조,1,1,14,10,38.8
1419,목구조,3,2,12,2,24.6
1420,철근콘크리트,2,2,14,3,36.3
1421,목구조,2,2,3,2,19.1
1422,벽돌조,3,3,5,9,38.6
1423,철근콘크리트,1,0,12,7,6.3
1424,철근콘크리트,1,1,11,6,21.8
1425,목구조,1,3,6,6,20.1
1426,벽돌조,2,,15,4,33.9
1427,목구조,3,2,4,3,30.4
1428,목구조,2,2,9,2,31.7
1429,벽돌조,1,3,11,2,20.2
1430,철근콘크리트,2,0,7,5,39.5
1431,철근콘크리트,2,2,0,4,36.9
1432,벽돌조,1,3,1,9,31.4
1433,벽돌조,3,1,14,8,37.7
1434,철근콘크리트,2,1,14,5,41.4
1435,벽돌조,2,1,2,2,24.3
1436,철근콘크리트,2,2,4,4,27.5
1437,벽돌조,1,2,0,7,22.2
1438,목구조,2,1,7,6,29.9
1439,벽돌조,2,0,12,8,31.9
1440,철근콘크리트,1,1,9,8,32.5
