job_type,year_income_manwon,credit_point,loan_reason,loan_manwon,debt_ratio,job_years,house_type,past_overdue,approved
자영업,18042,522,생활,3945,264.5,24,자가,없음,1
정규직,7456,714,그외,5265,185.5,19,전세,있음,1
정규직,18739,893,그외,10181,,26,월세,없음,1
자영업,19869,886,주택,1994,200.9,29,월세,있음,1
정규직,18829,707,주택,4524,338.3,28,월세,없음,1
계약직,18600,365,사업,10040,308.0,31,자가,없음,1
정규직,8674,300,생활,9503,266.9,29,자가,없음,1
계약직,12203,597,,9195,182.4,28,자가,없음,1
정규직,2536,486,그외,9543,520.0,1,자가,없음,1
정규직,19102,436,주택,4890,233.4,10,전세,있음,1
계약직,,451,사업,2599,351.7,21,전세,없음,1
계약직,19301,560,생활,5025,274.4,21,월세,없음,1
미취업,12405,938,주택,7070,426.6,28,자가,있음,1
계약직,5110,596,주택,2120,41.8,6,자가,없음,1
계약직,2075,470,생활,7565,370.7,22,자가,없음,1
정규직,20152,934,주택,3323,377.5,11,월세,없음,1
정규직,5626,1000,생활,2703,404.5,13,전세,없음,1
,17076,921,주택,4794,157.0,15,월세,있음,1
자영업,,494,주택,445,355.3,28,자가,없음,1
정규직,19246,506,그외,5646,325.8,14,자가,없음,1
자영업,6924,,주택,5484,520.0,21,월세,없음,1
자영업,11173,819,주택,8098,398.5,21,전세,없음,1
자영업,19002,,그외,2068,247.3,14,전세,없음,1
미취업,18902,591,생활,4028,406.9,,자가,없음,1
미취업,3691,897,생활,7107,381.9,26,자가,없음,1
정규직,11177,513,그외,7214,237.7,11,월세,있음,1
정규직,5762,827,주택,7724,492.1,6,월세,없음,1
미취업,19995,794,그외,8185,205.5,1,전세,,1
자영업,13299,417,사업,255,284.1,8,월세,없음,1
계약직,3164,702,그외,7185,520.0,22,전세,있음,1
자영업,6470,440,그외,5515,291.0,20,월세,없음,1
정규직,5178,636,그외,5472,1.0,24,,있음,1
,11214,300,그외,6708,54.1,21,전세,없음,1
정규직,9426,489,그외,2099,31.1,0,월세,없음,1
정규직,12370,556,생활,1682,321.6,14,월세,있음,1
자영업,8998,346,생활,4688,217.1,30,월세,없음,1
정규직,19656,571,그외,2077,1.0,3,전세,있음,1
계약직,4517,730,그외,4274,315.8,21,자가,없음,1
자영업,19565,372,주택,3900,275.0,18,자가,없음,1
정규직,11224,300,그외,9731,140.6,7,자가,없음,1
정규직,8017,400,사업,5031,305.4,17,월세,없음,1
정규직,10326,647,그외,5738,22.8,9,전세,없음,1
미취업,,755,그외,4442,227.7,18,월세,없음,1
정규직,2059,760,그외,8599,257.7,2,월세,없음,1
자영업,2146,307,사업,7072,161.3,10,자가,없음,1
정규직,19765,801,주택,9206,264.9,,월세,있음,1
자영업,13117,466,그외,1453,219.7,1,자가,있음,0
계약직,6181,513,생활,8477,153.1,11,월세,없음,1
계약직,16005,381,그외,1766,202.6,18,자가,없음,1
계약직,11000,471,그외,8803,321.6,0,월세,없음,1
자영업,6106,844,주택,5752,121.7,16,자가,있음,1
정규직,6403,857,그외,1308,89.9,1,자가,없음,1
정규직,3080,715,주택,4839,416.3,18,전세,있음,1
자영업,20343,921,생활,3821,280.8,9,자가,없음,1
정규직,14565,387,사업,8637,,23,자가,있음,1
자영업,11946,332,그외,351,247.5,18,자가,없음,0
,9589,743,사업,2044,274.1,5,자가,없음,1
정규직,15530,657,생활,8026,149.6,0,전세,없음,1
정규직,18808,886,사업,5560,102.5,3,전세,없음,1
정규직,13787,300,생활,5601,243.9,1,월세,없음,1
자영업,12445,429,그외,5707,339.1,5,전세,,0
정규직,8257,416,생활,2400,315.4,29,월세,없음,1
정규직,17936,523,그외,4728,259.5,7,자가,있음,1
계약직,13682,571,주택,4388,302.5,0,월세,없음,1
정규직,9749,791,주택,346,290.0,31,,없음,1
정규직,16518,452,주택,1589,312.8,16,전세,있음,1
자영업,8309,634,주택,9682,,8,,없음,1
정규직,2203,484,사업,6129,462.6,0,자가,없음,1
정규직,6235,783,사업,7269,171.8,3,자가,,1
정규직,18593,1000,그외,8372,323.1,8,자가,없음,1
정규직,,645,사업,,291.7,0,자가,없음,1
자영업,15648,510,그외,2492,144.0,19,자가,없음,1
계약직,16127,433,생활,7608,187.5,4,월세,있음,1
정규직,6514,702,그외,1107,152.4,27,월세,없음,1
계약직,18289,699,생활,,189.2,21,월세,없음,1
정규직,6446,468,주택,7751,420.4,1,전세,있음,1
정규직,,999,사업,3278,346.1,26,전세,없음,1
정규직,11109,721,사업,931,61.5,12,전세,있음,1
미취업,14337,831,,4777,484.2,19,월세,없음,1
정규직,7994,657,사업,6240,219.7,25,전세,없음,1
계약직,18106,706,그외,7675,,10,자가,없음,1
자영업,5172,300,그외,8883,163.7,3,월세,있음,1
자영업,4160,631,주택,9378,364.5,14,자가,없음,1
자영업,16212,300,주택,9977,105.4,18,전세,없음,1
계약직,2570,689,그외,3649,306.4,10,자가,있음,1
자영업,5114,668,그외,3068,437.1,20,자가,없음,1
계약직,9829,695,그외,1811,307.2,22,,없음,1
정규직,5056,672,사업,188,282.1,30,월세,있음,1
미취업,8051,359,사업,856,87.9,26,월세,없음,1
정규직,7191,777,사업,5627,198.8,20,자가,없음,1
자영업,18964,340,그외,660,439.8,30,,없음,1
정규직,19325,606,,4232,266.3,23,자가,없음,1
자영업,19039,529,주택,8637,123.3,5,자가,있음,1
계약직,8164,950,그외,10121,158.9,3,월세,없음,1
자영업,14050,,생활,9783,365.6,1,전세,없음,0
정규직,11775,443,그외,4378,,11,전세,없음,1
미취업,17351,728,생활,5226,72.5,19,자가,없음,1
정규직,19322,887,생활,5824,216.3,11,월세,없음,1
자영업,8034,763,주택,1071,,28,전세,있음,1
,4020,300,생활,1752,143.1,12,월세,없음,1
자영업,9785,620,생활,6901,327.7,12,자가,없음,1
정규직,11677,905,생활,9975,111.0,21,전세,없음,1
정규직,19149,428,생활,5604,420.9,24,,없음,0
정규직,3196,675,생활,4678,296.4,22,전세,없음,1
자영업,8135,609,사업,4652,454.1,30,월세,없음,1
자영업,7641,495,그외,2035,147.2,0,자가,없음,1
자영업,19836,571,주택,9738,240.8,31,자가,없음,1
정규직,2421,574,그외,8699,75.7,20,전세,없음,1
정규직,18159,447,주택,4956,301.5,1,전세,,1
자영업,11477,659,주택,,48.4,13,전세,없음,1
미취업,4811,514,사업,2805,345.4,22,자가,없음,1
정규직,14273,1000,사업,1428,70.5,17,전세,없음,1
정규직,7506,434,생활,2771,399.1,8,월세,없음,1
미취업,,439,생활,4133,430.1,2,월세,없음,1
정규직,20399,764,생활,3833,280.8,30,월세,없음,1
정규직,17736,941,사업,2182,88.6,3,,없음,1
자영업,12887,1000,그외,7859,1.0,22,전세,,1
계약직,2397,359,생활,9486,214.7,31,전세,없음,0
계약직,3986,909,주택,4390,437.2,17,자가,있음,1
정규직,4111,634,주택,7585,381.6,7,월세,있음,1
정규직,,875,사업,5833,94.1,1,자가,없음,1
미취업,16328,568,사업,1210,307.0,24,월세,없음,1
계약직,7751,884,주택,6448,27.5,8,자가,없음,1
자영업,5967,,그외,5431,136.1,8,자가,없음,1
정규직,9064,697,사업,2015,341.0,30,자가,없음,1
자영업,14656,330,그외,3884,361.1,13,,없음,1
자영업,13570,728,주택,8087,255.8,14,월세,없음,1
정규직,19879,460,그외,7989,61.1,0,전세,없음,1
정규직,13343,532,생활,5365,190.9,22,자가,있음,1
자영업,7190,686,그외,6859,247.8,12,월세,없음,1
자영업,13752,713,생활,7394,274.3,6,자가,없음,1
자영업,10092,758,생활,2166,367.6,16,자가,있음,1
정규직,18089,453,사업,9027,1.0,26,자가,,1
미취업,15244,347,주택,3107,349.4,10,월세,있음,0
정규직,6970,404,생활,8744,413.4,0,전세,없음,0
정규직,5415,439,생활,5385,184.0,1,자가,없음,1
자영업,9227,781,생활,4278,446.2,30,월세,없음,1
미취업,5309,557,사업,1329,152.5,11,자가,없음,1
자영업,19717,493,그외,4193,188.9,24,자가,없음,1
정규직,11256,511,주택,5595,1.0,,전세,없음,1
자영업,18958,300,사업,5469,1.0,29,자가,없음,1
정규직,13250,311,그외,9581,304.4,5,월세,없음,1
자영업,2522,336,생활,4712,493.2,26,전세,,1
계약직,10932,576,생활,1002,433.3,3,전세,없음,1
미취업,15303,545,그외,,86.5,26,,없음,1
미취업,3236,865,생활,9237,206.4,24,전세,있음,1
미취업,10033,514,사업,3776,79.3,,월세,없음,1
미취업,7731,1000,주택,7060,520.0,26,월세,없음,1
정규직,19927,552,주택,1231,160.2,8,자가,없음,1
계약직,18853,636,생활,1310,182.5,17,자가,없음,1
미취업,2677,381,그외,323,381.2,3,전세,없음,1
자영업,16563,571,생활,141,1.0,28,자가,있음,1
정규직,8478,992,생활,5996,111.7,26,전세,없음,1
자영업,8602,1000,그외,3328,249.4,0,자가,있음,1
정규직,5373,567,주택,6070,,26,,없음,1
계약직,10435,845,생활,2467,232.0,11,전세,없음,1
계약직,19746,462,그외,7126,345.9,8,자가,없음,1
자영업,3987,300,그외,6161,1.0,1,전세,있음,0
정규직,2396,503,주택,123,387.8,27,월세,없음,1
정규직,8313,559,생활,8759,186.4,6,전세,있음,1
정규직,19241,449,생활,8527,214.5,13,월세,없음,1
미취업,15710,784,사업,4671,208.2,5,전세,없음,1
미취업,14737,402,주택,118,161.3,8,전세,없음,1
계약직,17318,872,사업,6248,249.0,6,자가,없음,1
자영업,4944,1000,주택,3762,206.1,11,전세,없음,1
자영업,15761,932,그외,3335,471.4,23,자가,없음,1
정규직,3743,625,그외,8832,1.0,27,전세,,1
미취업,9772,534,생활,7043,295.0,6,자가,없음,1
자영업,9039,724,사업,6401,228.7,31,자가,없음,1
자영업,17609,834,그외,,307.0,6,,없음,1
정규직,6667,667,주택,4536,73.2,8,월세,없음,1
정규직,3574,878,사업,6973,23.7,25,자가,없음,1
정규직,10852,703,주택,7028,267.5,12,월세,없음,1
미취업,8492,373,사업,8211,520.0,1,자가,있음,0
자영업,20181,696,주택,3752,175.6,16,전세,없음,1
자영업,2748,564,생활,7811,210.7,26,자가,없음,1
정규직,6242,544,그외,8259,286.5,3,전세,없음,1
자영업,7105,712,주택,5599,415.5,10,전세,있음,1
자영업,16815,937,사업,7580,273.3,18,월세,없음,1
정규직,10793,426,생활,8849,405.0,13,자가,없음,0
정규직,18997,565,주택,8029,,17,전세,없음,1
미취업,12641,514,생활,1537,215.3,23,자가,없음,1
정규직,2922,645,사업,9690,413.7,22,월세,없음,1
정규직,,870,사업,5249,256.5,11,,있음,1
정규직,13505,506,그외,2354,84.5,5,전세,있음,1
정규직,14722,543,생활,4904,260.3,7,전세,있음,0
정규직,13674,,사업,9841,208.9,15,월세,없음,1
자영업,13477,418,사업,9208,97.1,22,자가,있음,1
계약직,18827,860,그외,6218,436.4,17,자가,없음,1
정규직,20405,769,생활,6088,30.4,20,자가,있음,1
계약직,17141,494,그외,6670,356.4,13,자가,있음,1
자영업,14161,786,생활,9666,382.5,17,전세,없음,1
정규직,7884,636,주택,1082,198.1,29,전세,없음,1
정규직,17453,612,사업,9713,520.0,31,전세,없음,1
자영업,13289,734,그외,2603,185.7,25,,없음,1
,6244,842,주택,4700,506.5,19,,없음,1
정규직,,566,주택,6219,,,자가,있음,1
정규직,10900,733,주택,1994,,3,월세,있음,1
정규직,12325,680,생활,564,100.4,2,전세,없음,1
정규직,13031,506,주택,6987,250.8,6,자가,있음,1
자영업,5595,300,사업,3653,77.9,30,월세,없음,1
미취업,12227,619,주택,2786,129.8,0,자가,없음,1
정규직,10219,529,그외,10072,86.1,0,월세,없음,1
정규직,14234,897,생활,,305.7,21,월세,있음,1
정규직,13414,495,생활,7285,1.0,4,자가,없음,1
정규직,6253,381,사업,556,,26,전세,없음,1
정규직,7584,650,사업,5022,216.2,2,전세,없음,1
미취업,14449,561,사업,4767,58.0,22,월세,없음,1
정규직,19878,685,그외,7273,372.8,26,월세,있음,1
자영업,14017,300,그외,9776,307.8,24,전세,있음,1
자영업,14285,868,그외,10039,1.0,31,월세,없음,1
,9075,439,주택,1033,41.6,18,전세,없음,1
미취업,8163,310,주택,2908,504.8,7,월세,없음,0
자영업,11444,912,그외,191,270.6,9,전세,없음,1
자영업,9164,645,생활,7858,254.4,5,월세,있음,1
정규직,20295,782,사업,7964,390.4,12,월세,없음,1
계약직,6285,901,주택,5680,374.3,23,월세,없음,1
정규직,19873,687,그외,9943,303.1,28,월세,없음,1
정규직,,819,생활,8421,96.7,10,전세,없음,1
정규직,2913,495,생활,7359,1.0,1,전세,없음,1
정규직,16524,,주택,8576,1.0,16,전세,있음,1
정규직,2472,636,주택,1118,135.0,6,전세,있음,1
계약직,13101,701,주택,5983,299.6,24,자가,없음,1
계약직,2228,867,주택,6505,27.6,,전세,없음,1
정규직,6513,1000,생활,2209,426.4,30,전세,없음,1
정규직,6171,,그외,6199,298.2,28,전세,없음,1
,16840,734,그외,9493,124.2,2,월세,없음,1
자영업,18109,561,,8853,237.2,0,전세,있음,1
,,481,그외,6673,278.4,18,자가,없음,1
자영업,6464,667,생활,3908,462.8,12,전세,,1
정규직,18432,848,생활,618,380.9,1,자가,없음,1
정규직,5709,476,주택,1609,176.3,11,,없음,1
정규직,9823,715,주택,,193.8,1,자가,없음,1
정규직,13084,,사업,7268,279.3,21,월세,없음,1
정규직,15655,505,주택,105,504.2,29,월세,없음,0
정규직,16831,827,주택,2580,1.0,20,월세,없음,1
정규직,7451,,,6805,456.2,0,자가,없음,1
미취업,19062,,그외,118,385.2,29,월세,없음,1
자영업,12888,649,,2659,125.2,15,,없음,1
계약직,9362,762,주택,9908,22.0,24,전세,있음,1
,4279,827,그외,8903,154.2,10,자가,있음,1
정규직,12087,528,주택,8707,315.1,15,전세,있음,1
자영업,7896,300,생활,1523,1.0,27,전세,없음,1
자영업,14034,727,주택,10147,279.5,29,전세,없음,1
자영업,19332,594,사업,7061,194.0,21,자가,없음,1
미취업,16469,827,주택,1253,1.0,30,월세,없음,1
정규직,3117,696,생활,3958,293.2,24,월세,없음,1
계약직,8159,402,생활,5706,304.0,8,전세,없음,1
정규직,4201,764,그외,672,267.5,23,월세,없음,1
미취업,15953,334,사업,8461,464.6,15,자가,없음,1
계약직,19421,784,사업,1269,318.6,4,자가,없음,0
정규직,10444,598,생활,2047,392.1,28,전세,없음,1
자영업,,931,생활,1035,271.7,25,전세,없음,1
계약직,14629,946,생활,5677,147.8,12,자가,없음,1
계약직,18261,416,사업,8975,399.5,25,월세,없음,1
정규직,7513,821,생활,5121,344.0,30,전세,없음,1
정규직,4165,636,주택,1022,427.6,23,월세,없음,1
자영업,11865,300,주택,3401,301.8,29,월세,없음,0
정규직,4241,358,주택,1648,434.4,,월세,있음,1
미취업,14697,583,사업,2471,51.6,21,자가,없음,1
자영업,3508,963,그외,5479,520.0,4,자가,있음,1
계약직,9497,,생활,6120,250.9,11,자가,없음,1
계약직,15871,775,그외,9894,273.9,20,자가,없음,1
정규직,2621,606,그외,3842,305.7,1,자가,있음,1
자영업,2964,851,그외,3933,257.9,19,전세,없음,1
정규직,12519,763,생활,6024,317.9,26,월세,없음,1
계약직,7837,498,그외,4520,62.3,16,자가,있음,1
계약직,14527,591,사업,9719,62.8,5,자가,없음,1
자영업,7839,300,,9785,520.0,8,자가,없음,1
미취업,6577,445,생활,7947,463.8,8,,없음,0
미취업,20412,806,생활,9932,248.3,29,자가,있음,1
정규직,15332,565,주택,6840,285.5,24,월세,없음,1
정규직,2056,883,생활,979,217.5,0,자가,없음,1
정규직,18669,556,사업,3929,194.2,4,자가,없음,1
정규직,17125,762,생활,4660,276.5,20,,없음,1
계약직,4811,520,생활,363,101.5,19,전세,없음,1
계약직,17344,883,생활,2258,45.4,15,전세,없음,1
정규직,3314,447,주택,2094,,29,월세,없음,0
정규직,,913,사업,8593,448.2,10,월세,,0
계약직,3412,784,생활,9648,134.8,30,월세,없음,1
정규직,19046,860,그외,2121,227.7,9,자가,없음,1
자영업,4188,931,사업,4189,210.6,14,자가,없음,1
계약직,1924,384,생활,7362,218.1,30,전세,없음,1
정규직,19248,394,그외,3551,400.5,16,자가,없음,1
자영업,18170,467,그외,2847,96.9,16,월세,없음,0
계약직,14163,840,그외,6675,207.4,9,,없음,1
계약직,13431,523,생활,7605,255.1,18,자가,없음,1
자영업,18834,720,생활,1266,237.2,21,전세,없음,1
자영업,17726,772,사업,5899,277.8,14,월세,없음,1
정규직,2005,,사업,5080,276.8,26,월세,있음,1
정규직,11515,904,그외,7106,204.4,2,자가,있음,1
계약직,19648,655,주택,4795,386.4,18,월세,있음,1
정규직,13775,938,그외,9435,221.2,6,월세,없음,1
계약직,12119,765,생활,5785,161.0,28,,없음,1
,3422,364,그외,8328,462.1,5,월세,없음,1
미취업,16466,943,주택,1116,274.0,24,자가,없음,1
정규직,3425,494,생활,582,22.6,10,전세,없음,1
정규직,16303,639,그외,8834,1.0,31,자가,없음,1
자영업,9562,898,주택,,,25,월세,없음,1
정규직,2553,300,사업,7556,372.1,10,자가,없음,0
계약직,16779,404,사업,6747,437.9,5,월세,없음,0
정규직,2294,742,주택,9517,22.5,17,월세,없음,1
계약직,14600,363,사업,818,309.8,1,자가,없음,1
계약직,11464,734,주택,8159,148.5,27,자가,없음,1
정규직,16166,726,사업,5239,520.0,8,전세,없음,1
정규직,11054,730,생활,1366,57.2,16,자가,없음,1
정규직,9358,878,그외,7187,164.9,23,전세,없음,1
정규직,15375,530,주택,6877,198.1,26,자가,없음,1
미취업,13408,440,주택,7568,234.2,9,월세,없음,1
미취업,12829,761,생활,5718,418.5,0,자가,없음,1
미취업,2956,694,그외,8036,265.0,5,월세,없음,0
미취업,9413,593,,3167,1.0,6,자가,없음,1
자영업,2608,636,주택,781,30.5,,,없음,1
자영업,3789,329,그외,935,359.9,25,전세,없음,0
계약직,14999,741,그외,1291,220.0,27,월세,없음,1
자영업,2071,773,그외,7843,210.6,16,,없음,1
정규직,,535,그외,1647,296.6,28,월세,없음,1
정규직,3072,681,생활,2080,1.0,30,자가,없음,1
미취업,19040,361,주택,9874,370.4,6,월세,없음,1
미취업,20217,481,그외,7447,483.7,1,월세,없음,0
정규직,12888,465,주택,8692,1.0,14,월세,없음,1
자영업,12604,935,생활,1556,25.7,22,자가,없음,1
미취업,8999,808,주택,5011,295.3,14,전세,없음,1
미취업,20358,481,그외,8353,408.2,24,자가,없음,0
미취업,10867,450,주택,8379,276.0,11,,없음,1
계약직,14627,498,그외,1200,286.3,12,전세,없음,0
정규직,4374,,생활,8261,248.1,0,자가,없음,1
정규직,8373,715,사업,523,319.1,11,월세,없음,1
정규직,19684,677,주택,5417,243.3,17,월세,없음,1
자영업,11304,867,사업,202,320.6,15,자가,없음,1
정규직,8316,1000,그외,8284,286.5,18,전세,있음,1
자영업,14464,872,주택,3776,109.8,15,전세,없음,1
미취업,12734,464,사업,10134,159.6,30,자가,없음,0
정규직,17780,781,그외,5862,245.5,22,,없음,1
정규직,19693,623,그외,1602,254.8,24,전세,없음,1
자영업,19272,832,생활,8109,289.7,2,자가,있음,1
계약직,10249,714,그외,9706,110.4,20,월세,없음,1
계약직,10851,899,주택,4189,221.9,13,자가,없음,1
정규직,20324,366,생활,6521,187.7,18,전세,없음,1
정규직,16261,347,주택,803,6.0,6,전세,없음,1
정규직,10099,805,주택,3012,365.4,29,월세,없음,1
계약직,17282,620,생활,6533,348.9,30,월세,없음,1
계약직,6020,706,사업,1826,226.8,4,월세,없음,1
자영업,16207,800,그외,5697,193.5,26,월세,없음,1
계약직,7528,557,생활,3504,135.4,25,,없음,1
자영업,11266,546,생활,1683,263.5,20,전세,없음,1
자영업,11675,357,사업,3996,368.3,28,자가,없음,0
정규직,3458,875,그외,,281.4,26,월세,,1
계약직,5008,738,생활,8664,247.2,0,자가,없음,1
계약직,15746,903,그외,2001,347.0,24,월세,없음,1
정규직,5794,540,그외,1600,93.0,27,전세,없음,1
정규직,,485,생활,8150,119.1,31,월세,있음,1
계약직,10507,553,주택,9143,76.6,20,자가,없음,1
정규직,15820,300,그외,5562,520.0,1,자가,없음,1
계약직,5272,511,사업,1842,496.2,0,전세,없음,0
정규직,16183,523,사업,1093,338.5,20,자가,없음,0
정규직,15282,773,사업,8906,,23,전세,있음,1
정규직,5904,806,주택,1690,371.5,18,월세,없음,1
계약직,4671,469,생활,6783,314.0,22,자가,없음,1
,5576,919,그외,4248,280.5,29,전세,있음,1
정규직,2387,706,생활,3790,387.7,11,전세,없음,1
계약직,8860,649,그외,7570,177.2,6,,있음,1
계약직,12170,653,그외,2290,309.4,18,월세,없음,1
계약직,11586,767,사업,1983,357.4,,월세,없음,1
정규직,4442,641,사업,5663,128.1,21,월세,없음,1
정규직,2876,734,사업,4688,352.2,30,자가,있음,1
미취업,13622,866,주택,4539,35.7,7,자가,없음,1
정규직,18727,723,그외,,268.9,6,전세,,1
계약직,4982,460,주택,8272,96.8,15,월세,없음,1
,14481,351,,1318,112.1,6,월세,,1
정규직,12939,825,그외,3076,1.0,12,자가,없음,1
계약직,16685,772,사업,9454,412.1,15,자가,있음,1
정규직,20043,659,생활,9969,437.6,23,자가,없음,1
,4562,610,사업,2423,308.1,14,전세,없음,1
정규직,2996,695,생활,9434,382.8,22,,없음,1
정규직,9816,625,사업,1666,394.8,28,자가,없음,1
계약직,3756,702,생활,8043,222.7,9,월세,없음,1
정규직,13055,387,그외,8888,386.1,5,,없음,1
미취업,10247,713,주택,5849,,4,자가,있음,0
정규직,13761,,그외,3086,236.2,22,월세,있음,1
정규직,6190,602,주택,655,450.5,8,자가,없음,1
자영업,8245,437,생활,9840,281.6,21,전세,없음,1
계약직,2047,1000,사업,7678,1.0,5,자가,없음,1
정규직,15804,628,주택,5095,243.1,18,자가,없음,1
정규직,13721,524,주택,9995,117.8,30,전세,있음,1
정규직,18311,532,주택,7176,208.7,12,자가,있음,0
정규직,6733,597,생활,9741,226.7,26,월세,없음,1
정규직,6587,913,사업,400,54.7,26,전세,없음,1
자영업,8765,1000,그외,7853,250.8,28,자가,없음,1
정규직,17523,522,주택,7054,152.0,9,월세,없음,1
정규직,5984,,그외,6057,304.7,5,월세,없음,1
정규직,14153,880,사업,3872,162.4,29,전세,없음,1
계약직,17711,501,그외,1985,231.2,19,전세,없음,1
정규직,20262,702,생활,1315,117.1,9,전세,없음,1
정규직,18879,300,생활,4423,110.3,18,자가,없음,1
정규직,12425,811,주택,1947,390.0,22,자가,없음,1
정규직,18420,578,주택,6077,473.3,6,월세,없음,0
정규직,15746,902,주택,7091,343.4,1,자가,없음,1
계약직,7644,927,그외,2677,119.8,24,자가,,1
,11944,,사업,1966,165.1,21,월세,없음,1
정규직,4600,457,그외,,252.7,3,자가,없음,1
자영업,19977,668,주택,5383,134.8,22,자가,없음,1
정규직,11458,400,주택,4604,520.0,8,전세,없음,0
정규직,4188,867,생활,1455,257.8,0,월세,있음,1
계약직,8288,656,그외,4559,396.5,25,월세,없음,1
미취업,13615,300,주택,4115,243.9,26,전세,없음,1
자영업,19191,726,사업,3170,386.2,16,전세,없음,1
정규직,14026,764,주택,1786,,8,전세,없음,1
계약직,4386,901,그외,3646,158.4,23,자가,없음,1
자영업,6579,838,그외,2692,452.9,29,자가,없음,1
미취업,15316,608,생활,4144,287.8,14,전세,없음,0
자영업,13331,948,생활,9003,129.7,8,자가,없음,1
정규직,15667,620,생활,6855,12.8,29,전세,없음,1
계약직,2478,450,생활,6884,200.4,29,자가,없음,1
정규직,17626,487,,4817,107.8,4,전세,있음,1
자영업,16167,900,주택,198,227.7,16,자가,없음,1
정규직,2219,598,그외,7728,108.2,12,전세,없음,1
정규직,10325,803,사업,3267,415.4,13,월세,있음,1
미취업,16777,826,주택,477,1.0,27,월세,없음,1
계약직,4856,714,생활,6356,365.0,27,자가,없음,1
정규직,11257,790,그외,8289,201.5,27,월세,없음,1
,14466,895,주택,6424,341.9,16,자가,있음,1
계약직,18396,857,사업,6185,208.1,15,월세,없음,1
정규직,11267,819,그외,3308,15.1,18,,없음,1
계약직,12792,708,그외,3247,256.5,14,자가,있음,1
계약직,4796,371,그외,1943,139.0,26,월세,없음,1
정규직,16641,737,그외,758,231.0,10,자가,없음,1
미취업,8114,695,사업,5274,446.8,18,자가,없음,1
자영업,15097,881,그외,7487,129.0,24,전세,없음,1
미취업,8421,669,사업,5189,29.9,23,자가,없음,1
정규직,20211,300,생활,6260,243.8,,자가,없음,1
미취업,15151,300,생활,5011,398.3,31,월세,없음,0
정규직,12784,921,사업,1247,1.0,27,월세,없음,1
계약직,14933,411,생활,,127.9,21,자가,없음,1
계약직,19051,389,생활,4700,392.7,14,월세,없음,1
계약직,17927,1000,주택,8200,360.3,10,자가,없음,1
정규직,2550,728,생활,5441,373.2,7,자가,있음,1
정규직,15469,484,주택,10041,58.5,11,전세,없음,1
자영업,5962,591,생활,7154,1.0,2,전세,없음,0
자영업,5124,,생활,5323,133.8,27,월세,없음,1
정규직,7881,418,주택,4066,91.8,29,자가,있음,1
정규직,12175,586,주택,4746,17.9,28,전세,있음,1
정규직,17353,838,주택,2891,414.5,11,전세,있음,1
자영업,3973,,사업,1377,273.4,22,전세,없음,1
자영업,5335,699,그외,8566,168.4,9,전세,없음,1
정규직,10352,664,사업,5743,72.9,0,월세,없음,1
미취업,19501,585,주택,4449,371.2,25,전세,없음,1
미취업,9146,336,생활,4987,353.6,25,월세,없음,1
정규직,13301,470,그외,8303,299.7,20,자가,없음,1
계약직,9631,475,사업,7689,359.0,29,자가,없음,1
자영업,9238,491,사업,9008,382.1,,자가,없음,1
계약직,11234,375,주택,1334,349.9,30,자가,있음,0
미취업,19597,623,그외,4763,1.0,4,월세,없음,1
정규직,17704,,주택,5144,229.9,3,전세,없음,1
자영업,11556,630,사업,9940,338.8,24,자가,없음,1
정규직,19021,413,사업,9823,382.5,29,자가,없음,0
자영업,15950,705,사업,4859,409.4,16,전세,있음,1
계약직,4534,672,생활,394,32.1,16,월세,없음,1
자영업,14893,578,생활,8677,55.5,24,월세,없음,1
계약직,3290,725,그외,4124,335.3,6,,있음,1
정규직,16506,736,사업,4567,106.5,26,전세,없음,1
정규직,17020,596,사업,8400,179.5,,자가,없음,1
계약직,18903,1000,그외,4177,187.9,19,자가,없음,1
정규직,12279,557,생활,9715,288.0,6,자가,없음,1
미취업,19712,464,생활,3302,480.9,12,전세,없음,0
계약직,5395,630,생활,5150,114.1,5,전세,없음,1
자영업,7860,453,주택,2771,191.3,16,월세,없음,1
자영업,17617,620,생활,216,118.6,29,자가,있음,1
정규직,18634,585,주택,1204,240.9,31,자가,없음,1
계약직,16960,630,주택,1140,135.4,11,전세,없음,1
계약직,2105,874,생활,9133,137.7,15,자가,없음,1
정규직,8773,1000,,3951,196.4,5,월세,없음,1
,15443,667,주택,8120,262.1,17,월세,있음,1
미취업,18559,705,사업,1221,76.6,0,월세,없음,1
계약직,19194,886,주택,3483,259.8,15,자가,있음,1
정규직,17785,358,그외,1037,1.0,30,자가,없음,1
정규직,7103,651,생활,8371,231.9,3,전세,있음,1
정규직,7986,806,사업,9277,47.7,31,자가,없음,1
계약직,17580,418,사업,8463,447.9,31,월세,없음,1
계약직,10770,429,생활,9060,215.8,29,자가,,1
계약직,13532,710,그외,7950,189.2,18,월세,없음,1
정규직,,451,사업,1048,520.0,20,자가,없음,0
미취업,19858,859,그외,9045,110.3,12,자가,있음,1
정규직,2823,349,생활,2205,406.4,24,자가,있음,0
정규직,7309,897,그외,9292,448.7,19,자가,없음,1
정규직,13737,706,주택,4627,28.0,,자가,없음,1
자영업,15842,,생활,6186,372.6,16,전세,없음,1
정규직,14877,704,그외,8609,184.4,12,월세,있음,1
,16404,942,그외,6263,359.5,9,월세,없음,1
,16696,480,주택,4545,403.1,26,자가,없음,1
계약직,13840,443,그외,663,,15,전세,있음,1
자영업,,607,사업,536,212.7,4,월세,없음,1
계약직,8580,473,주택,8401,299.5,18,월세,없음,1
정규직,,300,,2612,196.7,30,전세,없음,0
정규직,,676,생활,4523,181.9,30,전세,없음,1
자영업,9042,785,그외,5561,405.7,29,월세,없음,1
미취업,18519,901,사업,6073,76.7,18,자가,없음,1
정규직,8320,894,사업,154,231.8,14,자가,없음,1
정규직,3878,829,주택,5075,,20,월세,,1
정규직,1966,943,주택,1585,162.6,16,,있음,1
정규직,17491,680,생활,4497,1.0,18,전세,없음,1
자영업,12648,645,생활,2954,162.1,8,월세,있음,1
계약직,12628,492,생활,1360,436.6,3,월세,있음,0
정규직,13782,751,주택,3021,202.7,22,자가,있음,1
계약직,8398,590,생활,4005,60.4,27,자가,없음,1
자영업,2020,551,주택,2047,1.0,31,월세,없음,1
자영업,8830,779,사업,294,329.8,4,자가,없음,1
미취업,4483,618,그외,2499,438.4,25,,없음,1
계약직,,772,생활,5236,170.7,22,자가,없음,1
정규직,15874,830,주택,,226.0,19,전세,없음,1
정규직,19714,643,그외,2635,248.7,7,월세,없음,1
미취업,5298,742,주택,8894,417.0,22,전세,,1
정규직,13341,642,주택,10089,193.2,2,전세,없음,1
자영업,3793,356,사업,453,30.9,0,월세,없음,1
미취업,18255,440,사업,1092,1.0,20,월세,없음,1
정규직,7027,446,주택,1402,210.7,5,자가,없음,1
자영업,4797,300,사업,8852,441.4,25,월세,없음,0
미취업,10272,837,생활,5321,230.1,27,월세,없음,1
정규직,5720,561,주택,7756,172.9,11,월세,없음,0
자영업,10507,764,사업,9394,410.6,21,자가,없음,1
자영업,19043,650,생활,9290,190.7,24,전세,없음,1
계약직,10114,489,주택,2908,1.0,18,월세,없음,1
자영업,2765,441,주택,4221,263.2,15,월세,없음,0
자영업,3852,390,생활,4076,196.8,30,자가,없음,1
정규직,17547,717,그외,6611,293.2,9,월세,없음,1
자영업,18397,956,그외,1943,265.5,,월세,없음,1
정규직,11024,300,주택,3135,131.7,27,월세,있음,1
자영업,11629,550,그외,1506,48.3,20,자가,없음,1
자영업,19660,764,주택,6512,122.3,14,전세,없음,1
정규직,2937,695,사업,6443,194.3,24,전세,있음,1
계약직,16088,386,생활,3720,159.7,7,자가,없음,1
자영업,10340,553,생활,2974,390.8,11,자가,없음,1
정규직,9172,665,주택,4961,240.7,6,월세,있음,1
정규직,19090,615,사업,4384,235.6,13,자가,없음,1
계약직,14738,,그외,804,487.0,8,월세,있음,1
정규직,9711,946,주택,10132,303.8,2,전세,없음,1
계약직,8386,812,,6810,256.3,9,월세,있음,1
자영업,5127,844,주택,2281,394.8,4,월세,없음,1
자영업,14109,790,사업,4612,379.2,20,월세,있음,1
자영업,5861,857,그외,4988,97.8,22,자가,없음,1
계약직,15160,547,사업,8319,102.3,27,전세,없음,1
계약직,5334,592,주택,9274,23.2,19,전세,없음,1
계약직,9073,888,생활,7553,418.5,31,월세,없음,1
정규직,16879,486,생활,8280,88.8,26,월세,없음,1
자영업,13003,832,생활,4798,287.8,8,월세,없음,1
자영업,10529,809,그외,950,520.0,26,월세,없음,0
미취업,13576,621,주택,10118,259.5,28,전세,없음,1
계약직,19052,751,주택,10060,172.5,13,전세,없음,1
미취업,17077,550,사업,6968,419.6,2,월세,없음,0
자영업,8524,406,그외,7999,298.0,10,전세,있음,1
계약직,9101,370,생활,2674,325.4,10,월세,없음,1
정규직,9130,594,그외,4213,219.9,1,전세,없음,1
계약직,4119,375,생활,2546,278.1,5,자가,없음,1
,2372,1000,생활,8104,410.0,31,월세,있음,1
자영업,8361,514,생활,2737,159.4,23,자가,없음,1
정규직,15991,549,그외,6320,329.9,10,전세,없음,1
정규직,12010,536,사업,3838,356.4,7,자가,없음,1
정규직,17977,891,사업,2216,167.0,7,월세,없음,1
미취업,7529,477,사업,8556,116.8,22,자가,없음,1
정규직,2701,596,생활,6850,94.2,12,월세,없음,1
자영업,9086,391,그외,813,123.0,17,자가,있음,1
정규직,14578,616,그외,10060,1.0,3,자가,없음,1
계약직,3637,858,생활,3071,39.3,21,전세,없음,1
자영업,10016,825,주택,1314,373.8,6,전세,있음,1
정규직,18822,644,사업,4914,209.8,24,월세,없음,0
계약직,14140,816,,,329.7,27,자가,없음,1
정규직,13509,773,그외,2316,164.0,6,월세,없음,1
계약직,14155,385,주택,2723,74.1,6,자가,있음,1
정규직,2782,654,그외,6838,228.4,0,전세,없음,1
정규직,2012,,생활,7166,289.3,15,월세,없음,1
정규직,2067,541,생활,10192,415.3,6,월세,있음,1
계약직,14118,748,주택,3043,300.3,5,자가,없음,1
자영업,,300,주택,8812,342.6,31,전세,있음,1
정규직,9080,507,사업,,281.2,0,자가,있음,0
정규직,19696,450,주택,2662,520.0,19,전세,없음,0
정규직,,688,생활,6034,419.9,19,월세,없음,1
계약직,6690,768,그외,8537,520.0,18,월세,없음,1
정규직,2419,601,그외,1259,64.0,22,월세,없음,1
자영업,9003,660,그외,9041,380.9,8,월세,없음,1
정규직,13315,648,그외,3916,141.5,23,월세,,1
계약직,15314,348,사업,2109,376.9,0,자가,없음,1
정규직,18830,445,그외,5558,229.8,26,자가,없음,1
미취업,16301,879,주택,6846,310.7,19,월세,있음,1
계약직,5851,400,사업,1987,94.6,12,자가,없음,1
정규직,12382,622,생활,397,311.2,14,,있음,0
정규직,18445,633,그외,6202,314.5,3,자가,있음,1
미취업,13209,706,주택,9253,1.0,2,전세,,1
자영업,7392,,주택,5951,128.3,18,자가,있음,1
계약직,3954,375,사업,7557,215.3,23,자가,없음,1
정규직,5321,408,주택,7743,,12,자가,있음,1
정규직,,763,사업,7529,237.7,7,전세,있음,1
자영업,2460,759,그외,4899,103.1,0,자가,없음,1
계약직,6739,410,사업,5683,520.0,,자가,없음,0
계약직,7149,593,그외,4945,502.8,5,자가,있음,0
정규직,13386,977,그외,8942,139.7,30,자가,없음,1
계약직,7264,842,사업,2661,,7,월세,없음,1
정규직,11322,300,사업,2753,302.1,23,자가,없음,1
자영업,12209,506,그외,286,152.0,10,전세,없음,1
자영업,13727,848,사업,9687,81.8,,전세,있음,1
계약직,6207,518,생활,9989,319.7,7,자가,없음,1
계약직,12808,935,사업,1568,,15,자가,없음,1
자영업,18656,326,사업,1765,416.4,2,월세,없음,1
정규직,11272,842,사업,3124,266.2,7,,있음,1
자영업,6202,633,그외,9042,345.4,10,월세,없음,1
미취업,13744,809,생활,10044,337.0,10,월세,없음,1
자영업,12826,730,주택,3413,273.0,18,월세,없음,1
계약직,12366,667,생활,106,457.5,4,전세,없음,1
계약직,9087,574,사업,9051,100.6,28,전세,없음,1
정규직,13711,605,그외,2259,348.7,12,자가,없음,1
자영업,16422,1000,사업,205,70.3,19,전세,,1
자영업,4918,623,그외,1366,242.3,5,전세,있음,1
자영업,10015,561,생활,8285,100.3,23,전세,없음,1
계약직,10681,630,,8601,92.7,16,자가,있음,1
미취업,16874,739,생활,976,113.6,20,전세,없음,1
자영업,4594,446,사업,3906,520.0,22,자가,없음,1
정규직,8559,1000,그외,1761,282.7,29,월세,없음,1
자영업,19145,437,그외,9915,,14,자가,있음,1
계약직,4215,474,그외,1354,185.9,19,자가,있음,1
정규직,5582,769,그외,,170.4,25,전세,있음,1
계약직,20122,852,그외,1725,378.3,25,전세,없음,1
정규직,9968,482,그외,1199,512.9,,전세,없음,1
계약직,,821,주택,9949,205.7,,전세,없음,1
정규직,7316,300,사업,2973,241.3,9,자가,없음,1
자영업,6360,804,그외,3366,236.1,0,,없음,1
정규직,3207,929,주택,3855,119.5,12,전세,없음,1
정규직,,587,생활,6116,249.4,18,자가,있음,1
정규직,8873,427,그외,1736,194.0,15,월세,없음,1
계약직,15638,1000,그외,7365,292.6,0,자가,있음,1
정규직,5057,794,생활,6808,277.9,25,월세,없음,1
자영업,11078,889,사업,3789,284.1,25,전세,없음,1
정규직,18436,300,그외,2499,290.8,31,월세,없음,1
정규직,19538,666,그외,5904,154.3,14,월세,없음,1
정규직,8216,570,사업,2358,264.6,10,월세,없음,1
미취업,14931,713,생활,1570,420.1,18,,없음,0
계약직,19266,773,주택,1183,476.1,4,자가,없음,1
자영업,17187,680,생활,5146,252.3,29,월세,있음,1
계약직,13738,1000,주택,1459,76.7,6,자가,있음,1
정규직,18480,539,사업,8688,46.1,3,전세,없음,1
미취업,15664,443,사업,5624,278.0,23,월세,없음,1
미취업,8508,679,주택,4338,183.3,0,자가,없음,1
정규직,9462,368,사업,,374.5,24,자가,있음,0
정규직,20326,643,그외,7867,411.5,11,전세,없음,1
정규직,4884,838,그외,565,154.8,27,전세,없음,1
자영업,8223,731,,8062,338.6,8,월세,있음,1
정규직,4522,578,그외,8863,394.9,17,월세,없음,1
계약직,8066,518,생활,6950,423.3,8,,없음,1
자영업,8283,582,주택,8963,122.1,18,자가,있음,1
정규직,3888,973,주택,4681,363.9,17,자가,없음,1
자영업,17791,630,사업,9761,35.7,6,자가,없음,1
계약직,15826,312,생활,4378,445.2,15,자가,없음,0
자영업,4482,884,생활,,202.4,20,전세,없음,1
정규직,9808,966,사업,8884,274.2,31,전세,없음,1
정규직,7728,300,생활,7673,176.2,0,전세,없음,1
정규직,15682,662,그외,3018,100.0,1,,없음,1
정규직,11792,666,생활,6140,135.2,2,전세,없음,1
정규직,15935,304,생활,424,,25,월세,있음,0
,3220,899,생활,2201,389.1,2,월세,없음,1
미취업,11951,628,사업,674,199.2,20,전세,없음,1
정규직,9444,754,그외,4022,89.9,24,월세,없음,1
정규직,17763,540,사업,9841,117.9,28,자가,없음,1
정규직,14600,300,그외,3441,325.1,11,월세,없음,1
계약직,19356,657,그외,6391,153.1,9,자가,없음,1
자영업,8545,828,사업,1206,129.0,23,월세,있음,1
정규직,14154,850,사업,1329,400.1,14,전세,없음,1
계약직,17520,745,주택,4683,1.0,24,자가,있음,1
계약직,19992,695,그외,5351,283.5,20,전세,없음,1
정규직,17484,685,사업,7181,490.9,21,자가,없음,1
계약직,5536,,생활,7948,404.0,,자가,없음,1
미취업,12094,516,사업,8416,217.4,17,자가,없음,1
미취업,10470,883,생활,2378,333.1,15,월세,없음,1
자영업,3534,378,그외,9958,264.3,15,자가,있음,1
자영업,12791,991,주택,4024,356.2,23,자가,없음,1
정규직,7567,,주택,576,302.5,13,전세,없음,1
계약직,4253,755,사업,1461,184.1,6,전세,없음,1
미취업,8259,864,생활,3265,398.7,4,전세,없음,1
정규직,12867,874,주택,587,419.0,9,자가,없음,1
정규직,5632,714,생활,8558,241.6,25,전세,없음,1
자영업,16491,778,사업,174,46.1,12,자가,없음,1
계약직,16737,498,그외,8966,242.3,14,월세,없음,1
정규직,9126,300,그외,1658,349.8,,자가,없음,0
정규직,14607,753,주택,4532,1.0,20,전세,있음,1
정규직,6157,1000,생활,8427,447.9,31,자가,있음,1
정규직,5361,380,주택,5084,412.5,12,자가,없음,1
자영업,9014,855,주택,4021,75.7,26,,있음,1
정규직,12555,,사업,684,127.6,19,자가,없음,1
자영업,12393,400,그외,2848,130.0,26,월세,,1
자영업,16116,496,그외,2551,66.0,28,자가,없음,1
정규직,13108,851,사업,896,107.8,16,자가,없음,1
자영업,18521,843,생활,6678,353.7,,월세,없음,1
정규직,19820,691,주택,6106,,9,월세,없음,1
,7689,462,사업,7301,1.0,18,자가,없음,1
미취업,10366,437,사업,384,,17,월세,,1
정규직,,791,주택,3942,414.5,23,월세,없음,1
정규직,9230,690,그외,1778,35.7,16,월세,없음,1
정규직,8438,505,그외,1376,109.8,26,전세,없음,1
미취업,7095,492,생활,8501,258.3,7,전세,없음,1
계약직,3013,300,그외,6970,170.0,16,월세,없음,1
정규직,14124,946,그외,4651,,31,월세,있음,1
미취업,20383,1000,주택,5939,285.2,2,자가,없음,1
계약직,11610,832,생활,9329,233.3,23,자가,없음,1
자영업,18702,643,주택,5299,146.4,9,월세,없음,1
정규직,18963,362,사업,3790,457.2,30,월세,없음,1
정규직,12467,950,그외,7269,333.2,29,,없음,1
정규직,2151,300,그외,672,468.7,5,자가,없음,0
자영업,14055,682,주택,,173.5,8,전세,없음,1
미취업,6658,631,그외,3829,274.9,13,월세,없음,1
정규직,9305,523,,2224,266.4,20,자가,없음,1
정규직,18587,,사업,8256,303.2,24,전세,있음,0
정규직,17335,1000,그외,5000,310.2,4,자가,없음,1
미취업,8782,589,그외,4218,275.5,17,자가,없음,1
자영업,16560,538,사업,4080,422.2,27,월세,없음,1
계약직,20390,923,주택,2441,345.6,14,월세,없음,1
자영업,20217,871,생활,6161,175.3,30,자가,없음,1
정규직,1967,704,사업,1497,384.0,15,월세,없음,1
계약직,17374,300,생활,8971,296.0,9,전세,있음,1
,15149,799,주택,5784,418.7,29,월세,있음,0
정규직,14563,949,사업,2107,520.0,28,월세,없음,1
정규직,16980,457,생활,5965,211.5,31,월세,있음,1
정규직,20169,809,주택,2124,301.4,15,월세,있음,1
자영업,18778,639,주택,3773,287.5,12,,없음,1
자영업,17400,536,그외,3038,506.4,3,자가,없음,1
정규직,2569,,생활,5867,161.8,22,전세,없음,0
자영업,19762,1000,주택,3083,95.0,11,전세,있음,1
계약직,18551,300,그외,,177.8,29,자가,없음,1
자영업,17255,846,생활,2765,143.4,16,월세,있음,1
정규직,8515,304,사업,5212,221.3,26,월세,없음,0
정규직,9477,573,생활,6127,287.2,22,자가,없음,1
정규직,7512,565,주택,1764,118.7,3,전세,없음,1
계약직,5273,454,주택,9438,337.0,22,전세,있음,1
계약직,19791,871,생활,445,303.6,23,자가,,1
정규직,12541,453,그외,4578,394.7,12,자가,없음,1
정규직,10784,1000,,3351,332.1,2,자가,없음,1
정규직,7590,926,생활,8263,264.0,6,자가,없음,1
자영업,15180,682,사업,3013,217.0,24,자가,없음,1
자영업,14884,866,주택,3813,197.9,27,월세,있음,1
미취업,12877,954,그외,1746,295.8,25,월세,있음,1
계약직,16329,749,사업,1729,16.8,14,월세,없음,1
,17827,,생활,5406,118.8,22,전세,없음,1
정규직,14671,493,,4814,1.0,22,월세,없음,1
정규직,8458,919,그외,1280,228.5,14,전세,없음,1
정규직,5794,313,주택,7581,71.2,25,자가,있음,1
정규직,20455,696,생활,10147,374.6,23,전세,있음,1
미취업,14410,661,주택,9787,284.4,7,월세,없음,1
자영업,,638,그외,2496,1.0,16,전세,있음,0
자영업,4574,537,그외,1936,247.4,1,,없음,1
미취업,15044,698,생활,7348,302.8,17,전세,없음,0
정규직,15308,614,주택,3351,188.6,24,월세,,1
정규직,14557,984,생활,2286,124.9,16,자가,없음,1
정규직,12575,956,주택,5634,206.2,12,자가,없음,1
자영업,19961,971,사업,2447,409.9,15,자가,있음,1
정규직,12977,595,그외,6448,1.0,10,월세,없음,1
정규직,5415,475,주택,1309,215.1,6,월세,없음,1
정규직,14938,811,사업,1973,,22,전세,있음,1
정규직,5742,392,그외,5810,214.0,28,월세,없음,1
정규직,7879,834,그외,3288,520.0,27,월세,없음,1
정규직,17224,953,생활,5812,,0,전세,있음,1
자영업,4822,680,생활,7596,187.0,1,전세,있음,1
자영업,3671,657,사업,143,92.2,15,월세,없음,1
정규직,9137,595,주택,3036,156.9,7,월세,없음,1
계약직,19807,1000,사업,2679,20.0,25,자가,없음,1
정규직,14760,709,주택,513,1.0,27,전세,,1
정규직,15713,612,주택,9441,366.9,17,전세,없음,0
자영업,16484,757,그외,2822,263.2,2,월세,없음,1
정규직,8097,565,사업,9212,266.3,18,자가,없음,1
정규직,4162,964,그외,8638,119.2,4,전세,있음,1
정규직,14120,713,사업,9441,82.4,1,월세,없음,1
정규직,2723,757,생활,7072,250.0,12,전세,없음,1
자영업,2650,446,그외,3069,2.0,27,자가,있음,1
정규직,16849,872,생활,5595,346.4,,월세,없음,1
정규직,2233,440,사업,3250,151.6,15,자가,없음,1
정규직,9179,552,생활,8034,90.8,20,전세,없음,1
정규직,20355,917,생활,363,264.7,11,전세,없음,1
미취업,10919,734,생활,2882,125.1,22,월세,없음,1
계약직,16443,649,그외,3190,128.0,1,월세,,0
정규직,10426,935,그외,3642,253.1,15,자가,없음,1
계약직,11584,651,생활,8231,420.1,27,전세,없음,0
자영업,20276,300,,1300,258.9,3,자가,있음,0
자영업,3596,414,주택,3218,305.4,26,월세,있음,1
정규직,18739,485,생활,3996,,23,자가,있음,1
,12206,725,그외,9811,1.0,5,월세,없음,1
계약직,5583,743,주택,,285.4,9,월세,없음,1
미취업,,446,주택,135,359.4,10,월세,있음,0
자영업,12083,721,생활,5417,399.2,0,월세,없음,1
정규직,2159,762,사업,8079,490.8,21,월세,있음,0
정규직,16120,478,그외,8272,223.5,28,,없음,1
정규직,7050,300,주택,4942,222.8,20,자가,,0
계약직,4045,1000,사업,8044,220.9,13,월세,없음,1
자영업,16579,,생활,,167.3,29,,없음,1
계약직,6678,724,그외,3454,150.5,27,자가,없음,1
정규직,9219,621,생활,3334,514.3,13,전세,있음,1
정규직,11851,701,생활,4753,183.0,11,월세,있음,1
정규직,5436,339,사업,2559,238.7,27,월세,있음,0
정규직,11339,936,생활,2690,388.1,21,전세,없음,1
정규직,19287,568,그외,898,232.4,23,전세,없음,1
정규직,4318,898,주택,6030,520.0,7,전세,있음,1
정규직,4400,320,주택,4315,112.4,19,자가,없음,1
자영업,19081,654,사업,4035,168.2,0,전세,있음,1
,10101,934,주택,5157,260.1,24,월세,없음,1
정규직,15799,671,그외,399,209.8,24,자가,없음,1
정규직,3067,606,사업,1008,303.0,11,월세,없음,1
정규직,20394,835,생활,3414,317.5,23,월세,없음,1
정규직,17382,706,그외,4449,139.3,10,월세,없음,1
자영업,14495,730,사업,10198,336.3,16,전세,없음,1
정규직,11732,606,,5611,186.8,5,전세,없음,1
자영업,17969,300,그외,9781,418.2,24,월세,있음,1
미취업,7976,300,그외,9928,79.9,12,자가,없음,1
,11097,,생활,7420,242.2,13,전세,없음,1
계약직,4957,801,그외,218,369.4,3,월세,없음,1
미취업,4829,,생활,4794,267.1,6,전세,없음,1
정규직,8629,,사업,6169,386.2,3,월세,없음,1
자영업,7937,904,그외,2685,305.5,30,전세,없음,1
정규직,19669,617,사업,6100,307.4,7,전세,없음,1
자영업,7055,868,그외,2781,352.6,6,월세,없음,1
정규직,7624,922,생활,2970,207.1,15,전세,없음,1
정규직,7751,754,사업,2681,1.0,6,전세,없음,1
계약직,17901,665,그외,7302,326.2,22,전세,없음,1
미취업,4467,690,사업,8299,420.3,22,월세,없음,0
자영업,17007,408,사업,1505,205.7,29,월세,없음,1
자영업,7148,577,생활,3499,187.6,31,전세,없음,1
계약직,14576,844,생활,5064,287.7,1,전세,없음,1
정규직,15536,485,그외,8401,377.7,28,전세,없음,1
계약직,2923,567,그외,8022,407.9,21,전세,없음,1
정규직,5451,631,그외,3936,287.4,5,전세,없음,1
계약직,10277,970,주택,5164,188.6,10,자가,없음,1
정규직,15207,960,주택,6576,306.4,25,전세,없음,1
정규직,14603,690,그외,5620,159.1,5,전세,있음,1
계약직,16257,537,생활,4309,231.9,,월세,없음,1
자영업,5203,398,생활,3747,460.0,25,월세,없음,1
미취업,2570,564,그외,4069,361.2,3,자가,없음,1
,9848,435,생활,2933,208.0,15,,있음,1
자영업,8586,671,생활,1327,326.5,14,월세,없음,1
정규직,5205,657,사업,990,251.2,10,월세,없음,1
정규직,13299,458,생활,6294,141.6,14,자가,없음,1
,,745,생활,8533,,0,월세,없음,1
정규직,4977,702,그외,9548,193.9,31,자가,없음,1
정규직,4024,689,생활,1998,520.0,30,자가,없음,1
자영업,19484,587,그외,4575,322.5,23,전세,없음,1
미취업,8740,481,그외,7579,282.4,22,자가,없음,1
자영업,10650,601,그외,2541,160.5,0,자가,없음,1
정규직,5340,880,,1815,520.0,17,자가,없음,1
정규직,18190,572,생활,5372,443.7,13,전세,있음,1
자영업,12220,564,생활,7390,334.2,27,월세,없음,1
정규직,11360,886,그외,3052,520.0,30,전세,없음,1
자영업,10741,854,주택,4338,315.1,28,전세,없음,1
계약직,8517,767,생활,2644,1.0,16,전세,있음,1
,13792,619,사업,7236,147.1,31,전세,있음,1
정규직,7357,843,그외,4280,439.0,15,전세,없음,1
계약직,2353,340,사업,4282,158.6,31,자가,있음,0
자영업,4084,729,주택,8563,390.5,5,자가,있음,1
자영업,2688,628,주택,5650,221.5,18,자가,,1
계약직,19975,1000,그외,563,261.0,26,월세,없음,1
정규직,13708,375,주택,1916,90.3,18,자가,없음,1
정규직,14607,623,사업,5421,10.1,16,전세,없음,1
미취업,13638,452,주택,3722,410.6,12,자가,없음,0
자영업,3989,776,생활,,403.3,3,자가,없음,1
미취업,2802,635,사업,6807,112.3,,월세,없음,1
계약직,14308,620,주택,854,125.9,,전세,없음,1
계약직,10276,555,주택,938,292.0,7,전세,없음,1
자영업,18575,406,사업,3632,84.5,,,있음,1
계약직,16948,458,주택,6068,257.7,26,전세,없음,1
정규직,5264,935,사업,4095,219.4,1,자가,없음,1
자영업,19713,921,생활,4169,278.8,22,월세,없음,1
미취업,18268,610,생활,3864,34.7,9,자가,없음,1
자영업,8618,739,사업,3874,321.8,5,월세,있음,1
계약직,10727,300,그외,2153,326.7,20,자가,있음,1
정규직,20142,724,그외,1792,171.0,30,월세,없음,1
정규직,5668,609,그외,839,284.0,6,자가,있음,1
정규직,7845,456,생활,6779,347.0,5,자가,없음,1
,16340,786,그외,6136,451.4,31,전세,있음,1
계약직,20133,603,생활,1317,374.3,23,전세,없음,1
계약직,19903,883,주택,5075,404.3,,월세,없음,1
자영업,10691,,생활,252,140.8,,월세,없음,1
정규직,17346,605,그외,2111,106.1,17,전세,없음,1
계약직,7844,450,사업,1733,174.1,2,월세,있음,1
자영업,,852,그외,7383,269.6,15,자가,없음,1
자영업,6989,748,주택,3179,221.7,18,전세,있음,1
정규직,19528,556,생활,7940,71.2,22,자가,없음,1
미취업,10270,300,사업,3795,79.7,29,전세,없음,1
정규직,6397,589,주택,3997,136.4,31,월세,없음,1
자영업,18815,962,사업,3041,462.3,28,자가,없음,1
자영업,20496,1000,그외,,95.6,1,자가,없음,1
정규직,14971,537,주택,5724,386.4,8,월세,없음,1
자영업,19056,754,주택,3364,23.6,10,월세,없음,1
미취업,8298,380,그외,6891,357.3,10,자가,없음,0
자영업,12170,474,그외,7207,208.4,28,전세,없음,1
정규직,7456,373,생활,1430,212.9,,자가,없음,0
,9605,,주택,4194,151.2,21,,없음,1
미취업,2465,655,생활,4806,221.5,23,자가,없음,1
계약직,12778,494,,7434,363.8,8,전세,있음,0
계약직,7815,649,주택,8625,26.4,26,전세,없음,1
계약직,9161,680,그외,806,54.9,0,월세,있음,1
정규직,20271,646,주택,8118,181.5,18,전세,있음,1
자영업,12203,564,주택,2140,120.5,23,월세,없음,1
정규직,12837,730,그외,310,194.8,16,자가,없음,1
정규직,13007,860,그외,5856,255.6,,전세,없음,1
정규직,12938,1000,생활,6264,298.0,19,전세,없음,1
미취업,17556,354,주택,10037,270.0,5,,있음,0
계약직,18304,445,주택,643,349.3,14,전세,없음,1
정규직,14972,415,사업,5894,,31,전세,없음,1
계약직,20200,888,생활,3135,199.9,0,월세,없음,0
정규직,18124,949,그외,477,244.5,11,전세,없음,1
계약직,8086,929,생활,7103,244.7,14,월세,없음,1
미취업,8524,928,주택,7179,290.0,24,전세,없음,1
자영업,,645,사업,1582,334.0,26,전세,있음,0
정규직,3010,474,생활,8893,258.4,6,자가,없음,1
미취업,6089,300,주택,6888,20.3,6,전세,없음,1
미취업,4639,451,그외,7155,88.1,18,자가,없음,1
정규직,6747,510,그외,4614,245.8,30,전세,있음,1
정규직,10856,791,사업,9518,183.0,1,전세,없음,1
미취업,20229,674,생활,1332,167.2,5,전세,있음,1
계약직,5804,300,그외,8425,172.2,24,월세,있음,1
자영업,2368,764,사업,6687,209.4,27,전세,없음,1
정규직,9287,844,주택,6974,1.0,10,자가,없음,1
정규직,14903,789,그외,9280,361.2,18,,없음,1
정규직,11225,799,그외,1423,185.5,10,월세,있음,1
정규직,11236,462,생활,7424,51.5,21,전세,있음,1
계약직,5063,706,주택,6192,129.3,8,월세,있음,1
정규직,14627,370,,1730,354.5,0,월세,있음,0
계약직,20115,467,사업,6192,390.8,27,자가,없음,0
정규직,5403,1000,주택,9185,1.0,20,전세,없음,1
자영업,2580,392,생활,4859,113.1,26,자가,있음,1
자영업,12699,594,사업,5920,448.8,16,전세,있음,0
계약직,6488,686,그외,8463,204.6,,월세,없음,1
정규직,11328,849,생활,3010,224.5,3,자가,없음,1
정규직,13794,775,그외,5757,218.2,10,월세,있음,1
자영업,6086,497,사업,5883,193.9,,자가,있음,1
정규직,15824,768,주택,8936,203.8,13,자가,없음,1
정규직,8104,507,주택,6658,46.6,9,전세,있음,1
자영업,10782,394,주택,8942,210.3,19,자가,없음,1
,10019,727,주택,7526,336.0,5,,있음,0
정규직,,475,생활,8148,514.7,21,전세,없음,1
정규직,19034,416,그외,2632,247.0,18,월세,없음,1
,,582,생활,1794,181.0,7,전세,없음,1
정규직,14480,313,주택,2286,256.6,9,자가,없음,1
정규직,5067,852,사업,2693,,0,전세,있음,1
,15616,658,주택,4036,237.3,21,자가,없음,0
계약직,9346,681,주택,8653,316.5,15,자가,없음,1
미취업,7154,931,사업,562,331.0,3,자가,없음,1
자영업,16014,687,주택,6816,369.8,1,월세,있음,1
정규직,11551,719,,5866,245.4,27,월세,,1
계약직,,736,사업,8409,76.0,17,월세,없음,1
미취업,19819,773,사업,8879,281.0,16,전세,없음,1
자영업,17255,748,사업,7494,329.8,5,전세,있음,0
계약직,17701,659,그외,9021,220.7,2,월세,없음,1
자영업,6661,772,그외,3381,281.2,2,자가,없음,1
계약직,7537,,주택,2472,1.0,6,자가,없음,1
계약직,19680,746,사업,,304.0,10,전세,없음,1
자영업,5662,857,주택,8389,340.9,6,월세,없음,1
자영업,16408,689,생활,9217,222.6,23,월세,없음,1
정규직,13451,696,생활,180,384.4,5,월세,,1
정규직,19205,532,그외,4574,213.6,4,월세,없음,1
정규직,19518,336,생활,9390,16.1,28,월세,없음,1
정규직,19049,644,사업,9840,161.3,12,전세,없음,1
자영업,6927,389,생활,2264,260.6,21,월세,없음,1
계약직,10657,817,그외,8168,419.1,6,전세,없음,1
미취업,3802,,사업,2555,174.7,19,전세,없음,1
정규직,13782,754,사업,7262,205.2,16,월세,있음,1
정규직,5957,646,,4859,520.0,8,자가,,1
정규직,16217,528,생활,2996,188.2,6,전세,없음,1
계약직,8738,612,생활,1888,131.0,27,전세,없음,1
정규직,6532,919,주택,3973,208.1,15,전세,있음,1
계약직,5025,673,그외,2566,371.9,5,전세,없음,1
정규직,19471,1000,생활,6081,66.5,1,자가,없음,1
자영업,12195,607,생활,6188,119.4,24,자가,없음,1
정규직,20180,953,생활,9091,100.4,18,자가,없음,1
자영업,13698,607,사업,9575,90.8,18,월세,없음,1
정규직,13555,1000,사업,2557,483.6,3,월세,있음,1
계약직,11423,423,사업,4258,161.2,11,월세,있음,1
계약직,4599,671,그외,734,280.7,26,자가,있음,1
계약직,16509,1000,주택,9458,221.2,21,전세,있음,1
정규직,15605,1000,생활,9844,281.8,29,자가,있음,1
계약직,,920,그외,1786,355.5,1,자가,없음,1
,17293,1000,생활,8674,36.6,24,자가,있음,1
정규직,11658,858,생활,1040,424.7,13,자가,없음,1
자영업,18569,768,주택,9875,1.0,17,전세,없음,1
자영업,4102,669,생활,4941,257.9,13,월세,있음,1
계약직,15899,463,사업,4181,199.3,19,전세,없음,1
정규직,10510,432,주택,,450.0,1,월세,없음,1
자영업,7004,343,생활,1101,176.2,29,전세,없음,1
정규직,10647,786,생활,1646,520.0,,월세,없음,1
정규직,10112,722,그외,9198,341.3,9,전세,없음,1
계약직,8814,521,주택,7031,217.5,31,자가,있음,0
정규직,2472,512,그외,4447,10.8,14,,없음,1
정규직,8309,614,생활,1292,159.9,28,월세,없음,1
정규직,6972,673,생활,5608,9.1,23,자가,있음,1
정규직,9534,524,주택,3837,136.0,6,전세,,1
자영업,2868,977,생활,9191,,10,자가,없음,1
계약직,12126,336,주택,5399,1.0,24,전세,없음,1
정규직,19529,450,생활,3202,116.5,2,,없음,1
계약직,9806,557,주택,3258,146.0,27,전세,있음,1
정규직,18296,719,그외,9942,58.6,,전세,없음,1
자영업,14256,415,주택,1679,314.4,10,월세,없음,1
자영업,19270,453,사업,9908,154.3,0,전세,없음,1
미취업,12036,939,생활,6837,386.3,30,전세,있음,1
정규직,10986,806,사업,581,1.0,26,월세,없음,1
계약직,9188,584,,2884,520.0,6,월세,없음,1
정규직,10610,300,생활,6023,471.4,12,월세,없음,0
정규직,5535,648,생활,,71.1,22,월세,있음,1
정규직,4879,612,주택,4384,197.4,2,전세,없음,1
미취업,8850,613,생활,1628,,25,자가,있음,0
정규직,7406,890,,2497,378.4,15,자가,없음,1
정규직,16457,451,생활,4727,519.6,14,전세,없음,1
계약직,13194,735,사업,1015,146.3,5,전세,없음,1
정규직,5423,523,주택,3394,24.0,2,월세,없음,1
정규직,10964,410,,1138,31.5,29,월세,없음,1
자영업,12246,1000,사업,5742,1.0,22,월세,없음,1
정규직,4230,497,그외,7206,332.4,23,전세,없음,0
정규직,15413,1000,주택,2492,520.0,30,전세,없음,1
계약직,3651,328,사업,2973,26.4,25,전세,없음,1
,3884,852,주택,6228,64.0,25,월세,없음,1
,13186,837,그외,8844,138.2,31,자가,있음,1
자영업,6331,700,주택,4011,464.2,29,월세,없음,1
정규직,17671,331,주택,8919,64.2,15,자가,없음,1
계약직,4400,516,그외,6524,360.1,3,자가,없음,1
계약직,7162,771,그외,4779,208.3,12,전세,없음,1
자영업,9085,633,생활,5291,61.7,2,자가,없음,1
자영업,7740,831,생활,108,276.6,30,월세,있음,1
정규직,5252,778,,3536,520.0,27,전세,없음,1
자영업,2977,487,생활,7074,91.7,5,전세,있음,1
정규직,8230,493,생활,8847,259.2,5,전세,없음,1
정규직,10485,912,생활,626,426.0,4,월세,없음,1
계약직,,569,생활,4283,186.9,25,전세,없음,1
계약직,18319,907,사업,5319,197.1,9,전세,없음,1
정규직,17163,439,사업,9639,417.6,25,월세,없음,1
계약직,10349,847,그외,9405,251.6,18,월세,없음,1
정규직,8412,598,사업,7202,,14,자가,없음,1
,4967,613,사업,4818,248.7,12,,있음,1
자영업,20042,951,주택,,196.9,31,월세,없음,1
미취업,2226,503,생활,6202,41.8,18,전세,있음,1
자영업,19535,507,주택,3075,84.3,15,자가,있음,1
계약직,9056,300,그외,5699,331.0,9,월세,,0
정규직,7963,,,10004,407.0,25,전세,없음,1
정규직,12794,317,사업,,62.2,20,자가,있음,1
계약직,12578,899,그외,985,289.9,20,월세,없음,1
계약직,3544,370,사업,6986,72.0,26,자가,없음,1
정규직,12127,512,사업,9580,340.8,9,전세,없음,1
정규직,9789,648,주택,1363,488.0,14,월세,없음,1
계약직,18286,716,생활,1488,133.8,18,자가,없음,1
계약직,11201,529,생활,6968,457.5,28,전세,없음,1
자영업,9820,1000,사업,1987,190.9,31,전세,없음,1
계약직,5180,366,사업,6688,237.1,28,월세,없음,1
자영업,10497,804,사업,10148,305.7,3,전세,있음,1
미취업,9797,1000,주택,6134,43.8,0,월세,없음,1
,14220,852,그외,6418,263.3,6,자가,있음,1
자영업,3288,536,생활,9839,162.6,7,월세,없음,1
정규직,5542,334,그외,7782,50.0,21,월세,없음,1
,3956,372,사업,7801,336.6,16,월세,없음,1
정규직,12205,684,생활,1845,176.3,7,자가,없음,1
,9006,843,주택,2246,201.8,23,전세,없음,1
계약직,19248,553,주택,4278,247.3,3,월세,있음,1
자영업,12539,630,사업,9184,392.1,1,전세,없음,0
정규직,8096,813,그외,7564,347.1,15,자가,없음,1
정규직,8976,718,사업,3343,160.2,29,자가,없음,1
정규직,2673,592,사업,2188,43.3,3,전세,없음,1
자영업,11268,730,생활,6679,68.4,20,월세,없음,1
정규직,7232,902,그외,7435,332.8,24,월세,없음,1
정규직,3279,968,주택,3280,359.7,2,자가,없음,1
계약직,12576,315,그외,223,265.3,11,월세,없음,1
자영업,5189,752,,4444,311.3,28,전세,없음,1
계약직,9720,524,주택,8945,324.5,31,전세,없음,0
자영업,5019,630,주택,9258,1.0,19,월세,없음,1
미취업,14329,1000,주택,3196,243.7,29,월세,없음,1
미취업,12918,553,사업,,45.2,,자가,없음,1
미취업,7080,660,주택,8889,52.8,5,,없음,1
자영업,4957,532,그외,2126,200.0,30,전세,없음,0
계약직,13011,651,주택,1446,272.9,9,자가,없음,1
정규직,6308,524,주택,3921,39.8,6,자가,없음,1
미취업,13919,551,생활,568,163.5,17,월세,없음,0
계약직,3850,551,그외,986,129.0,14,자가,없음,1
자영업,16820,495,사업,5289,286.3,19,자가,없음,1
정규직,17498,1000,그외,8809,411.3,18,자가,없음,1
자영업,11777,305,사업,10155,432.2,18,자가,없음,1
정규직,19433,417,생활,2660,342.6,15,전세,없음,1
계약직,6562,442,사업,6241,35.1,,자가,없음,1
정규직,,962,그외,9495,475.2,9,자가,없음,1
계약직,15817,634,생활,1845,436.3,,전세,없음,1
계약직,2896,902,그외,7570,244.1,21,월세,있음,1
정규직,6547,700,생활,1431,236.5,18,자가,없음,1
자영업,5952,635,사업,8957,1.0,21,자가,없음,1
자영업,10782,,사업,6141,417.0,5,전세,있음,1
정규직,14657,945,주택,4893,228.2,27,자가,없음,1
정규직,15924,785,사업,,1.0,3,자가,없음,1
미취업,4155,797,주택,144,191.9,10,자가,없음,1
계약직,10101,895,사업,1454,433.4,13,전세,있음,1
자영업,18758,1000,그외,,286.2,10,월세,없음,1
자영업,3660,533,그외,9512,253.5,20,월세,없음,1
계약직,15126,602,주택,1616,323.8,5,전세,없음,1
계약직,15009,625,그외,1352,291.1,0,자가,없음,1
계약직,14265,788,사업,8999,189.8,22,전세,없음,1
자영업,18698,331,생활,4991,493.5,0,월세,없음,0
계약직,12425,841,주택,,455.6,6,월세,없음,1
미취업,12336,762,생활,4068,157.6,17,월세,없음,1
계약직,,652,생활,9493,305.1,29,월세,없음,1
정규직,3200,300,주택,438,188.3,0,전세,없음,1
정규직,16873,755,주택,7440,197.3,13,전세,없음,1
정규직,3656,1000,주택,5973,1.0,,자가,없음,1
정규직,14269,898,주택,253,257.2,8,전세,없음,1
자영업,10248,459,그외,1911,438.6,29,전세,있음,1
정규직,8051,636,주택,4149,199.6,16,자가,없음,1
정규직,15434,804,사업,725,351.2,31,전세,없음,1
계약직,6733,819,생활,8556,351.4,,전세,없음,1
미취업,5245,502,생활,4521,226.1,11,월세,없음,1
정규직,11116,732,주택,1497,153.7,26,전세,없음,1
자영업,3794,343,주택,7249,202.0,2,전세,,1
자영업,3605,727,생활,8367,229.0,14,전세,없음,1
미취업,9659,592,주택,5205,279.5,20,월세,없음,1
계약직,20031,639,생활,2156,202.1,26,전세,없음,1
정규직,7265,782,사업,7361,391.2,0,자가,없음,1
미취업,11336,691,사업,1316,205.5,23,월세,있음,1
계약직,5785,751,사업,5383,322.6,16,전세,없음,0
자영업,2694,689,주택,1490,368.1,19,월세,없음,1
정규직,9965,300,생활,3634,286.6,28,월세,없음,0
정규직,16408,566,그외,712,466.8,17,자가,있음,1
정규직,15919,627,사업,1360,285.4,28,자가,없음,1
정규직,10315,635,주택,4198,51.1,22,전세,없음,1
정규직,11154,512,주택,5575,166.3,20,자가,있음,1
정규직,5201,796,생활,5925,312.5,8,자가,없음,1
미취업,,693,주택,6757,151.4,6,전세,있음,1
자영업,12671,300,주택,4631,368.9,28,월세,있음,0
정규직,6447,569,사업,9326,109.5,4,전세,없음,1
정규직,14828,501,,5948,343.0,8,,없음,1
계약직,13081,575,주택,5455,233.7,26,자가,없음,1
정규직,6144,824,그외,9988,520.0,,전세,없음,0
정규직,7671,857,사업,9184,106.5,4,전세,없음,1
미취업,,511,사업,705,302.5,10,월세,있음,0
자영업,15051,836,,3469,225.6,18,자가,없음,1
정규직,11702,726,그외,4172,80.7,22,자가,없음,1
계약직,11179,383,그외,1851,,15,자가,없음,0
정규직,6310,455,그외,113,520.0,9,월세,,1
정규직,7537,300,그외,2666,107.8,7,자가,있음,1
정규직,6337,1000,생활,7455,400.9,13,월세,없음,1
미취업,5373,514,사업,1962,231.1,30,자가,없음,1
미취업,4529,850,그외,8514,133.7,7,전세,있음,1
정규직,7845,589,생활,6268,365.4,21,월세,없음,0
정규직,17953,675,주택,8965,208.4,27,월세,없음,1
계약직,10373,1000,사업,5344,135.8,21,자가,없음,1
계약직,10199,370,사업,2545,111.4,12,월세,없음,1
,1926,809,생활,1955,296.9,20,자가,없음,1
정규직,15348,488,주택,510,1.0,1,월세,있음,1
정규직,12923,,사업,9290,396.2,8,전세,없음,1
계약직,10613,882,사업,2020,,27,자가,없음,1
자영업,9059,720,사업,5067,228.5,12,월세,있음,1
정규직,6690,701,사업,3872,194.7,30,월세,,1
자영업,19031,567,그외,5089,359.7,7,자가,있음,1
정규직,16924,636,사업,8929,435.3,3,전세,,1
미취업,4895,371,그외,2313,273.8,14,전세,있음,0
미취업,8490,638,생활,9751,175.5,,전세,있음,0
정규직,14777,633,사업,1737,393.5,11,월세,없음,1
미취업,7788,713,생활,1638,275.9,3,전세,없음,1
정규직,20348,799,그외,1580,509.9,23,자가,없음,1
정규직,8718,568,사업,7279,338.3,6,자가,없음,1
자영업,12464,623,사업,9942,80.2,19,전세,없음,1
계약직,16521,679,그외,5221,230.7,21,전세,없음,1
계약직,15836,1000,그외,1762,419.2,27,전세,없음,1
정규직,12507,537,생활,6018,479.6,14,자가,있음,1
정규직,7515,1000,생활,,237.6,21,전세,없음,1
자영업,14450,664,그외,2703,410.2,20,월세,없음,1
계약직,10023,961,그외,7237,330.2,13,월세,없음,1
자영업,19341,993,그외,,150.9,1,월세,없음,1
자영업,13381,438,사업,5844,19.6,13,월세,없음,1
정규직,,686,주택,7318,520.0,9,전세,없음,0
정규직,9785,,사업,7778,204.4,,전세,없음,1
미취업,7365,487,주택,1502,120.2,13,월세,없음,1
정규직,13119,900,생활,4983,313.8,19,월세,없음,1
자영업,14084,635,주택,2872,96.2,14,자가,없음,1
계약직,2628,727,사업,1572,451.7,25,월세,없음,1
정규직,7375,509,그외,6902,245.2,19,월세,없음,1
계약직,2513,470,주택,945,,2,전세,없음,1
정규직,16398,560,그외,,373.8,9,전세,없음,1
미취업,15278,632,사업,,121.6,31,월세,없음,1
자영업,12051,486,그외,2517,417.9,6,전세,없음,1
자영업,17979,1000,,299,285.8,10,전세,없음,1
정규직,18060,710,,528,442.0,26,전세,없음,1
계약직,3759,610,사업,9924,96.7,28,자가,없음,1
정규직,11273,567,그외,4450,285.0,18,자가,없음,1
정규직,20003,792,사업,8239,330.6,4,월세,,1
자영업,2982,613,사업,8661,,13,자가,없음,1
,3986,645,사업,1988,138.6,4,자가,없음,1
정규직,,505,주택,2612,124.7,17,월세,없음,1
정규직,14414,718,그외,10013,104.5,25,자가,없음,1
정규직,19982,745,사업,9637,100.7,13,전세,없음,1
정규직,18918,629,주택,5759,219.6,18,자가,있음,0
계약직,17617,646,그외,4420,275.7,3,자가,없음,1
정규직,7001,542,주택,8030,192.8,12,전세,없음,1
정규직,,618,그외,1016,50.0,,월세,없음,1
미취업,5500,728,주택,7927,371.8,24,월세,있음,0
,13863,910,주택,3539,1.0,20,자가,없음,1
계약직,9472,587,그외,6200,1.0,12,자가,없음,1
정규직,6439,623,주택,7147,238.0,21,자가,있음,1
정규직,4437,630,그외,2120,520.0,29,전세,없음,1
계약직,12992,896,생활,2639,223.5,26,자가,없음,1
정규직,17010,1000,그외,8755,48.0,9,자가,없음,1
계약직,8626,308,그외,7809,221.3,5,,없음,1
정규직,13000,788,사업,6387,82.8,13,월세,없음,1
정규직,4511,619,사업,5155,28.8,24,자가,없음,1
계약직,17187,614,그외,6817,231.2,30,월세,없음,1
계약직,2503,679,주택,2421,316.8,,월세,없음,1
계약직,2329,581,사업,5559,144.8,19,월세,없음,1
계약직,11508,1000,주택,1193,207.0,3,월세,없음,1
계약직,17750,722,그외,3593,141.6,18,전세,있음,1
정규직,5949,327,그외,3499,447.5,3,월세,있음,0
자영업,6961,709,사업,5222,219.9,24,전세,없음,1
정규직,3173,555,주택,6570,93.2,21,월세,없음,0
자영업,16259,300,그외,5267,339.0,16,전세,없음,1
정규직,19115,558,그외,3712,69.3,18,월세,없음,1
정규직,15558,843,그외,3641,365.2,2,전세,있음,1
정규직,15883,662,사업,182,168.9,22,자가,없음,1
계약직,17776,300,주택,9258,216.2,9,자가,있음,1
자영업,14544,766,그외,2452,209.6,29,월세,있음,1
정규직,14450,694,사업,6715,68.3,15,자가,없음,1
자영업,6861,681,그외,9140,491.8,15,자가,없음,1
정규직,6402,789,생활,1087,280.3,,월세,없음,1
자영업,13423,570,사업,7784,268.6,11,자가,없음,1
자영업,7691,741,사업,9841,520.0,24,월세,없음,1
계약직,4651,463,생활,6994,67.2,6,월세,없음,1
자영업,7819,832,주택,2922,1.0,21,자가,없음,1
정규직,14535,581,주택,3100,1.0,9,자가,없음,1
미취업,6329,905,사업,5710,173.2,17,월세,없음,1
계약직,6312,619,생활,3962,273.6,25,전세,있음,1
정규직,16340,679,주택,751,1.0,16,자가,없음,1
미취업,18867,1000,생활,5860,134.3,26,자가,없음,1
계약직,4985,626,생활,6510,127.2,29,자가,없음,1
정규직,8603,629,사업,1365,194.4,14,전세,없음,1
정규직,6365,,주택,7335,257.1,29,월세,없음,0
정규직,9689,793,사업,6723,4.2,8,자가,없음,1
계약직,7710,668,주택,1161,249.5,12,월세,없음,1
정규직,15783,597,생활,4044,11.0,6,자가,없음,1
자영업,14265,820,주택,5477,270.4,,자가,없음,1
정규직,9938,584,생활,5969,181.1,21,전세,없음,1
미취업,7366,622,생활,2940,218.6,,자가,없음,1
계약직,15927,,주택,2688,370.2,1,월세,없음,1
자영업,20043,768,주택,2722,187.6,5,전세,있음,1
정규직,15683,580,주택,1907,50.8,27,자가,없음,1
정규직,2179,472,사업,2105,381.6,16,월세,없음,1
계약직,16544,781,생활,4017,265.7,0,월세,없음,1
정규직,11662,553,주택,3217,387.8,7,자가,없음,1
정규직,15092,817,생활,1599,119.4,31,자가,없음,1
자영업,10449,759,생활,7036,298.5,1,월세,없음,1
정규직,11100,395,그외,1352,249.5,11,월세,없음,1
미취업,5894,575,사업,4601,223.1,12,전세,있음,1
미취업,19091,931,그외,5603,141.3,8,월세,없음,1
정규직,14266,,주택,2660,417.7,6,,없음,1
계약직,7687,,그외,1289,518.9,18,전세,있음,0
,9348,556,생활,1732,186.9,27,월세,있음,1
자영업,3120,738,주택,2134,1.0,22,전세,,1
계약직,5778,1000,주택,8212,435.5,31,전세,없음,1
정규직,14309,580,생활,317,337.3,4,전세,없음,1
자영업,8718,905,사업,6550,402.0,25,월세,있음,1
계약직,16285,566,주택,9791,203.5,16,월세,없음,1
자영업,5600,461,그외,4672,271.0,15,월세,없음,1
정규직,17715,970,생활,9885,333.4,1,월세,없음,1
정규직,15954,433,주택,8487,310.3,3,월세,,1
정규직,15585,523,주택,1614,155.5,19,월세,있음,1
정규직,16238,1000,사업,9351,154.6,10,월세,없음,1
자영업,8766,1000,그외,2373,396.9,10,자가,없음,1
미취업,5970,385,그외,9341,266.2,1,전세,없음,1
정규직,10631,790,사업,6554,330.7,17,월세,없음,1
,19139,511,그외,9034,411.9,17,자가,없음,1
자영업,,759,사업,8519,493.6,2,자가,없음,0
계약직,3842,709,그외,7495,184.2,22,월세,있음,1
정규직,9643,547,주택,,249.0,8,전세,없음,1
계약직,8165,756,생활,5625,242.5,5,월세,없음,1
,13608,678,그외,1744,131.0,21,전세,없음,1
정규직,2868,718,생활,1076,137.0,28,자가,있음,1
정규직,6492,665,그외,9562,,14,월세,없음,1
정규직,11788,806,생활,4730,317.1,0,전세,없음,1
자영업,11683,622,주택,7001,37.6,7,자가,,1
자영업,18885,912,주택,2951,52.9,,전세,없음,1
계약직,9137,509,주택,329,,11,월세,없음,1
정규직,2945,758,사업,3787,184.3,12,월세,없음,1
미취업,9461,402,사업,1901,228.3,20,월세,있음,1
정규직,10800,416,생활,1697,315.5,18,자가,없음,1
자영업,12452,624,그외,4823,169.6,22,전세,,1
정규직,5275,544,사업,8546,226.1,24,자가,없음,1
계약직,16783,422,그외,8352,1.0,16,월세,없음,1
계약직,15372,704,생활,2441,108.4,18,월세,있음,1
자영업,,748,사업,1602,403.9,8,전세,없음,1
정규직,5115,723,생활,3828,356.3,17,월세,없음,1
자영업,20064,484,사업,7701,501.0,30,월세,없음,0
정규직,,492,주택,323,77.5,30,월세,없음,1
계약직,7400,548,그외,5250,254.8,,전세,없음,1
미취업,20384,517,그외,504,520.0,19,자가,있음,0
정규직,15855,764,주택,8162,370.1,8,전세,없음,1
정규직,4766,372,사업,4070,178.4,23,전세,없음,1
정규직,2188,439,주택,4697,22.0,21,전세,있음,1
자영업,2500,731,사업,2624,267.9,21,전세,없음,1
자영업,15692,379,,3004,385.7,24,월세,없음,1
정규직,10600,984,그외,2207,1.0,7,자가,없음,1
자영업,2315,845,주택,3974,290.6,,자가,없음,1
자영업,7835,698,그외,7091,1.0,9,자가,없음,1
정규직,8011,553,주택,1195,390.2,17,자가,없음,1
정규직,9625,1000,그외,1268,310.1,3,자가,있음,1
정규직,2784,408,사업,3054,399.7,29,전세,없음,0
계약직,12619,625,생활,144,130.3,28,자가,없음,1
정규직,3062,1000,사업,8160,180.0,26,월세,없음,1
정규직,4797,579,생활,914,292.9,11,전세,있음,1
정규직,15758,503,사업,707,245.8,17,월세,,1
,2337,568,생활,1495,520.0,9,월세,있음,1
정규직,4446,,그외,3157,1.0,14,,있음,1
정규직,8442,655,생활,315,158.9,26,,있음,1
자영업,,870,그외,4582,196.5,19,월세,없음,1
정규직,3531,631,사업,2890,154.1,5,전세,없음,1
정규직,3143,986,생활,6808,83.6,11,전세,없음,1
계약직,4802,819,사업,4773,74.5,18,자가,없음,1
계약직,8197,727,주택,3587,393.7,23,전세,없음,1
정규직,16196,,주택,3013,190.1,27,자가,없음,1
자영업,7909,576,사업,147,,23,자가,없음,1
정규직,19402,436,그외,4316,426.0,31,자가,없음,1
정규직,6804,724,사업,2337,,16,전세,없음,1
계약직,8424,421,생활,6385,181.5,14,자가,없음,1
,6920,495,사업,2108,,29,월세,없음,1
정규직,11663,412,사업,2618,173.9,13,자가,없음,1
정규직,4138,708,생활,8443,150.2,13,월세,없음,1
계약직,15693,547,생활,1895,34.1,24,월세,있음,1
계약직,5945,676,사업,7293,249.5,5,자가,없음,1
정규직,6450,1000,사업,955,281.9,6,월세,없음,1
정규직,6930,584,생활,9463,201.3,14,자가,없음,1
정규직,11047,467,사업,1035,203.2,26,월세,없음,1
정규직,6251,376,사업,3331,241.5,27,월세,있음,1
계약직,17407,668,사업,,221.7,9,월세,없음,1
정규직,,816,그외,1204,216.1,30,월세,있음,1
정규직,10249,681,주택,1618,,16,전세,없음,1
정규직,13312,852,사업,6549,477.1,16,자가,있음,1
미취업,4228,300,사업,1279,509.3,16,자가,있음,0
계약직,12478,781,그외,6408,132.0,28,자가,없음,1
정규직,4961,492,사업,383,166.6,3,월세,없음,1
정규직,13550,848,생활,9737,279.0,13,전세,없음,1
자영업,17295,300,주택,5897,237.0,0,월세,,0
계약직,7230,727,주택,7453,68.9,16,월세,없음,1
자영업,4100,528,,3022,187.3,22,자가,없음,1
계약직,19718,337,주택,6463,228.7,1,자가,없음,0
자영업,6615,737,사업,150,520.0,2,월세,없음,1
,14333,481,주택,4018,306.0,14,월세,없음,1
,,731,주택,1439,1.0,26,전세,없음,1
계약직,10928,614,생활,4430,193.8,20,전세,없음,1
계약직,15980,675,사업,114,319.9,1,전세,없음,1
계약직,3680,620,그외,5241,370.7,15,월세,,0
자영업,10165,589,그외,6074,520.0,16,자가,없음,1
자영업,17315,428,주택,5739,148.1,12,월세,있음,1
자영업,3245,719,주택,8062,486.4,18,자가,,1
정규직,6339,887,주택,6241,193.1,26,월세,없음,1
정규직,8065,540,사업,2280,121.3,29,월세,없음,1
,18777,306,생활,929,256.8,13,월세,없음,1
자영업,8311,908,그외,5222,264.6,15,,없음,1
자영업,9141,761,그외,1737,113.1,30,월세,없음,1
정규직,12934,912,주택,3302,342.6,13,월세,없음,1
정규직,5517,452,사업,9492,129.3,11,전세,있음,1
정규직,18923,487,,4654,232.9,26,전세,없음,1
정규직,3729,647,생활,9172,231.7,16,월세,있음,1
정규직,,653,주택,9239,315.0,3,,없음,1
미취업,7764,507,,3758,105.1,17,자가,없음,1
정규직,17717,409,그외,2981,457.0,13,전세,있음,0
정규직,7591,511,,9875,306.8,7,월세,있음,1
계약직,11604,768,그외,5065,429.1,23,자가,,1
계약직,6022,791,주택,7790,129.5,21,월세,없음,1
계약직,3777,316,사업,3001,381.2,14,자가,없음,1
계약직,9471,300,,491,125.5,29,전세,없음,1
계약직,10859,687,그외,7631,171.4,21,자가,없음,1
자영업,2739,565,생활,3811,373.6,20,월세,없음,1
자영업,4225,621,그외,6226,241.0,2,자가,없음,1
정규직,14739,591,주택,1026,289.1,25,전세,없음,1
자영업,9361,721,사업,595,344.2,8,자가,있음,0
자영업,18449,694,생활,2782,345.8,23,월세,있음,1
정규직,7946,522,주택,,416.8,16,자가,없음,1
계약직,4190,660,주택,2473,498.8,10,자가,없음,1
미취업,3737,462,생활,4707,317.0,4,전세,없음,1
자영업,6041,637,사업,6620,96.9,3,월세,없음,1
자영업,7161,1000,사업,1825,87.7,30,전세,없음,1
자영업,10092,889,생활,4893,130.5,15,전세,있음,1
,7074,654,그외,4395,457.1,5,월세,없음,1
정규직,19111,440,사업,1025,31.1,24,월세,없음,1
자영업,,750,사업,932,153.3,26,자가,없음,1
정규직,9358,1000,생활,4167,171.7,25,월세,없음,1
정규직,12829,549,그외,772,305.6,15,자가,없음,1
계약직,14920,453,생활,7043,332.3,28,전세,있음,1
계약직,15391,676,생활,7600,120.1,21,월세,없음,1
정규직,5222,770,사업,7148,199.7,1,자가,없음,1
자영업,12319,470,사업,7978,1.0,15,전세,있음,1
자영업,9616,778,주택,5279,387.0,23,월세,없음,1
자영업,10277,395,생활,9535,279.8,18,월세,없음,1
정규직,9678,626,생활,3612,330.9,25,전세,없음,1
정규직,18788,658,주택,8374,1.0,1,자가,있음,1
계약직,18834,530,사업,5675,187.3,2,전세,없음,1
정규직,16311,505,사업,7634,165.4,0,자가,없음,1
정규직,11368,798,그외,6557,263.8,9,월세,,1
미취업,10794,497,사업,9132,1.0,7,자가,없음,0
계약직,3085,561,그외,4572,296.1,26,전세,없음,1
정규직,18208,576,사업,8567,166.5,13,자가,없음,1
미취업,2963,899,생활,4882,195.4,3,전세,없음,1
정규직,16649,553,그외,6788,160.7,23,자가,없음,1
자영업,,694,생활,8235,38.6,19,월세,없음,1
정규직,17475,523,그외,5745,330.6,29,자가,없음,1
자영업,,826,사업,8741,511.0,28,자가,없음,1
정규직,13662,,주택,5916,343.0,21,자가,없음,0
자영업,12835,792,그외,10122,214.6,7,월세,없음,1
,7690,680,생활,7007,62.6,11,전세,없음,1
정규직,12063,849,사업,5261,28.8,1,자가,없음,1
정규직,12869,876,사업,8102,272.5,22,전세,없음,1
정규직,7606,581,그외,6130,369.5,29,자가,없음,1
정규직,10649,849,사업,2284,393.7,2,월세,없음,1
계약직,2899,857,사업,,167.6,7,월세,없음,1
자영업,9828,1000,사업,7422,88.4,18,,없음,1
정규직,12939,357,사업,3619,323.4,11,전세,없음,1
정규직,20128,451,주택,8152,84.0,5,월세,없음,1
정규직,12785,476,그외,3191,520.0,2,월세,없음,0
정규직,17821,540,주택,3834,182.3,,,없음,1
미취업,4326,873,사업,2759,273.3,2,전세,없음,1
자영업,14694,918,그외,3789,132.9,0,자가,없음,1
자영업,15822,300,주택,9709,344.1,8,월세,없음,0
정규직,9229,725,사업,1906,68.1,9,자가,없음,1
미취업,2670,998,그외,8427,1.0,22,월세,없음,1
미취업,15476,460,주택,1956,415.5,28,전세,없음,1
미취업,3711,744,그외,8540,321.2,18,전세,없음,1
정규직,7773,300,그외,1289,230.5,7,월세,없음,1
자영업,11142,576,생활,9110,,27,전세,있음,1
자영업,2063,924,그외,149,99.8,25,월세,있음,1
미취업,18045,422,사업,7163,261.4,8,,없음,0
자영업,12345,656,생활,755,296.2,20,자가,없음,1
정규직,16729,690,생활,5134,421.5,23,자가,없음,1
자영업,10967,351,생활,4931,156.8,22,월세,없음,1
계약직,2415,730,주택,4741,143.0,31,자가,없음,1
계약직,11760,769,그외,1902,145.7,13,자가,없음,1
정규직,2770,389,주택,805,306.4,16,전세,없음,1
정규직,4395,300,그외,7193,1.0,17,자가,없음,1
,3717,596,사업,1909,158.4,10,전세,있음,1
정규직,13215,541,사업,6965,343.1,15,자가,없음,1
정규직,7027,704,주택,8541,243.4,21,전세,없음,1
자영업,15529,884,생활,225,450.2,14,전세,없음,1
정규직,7511,459,사업,3712,263.7,18,월세,없음,1
미취업,8256,539,생활,8803,226.1,25,자가,없음,1
자영업,4171,852,생활,6277,192.3,16,월세,없음,1
정규직,17771,1000,생활,1316,277.9,9,자가,,1
정규직,10748,725,생활,7799,254.9,25,자가,없음,1
미취업,17261,744,사업,3340,109.4,17,전세,없음,1
자영업,17308,300,사업,8232,147.1,12,월세,없음,1
정규직,8641,,그외,1880,239.4,26,자가,없음,1
정규직,7970,403,,7313,506.0,10,월세,없음,1
,14025,1000,그외,8316,293.1,3,월세,없음,1
정규직,15338,834,그외,4928,303.5,30,전세,없음,1
미취업,4275,769,주택,4696,425.9,24,월세,없음,0
정규직,11365,740,사업,5700,1.0,23,전세,없음,1
정규직,18450,701,사업,7416,426.3,2,전세,없음,1
자영업,3196,460,그외,979,262.5,2,자가,없음,1
정규직,5456,740,그외,109,383.8,29,자가,있음,1
자영업,11504,567,주택,1503,84.5,9,월세,없음,0
자영업,8469,420,생활,5322,249.9,5,전세,없음,1
정규직,19918,949,생활,8826,463.6,17,전세,없음,1
정규직,17703,418,사업,523,156.0,28,전세,있음,1
정규직,8234,528,사업,2635,346.9,21,월세,없음,1
정규직,12735,720,,705,192.3,7,자가,없음,1
자영업,9335,619,생활,2150,331.0,7,월세,없음,1
,18629,576,주택,9634,280.4,2,월세,있음,1
계약직,10635,300,주택,6148,51.9,19,자가,없음,1
자영업,16862,548,그외,631,394.8,28,전세,없음,1
정규직,14359,674,생활,3713,140.3,12,자가,없음,1
자영업,19774,465,주택,4397,214.7,7,월세,없음,1
정규직,,,사업,9850,342.6,0,전세,없음,1
정규직,15725,697,그외,5773,399.2,29,전세,있음,1
미취업,3752,881,사업,7293,383.9,2,월세,없음,0
미취업,4718,300,그외,2024,279.8,30,자가,없음,1
계약직,8605,1000,생활,3595,201.3,13,자가,없음,1
자영업,8260,760,생활,3316,1.0,25,자가,없음,1
정규직,14036,800,생활,4124,201.0,29,자가,없음,1
정규직,15049,300,생활,5801,62.6,4,자가,있음,1
미취업,8540,553,사업,1249,265.4,13,자가,없음,1
자영업,20441,498,주택,5328,50.0,29,월세,없음,1
정규직,16116,947,그외,3160,146.6,8,월세,없음,1
정규직,,520,주택,6211,176.2,13,전세,없음,1
계약직,9133,416,사업,4937,349.6,19,전세,없음,1
,10761,,그외,4788,253.1,24,월세,없음,1
정규직,18129,553,생활,3460,211.8,0,자가,없음,1
정규직,11159,1000,사업,7771,173.0,8,월세,없음,1
계약직,3879,766,사업,8421,151.6,13,전세,있음,1
미취업,,887,사업,8391,404.4,3,자가,없음,1
계약직,8700,831,생활,9963,237.5,24,월세,없음,1
정규직,6060,428,주택,7929,259.1,11,월세,없음,1
자영업,19348,441,사업,10130,337.5,1,자가,없음,0
계약직,9742,804,사업,8505,267.8,2,전세,없음,1
자영업,12253,619,생활,9188,358.8,5,전세,없음,1
정규직,5852,312,사업,3776,349.0,17,자가,없음,1
자영업,14016,300,사업,6856,234.5,20,전세,없음,1
계약직,,906,그외,2416,198.3,17,전세,없음,1
자영업,4481,629,그외,8872,317.1,16,자가,있음,0
정규직,9310,706,사업,179,205.0,10,전세,없음,1
정규직,11910,300,생활,3736,464.4,0,전세,없음,0
정규직,15607,918,그외,3121,113.8,5,월세,없음,1
정규직,15181,689,생활,9624,520.0,10,자가,없음,1
계약직,5568,692,사업,5601,345.5,15,전세,없음,0
정규직,18056,537,생활,5208,152.0,3,자가,없음,1
정규직,8631,693,주택,1378,458.6,26,자가,있음,1
자영업,8593,613,주택,9212,91.6,2,전세,없음,1
정규직,4589,748,그외,9457,302.8,14,자가,없음,1
계약직,9513,300,사업,3963,150.2,21,월세,없음,1
정규직,5607,543,생활,2286,179.9,23,월세,있음,1
정규직,18327,782,생활,7094,520.0,4,전세,없음,1
정규직,14235,523,사업,9800,223.2,10,자가,없음,1
정규직,19466,880,주택,2700,347.7,1,자가,없음,1
정규직,12316,715,그외,9793,347.4,7,월세,없음,1
정규직,20152,588,그외,9800,146.6,2,월세,있음,1
정규직,15220,691,사업,7637,306.1,16,월세,있음,1
계약직,5618,438,그외,9353,257.7,0,자가,없음,1
정규직,18218,451,생활,8418,,4,자가,없음,1
자영업,11255,875,생활,5544,497.8,15,월세,있음,1
계약직,14380,814,그외,1364,319.0,20,전세,없음,1
계약직,7666,893,주택,3146,272.2,30,자가,있음,1
정규직,19852,379,사업,5125,348.9,,월세,없음,1
정규직,15763,584,생활,8556,520.0,13,월세,없음,1
정규직,11868,325,사업,1317,122.2,,전세,없음,0
자영업,18889,847,생활,6770,254.4,18,전세,없음,1
정규직,7571,730,사업,2008,19.9,2,자가,없음,1
정규직,4038,534,생활,2885,467.9,1,자가,없음,0
정규직,3748,971,그외,2902,242.8,20,자가,없음,1
정규직,8985,,주택,,236.0,4,자가,없음,1
미취업,20115,550,그외,3565,1.0,0,월세,있음,1
,5481,793,생활,4215,62.5,3,전세,없음,1
정규직,4167,470,그외,6113,520.0,9,월세,없음,0
계약직,4039,414,생활,4860,427.9,26,월세,없음,0
정규직,3231,470,생활,5959,520.0,20,전세,없음,1
미취업,11798,709,사업,1895,,10,자가,없음,1
자영업,12188,813,,6719,228.1,21,전세,없음,1
자영업,17861,421,그외,9585,228.3,21,자가,있음,1
자영업,12194,469,사업,9722,8.8,23,월세,없음,1
자영업,8066,948,그외,5843,14.5,31,전세,없음,1
정규직,15929,705,그외,6139,423.3,5,전세,없음,1
계약직,17154,356,주택,5692,452.8,5,전세,없음,1
,8930,754,그외,3462,150.1,18,전세,없음,1
정규직,16428,438,그외,4569,22.6,,전세,없음,1
자영업,19986,622,생활,8953,242.6,15,월세,없음,1
계약직,14283,855,사업,1858,273.7,5,전세,있음,1
미취업,4634,755,생활,7674,520.0,,전세,없음,1
정규직,8527,300,생활,2789,187.6,15,전세,없음,1
자영업,20337,594,주택,2897,246.7,21,,없음,1
,15205,491,주택,4844,343.8,30,자가,없음,1
자영업,20114,646,,1140,347.3,22,월세,없음,1
정규직,16478,1000,그외,9783,356.2,16,전세,없음,1
미취업,5584,767,주택,1958,421.3,20,전세,없음,0
미취업,2335,,,7843,,9,자가,없음,1
자영업,3859,354,그외,1677,16.8,16,자가,없음,1
자영업,16930,1000,생활,9182,381.9,14,전세,있음,1
정규직,6905,435,주택,4482,291.9,28,전세,없음,1
정규직,11291,521,그외,4257,295.8,27,자가,없음,1
정규직,11040,658,그외,7958,446.1,7,전세,없음,1
정규직,8652,777,그외,1897,363.5,12,자가,없음,1
정규직,5756,866,사업,1674,83.9,4,전세,없음,1
자영업,12078,961,사업,2066,395.8,27,자가,없음,1
자영업,14265,602,그외,5696,376.3,16,자가,있음,1
정규직,12514,390,주택,3780,264.0,19,,없음,1
정규직,19687,696,그외,9018,494.3,5,월세,없음,1
정규직,8762,708,사업,3911,151.2,12,월세,없음,1
정규직,8986,717,생활,10025,319.4,22,월세,없음,1
정규직,9116,693,주택,5487,520.0,26,자가,없음,1
정규직,8742,413,생활,2001,410.1,5,전세,,1
정규직,5361,684,사업,3108,216.5,17,자가,없음,1
정규직,19882,940,그외,7436,359.2,2,자가,없음,1
정규직,2492,600,그외,2826,312.0,13,월세,있음,1
정규직,6542,548,생활,,1.0,28,월세,없음,1
정규직,11610,733,사업,6987,223.1,20,자가,있음,1
자영업,4114,300,생활,3191,351.9,4,월세,없음,1
정규직,5425,585,사업,8652,248.9,0,,없음,1
계약직,10334,605,주택,240,367.0,18,자가,없음,1
자영업,4797,590,주택,7035,137.9,5,자가,없음,1
계약직,10265,1000,생활,8799,1.0,9,월세,없음,1
자영업,3216,,그외,4201,424.5,2,월세,없음,0
정규직,19595,481,,6876,214.3,30,자가,없음,1
계약직,17028,538,주택,5492,187.8,1,월세,없음,1
계약직,2880,380,사업,1693,186.7,8,월세,있음,1
정규직,17251,480,주택,2816,122.7,14,전세,없음,1
정규직,17946,608,사업,1980,329.4,1,자가,없음,1
정규직,8430,972,생활,677,159.3,9,자가,없음,1
자영업,8009,499,그외,437,438.9,,자가,없음,1
자영업,7833,545,그외,1518,257.0,4,자가,없음,0
자영업,13775,1000,그외,3662,223.3,8,전세,없음,1
정규직,19223,694,그외,405,98.5,18,자가,없음,1
계약직,14206,473,생활,391,346.5,12,자가,없음,1
미취업,2790,958,사업,703,341.5,31,자가,없음,1
계약직,12792,591,생활,5640,213.6,10,월세,없음,1
자영업,20387,401,,8588,318.5,20,월세,있음,1
미취업,6714,645,그외,9553,436.9,17,월세,없음,0
자영업,11499,701,주택,6037,273.9,16,전세,없음,0
자영업,4588,968,그외,3206,63.0,22,월세,없음,1
,,710,사업,3377,461.6,27,자가,있음,0
정규직,19796,789,그외,9022,322.4,11,자가,없음,1
계약직,20186,820,생활,1899,297.7,30,자가,없음,1
정규직,13373,300,그외,7241,347.2,10,전세,없음,1
계약직,15468,963,주택,3764,305.7,14,전세,없음,1
정규직,6324,611,생활,587,90.1,1,자가,없음,1
미취업,8899,810,그외,1236,312.2,,전세,없음,1
정규직,18477,820,사업,3426,131.4,17,자가,없음,1
정규직,4396,472,주택,5944,290.9,7,월세,없음,1
,14108,,사업,9596,227.9,27,자가,없음,1
정규직,19583,1000,생활,6059,192.6,21,자가,없음,1
계약직,,775,주택,1085,213.3,16,자가,없음,1
미취업,15604,689,그외,646,520.0,0,월세,없음,1
정규직,3864,,주택,9426,429.4,17,자가,없음,1
계약직,19861,640,생활,5378,331.3,11,자가,없음,1
자영업,,980,사업,4338,430.1,18,전세,있음,1
정규직,7164,509,사업,5707,261.6,27,월세,,1
정규직,11594,875,사업,7266,520.0,25,월세,없음,1
자영업,11393,516,생활,4741,254.8,23,자가,있음,1
자영업,13619,547,,2076,194.0,10,자가,없음,1
계약직,4296,636,생활,8909,520.0,28,자가,있음,1
계약직,7093,633,생활,8797,339.2,28,전세,없음,1
정규직,11129,520,그외,8830,97.8,11,전세,없음,1
정규직,13274,957,주택,1784,520.0,5,월세,,1
계약직,13811,610,그외,7573,321.4,22,자가,없음,1
정규직,10931,577,그외,7981,93.7,9,자가,없음,1
자영업,11908,754,사업,8851,116.5,16,월세,없음,1
정규직,15127,849,주택,9227,340.0,29,전세,,1
정규직,17891,535,그외,7269,127.2,14,전세,없음,1
계약직,3810,944,생활,1485,94.1,15,전세,없음,1
정규직,13969,1000,생활,8154,33.3,17,자가,없음,1
정규직,2963,665,생활,5809,1.0,22,자가,없음,1
정규직,18766,692,생활,3401,481.4,12,,있음,1
정규직,18855,731,주택,3633,208.6,21,자가,없음,1
정규직,2115,846,그외,1396,237.0,25,전세,,1
계약직,7087,300,생활,5183,206.7,24,전세,없음,0
계약직,4718,600,그외,2851,248.4,28,자가,없음,1
,11671,437,생활,3424,155.1,11,월세,없음,1
자영업,6489,748,그외,5085,281.5,30,월세,없음,1
정규직,14074,792,사업,5346,179.7,1,자가,없음,1
정규직,17465,605,그외,4553,1.0,,전세,없음,1
자영업,8603,701,주택,2601,483.2,15,자가,없음,1
정규직,13313,572,그외,3460,117.5,30,자가,없음,1
계약직,5391,663,생활,,123.4,10,전세,없음,1
미취업,6685,815,사업,4135,73.5,30,자가,있음,1
정규직,7115,529,사업,3123,419.0,2,자가,없음,1
정규직,15679,654,생활,2334,204.6,28,전세,없음,1
자영업,19602,655,그외,1386,242.7,5,월세,없음,1
정규직,6833,654,생활,3015,442.6,29,자가,없음,1
자영업,7553,839,사업,5906,220.8,16,전세,없음,1
정규직,17174,709,사업,7186,1.0,,월세,없음,1
자영업,13221,300,생활,3147,1.0,5,전세,없음,1
계약직,1928,640,,7355,265.4,8,전세,있음,1
정규직,7730,507,주택,8036,478.4,9,월세,없음,1
계약직,6556,684,그외,7483,120.8,19,월세,있음,1
,3713,654,주택,3691,269.5,27,월세,없음,1
계약직,10313,466,생활,2123,520.0,15,전세,없음,0
미취업,10701,526,생활,1630,314.8,11,전세,없음,1
미취업,10752,409,그외,3975,296.2,13,월세,없음,1
정규직,16927,541,그외,5043,1.0,9,월세,없음,1
자영업,19695,894,그외,9432,415.5,0,월세,없음,1
자영업,14659,683,사업,1009,383.0,18,월세,있음,1
자영업,10212,524,주택,4547,302.9,25,월세,있음,0
정규직,2367,764,주택,8495,520.0,9,월세,없음,1
,2757,601,그외,7391,84.5,31,자가,있음,0
정규직,12997,584,그외,4176,66.9,18,월세,없음,1
정규직,16888,808,그외,6037,359.8,15,월세,없음,1
계약직,5266,361,그외,4802,520.0,29,자가,없음,0
정규직,9671,657,주택,8534,107.7,3,자가,없음,1
정규직,4653,731,그외,7092,426.1,15,월세,있음,1
정규직,17001,1000,주택,4044,14.1,28,전세,,1
미취업,10123,928,그외,4738,266.0,2,월세,,1
정규직,2780,,사업,4067,409.9,22,자가,,1
자영업,18613,826,,3583,377.2,31,월세,없음,1
정규직,8272,1000,생활,9312,199.2,21,전세,없음,1
정규직,10019,603,주택,2022,,17,전세,없음,1
자영업,8577,652,주택,6001,,6,월세,없음,1
계약직,5383,732,생활,3433,346.5,30,월세,있음,1
미취업,2004,300,그외,5744,127.9,18,전세,없음,1
정규직,12447,1000,주택,656,394.1,24,전세,있음,1
자영업,2597,424,그외,8602,223.8,8,월세,없음,0
자영업,2040,476,주택,3178,282.2,16,월세,없음,1
자영업,10999,582,생활,245,41.3,14,전세,없음,1
자영업,12343,689,주택,10188,265.6,27,전세,없음,1
자영업,17557,827,사업,4337,143.8,14,자가,있음,1
계약직,10019,526,주택,9947,256.1,12,자가,없음,1
정규직,3701,944,사업,,287.9,13,자가,없음,1
자영업,7993,953,그외,8234,216.8,1,자가,없음,1
정규직,7765,558,사업,3679,367.1,21,자가,없음,1
미취업,2168,620,생활,3570,191.1,14,전세,없음,1
정규직,20248,568,사업,1962,,30,전세,없음,0
계약직,15362,935,생활,1537,56.4,13,자가,없음,1
정규직,18648,371,생활,5631,414.4,22,전세,없음,1
정규직,13674,483,사업,7814,147.4,16,월세,있음,1
계약직,13470,747,그외,3220,182.1,13,월세,있음,1
정규직,2080,738,생활,2291,286.3,21,월세,없음,1
미취업,14906,476,생활,8617,88.5,5,전세,없음,1
정규직,6428,300,그외,8195,259.0,3,자가,없음,0
계약직,13730,872,사업,9931,520.0,23,월세,있음,1
계약직,13614,692,사업,657,154.0,7,월세,있음,1
계약직,4872,584,생활,4676,182.2,21,월세,없음,1
자영업,4365,624,생활,5349,304.3,3,자가,없음,1
자영업,6562,816,그외,2547,237.7,2,자가,없음,1
계약직,6380,738,그외,446,388.7,5,자가,없음,1
정규직,20025,831,생활,771,43.2,21,전세,있음,1
자영업,18134,370,생활,5055,308.9,31,자가,없음,1
자영업,3020,711,주택,5149,126.9,11,월세,있음,1
정규직,5888,521,생활,6542,26.4,10,전세,없음,1
계약직,9978,391,생활,8213,191.1,30,자가,없음,1
자영업,4556,331,주택,6286,301.1,2,전세,없음,1
정규직,17361,555,주택,,190.4,10,월세,없음,1
정규직,14222,553,그외,8502,477.5,25,자가,없음,1
미취업,4140,1000,그외,1785,285.4,8,전세,없음,1
미취업,10941,525,사업,10169,242.3,19,월세,있음,1
정규직,3307,634,생활,8582,107.6,22,전세,없음,1
자영업,19651,550,주택,176,374.0,29,전세,없음,1
자영업,8547,478,생활,2194,435.5,21,월세,있음,1
정규직,14235,536,사업,2081,287.9,18,전세,없음,1
정규직,19729,345,사업,7455,151.3,1,전세,있음,1
자영업,3997,300,그외,2513,211.3,25,전세,없음,0
계약직,16700,895,생활,2735,308.2,7,월세,없음,1
자영업,19102,818,사업,4886,362.0,12,자가,없음,1
정규직,10847,619,주택,,212.3,19,전세,없음,1
계약직,19011,700,그외,3877,125.2,5,자가,있음,1
정규직,20107,453,생활,1801,265.2,2,전세,없음,1
미취업,18550,1000,생활,1921,378.7,2,월세,있음,1
정규직,6671,486,그외,8331,389.5,0,전세,없음,1
자영업,7574,846,그외,458,385.7,31,월세,없음,1
자영업,11593,890,생활,5097,,11,전세,없음,1
자영업,5122,402,사업,8946,162.0,2,전세,없음,1
정규직,7902,708,생활,1078,1.0,24,전세,없음,1
정규직,12508,1000,사업,6732,325.0,,월세,있음,1
미취업,11199,582,사업,5187,292.2,19,자가,없음,1
계약직,,547,생활,4257,114.2,7,전세,없음,1
정규직,10709,824,생활,1105,503.0,30,전세,없음,1
정규직,11651,444,생활,6914,328.9,20,전세,없음,1
자영업,17486,973,생활,6477,223.0,26,자가,없음,1
미취업,20179,,생활,2309,462.2,16,전세,있음,1
미취업,18158,560,그외,4466,239.3,22,자가,없음,1
미취업,3387,878,생활,2563,281.1,12,전세,없음,1
