line_code,material_grade,chamber_temp,chamber_pressure,chamber_humidity,vibration_level,cycle_time_sec,power_kw,worker_years,good_rate_percent
L2,M3,94.86,49.28,44.2,0.5903,110.7,199.57,4,94.84
L2,M1,94.86,49.63,60.1,0.8811,124.2,185.26,11,95.20
L1,M3,100.02,,59.6,0.8612,107.1,212.31,7,95.27
L2,M2,106.96,50.56,55.4,1.1925,109.2,166.52,6,94.10
L2,M3,97.50,51.44,52.3,1.2366,117.7,188.09,10,93.21
L1,M3,107.43,50.84,52.3,1.0335,115.0,188.34,2,91.78
L1,M1,99.09,52.62,53.3,0.6976,119.3,192.17,10,93.60
L1,M1,102.78,47.23,45.8,0.8602,127.6,191.29,1,93.93
L1,M2,100.55,51.26,57.2,0.6222,122.7,209.92,7,95.25
L1,M3,89.73,51.05,37.7,1.1744,117.0,196.33,11,94.12
L1,M2,97.33,46.54,49.1,0.8488,120.5,167.09,2,95.03
L2,M2,106.76,48.94,28.0,1.2758,119.0,191.95,4,95.47
L2,M2,99.82,47.67,36.0,0.9590,122.6,207.19,4,94.78
L1,M3,99.08,48.40,46.8,0.8088,131.0,206.73,2,93.75
L2,M2,103.16,49.64,39.8,0.6953,119.5,184.88,2,93.11
L1,M1,99.08,52.66,42.6,1.1539,121.3,179.86,11,94.52
L2,M3,98.73,49.44,48.5,0.9139,129.5,218.88,4,95.33
L2,M1,101.09,44.98,56.1,1.1854,112.7,189.57,11,95.91
L1,M3,101.36,52.93,46.9,1.2041,112.6,190.02,2,93.55
L1,M3,97.18,50.44,62.8,1.5024,111.4,215.45,11,93.41
L1,M1,97.12,51.22,28.0,0.8491,134.3,199.54,1,94.35
L2,M3,97.08,51.26,55.9,0.5792,109.6,227.55,3,95.50
L2,M1,101.11,47.13,43.3,0.7686,129.7,207.37,10,94.49
L2,M2,101.04,48.12,42.3,1.1659,132.0,211.39,8,95.22
L2,M2,109.17,,42.9,1.3422,125.4,211.31,6,95.52
L2,M3,101.41,49.71,37.7,0.5190,109.7,211.95,6,93.53
L2,M2,105.32,46.96,42.0,0.7421,135.5,179.62,1,93.31
L2,M1,108.11,48.04,57.2,0.6377,110.3,174.97,1,93.86
L2,M2,99.62,50.00,46.4,1.1626,131.1,200.16,10,93.18
L2,M3,110.59,48.73,37.7,0.9373,123.0,157.78,6,93.20
L2,M1,100.91,51.52,65.2,0.7021,124.0,203.46,4,93.32
L1,M2,89.84,,47.6,0.9775,117.9,228.20,1,93.99
L2,M3,99.40,49.23,36.8,0.9119,122.0,211.14,5,95.15
L2,M3,104.81,51.78,45.6,0.9899,116.5,205.44,7,94.30
L2,M3,99.65,53.42,57.3,1.1927,110.3,195.34,2,94.61
L1,M1,95.21,52.46,67.3,0.7722,112.8,209.40,5,93.55
L1,M3,111.77,52.59,62.0,1.0677,118.5,209.88,6,93.38
L1,M2,99.00,48.38,72.0,0.8073,130.3,161.63,2,94.67
L2,M1,111.12,46.48,64.4,1.2179,121.0,205.13,5,93.93
L1,M2,102.93,51.28,65.4,1.2368,128.8,193.56,10,95.72
L1,M3,104.28,53.18,38.7,1.1762,114.5,153.36,7,94.23
L2,M3,107.58,50.78,58.5,0.7893,132.4,199.70,5,94.18
L1,M1,102.87,52.35,50.5,0.8465,115.5,219.91,11,95.33
L2,M1,101.98,48.56,46.8,1.0011,123.5,214.47,5,93.10
L2,M3,90.55,53.25,57.3,1.1695,116.1,178.36,9,93.79
L2,M1,103.24,47.46,52.5,0.7666,121.1,182.64,8,94.55
L2,M1,98.50,48.63,55.1,0.8385,99.7,189.50,11,94.78
L2,M1,101.04,50.06,49.3,0.9717,129.3,195.09,2,93.23
L1,M1,96.79,54.21,47.7,1.0149,110.7,179.93,4,93.85
L2,M2,102.53,49.42,58.4,1.1936,138.2,189.64,3,95.03
L1,M2,95.13,51.03,36.9,0.8574,127.4,198.35,5,95.60
L1,M3,94.17,52.34,54.3,0.9735,118.0,185.75,1,94.14
L2,M1,108.20,51.03,37.8,0.9183,116.5,222.60,3,94.47
L1,M2,98.57,45.82,60.4,1.3038,119.0,185.00,5,92.04
L2,M1,106.08,55.94,47.4,1.0303,122.1,195.41,8,95.77
L2,M1,98.27,51.88,,0.9818,,217.39,3,94.47
L2,M3,91.67,49.20,60.1,0.6145,120.7,209.13,6,93.19
L1,M1,101.48,51.08,43.3,1.2009,105.6,206.82,4,96.41
L1,M3,99.41,,44.7,0.7785,110.5,149.80,2,93.77
L1,M1,97.40,50.13,28.0,0.9010,124.3,215.98,9,95.36
L2,M3,98.86,48.69,38.8,1.1410,137.8,146.80,6,94.92
L2,M2,96.04,50.41,28.0,1.0484,114.3,187.56,4,95.16
L2,M3,99.72,51.53,72.0,0.7767,124.8,172.60,1,94.54
L2,M2,100.27,49.06,32.0,1.1018,119.9,185.09,11,95.58
L2,M3,107.18,52.08,53.1,1.3443,121.8,222.95,6,94.84
L1,M1,93.85,50.87,72.0,1.2137,131.3,183.46,3,92.57
L2,M3,,48.14,68.0,1.4476,127.8,190.28,7,94.90
L2,M2,102.83,49.29,41.9,1.1628,115.2,214.28,5,92.33
L1,M2,101.55,48.74,56.0,0.9134,123.1,202.58,10,95.26
L2,M2,98.03,53.79,48.6,0.9136,136.2,223.78,10,95.73
L2,M1,93.26,48.63,36.8,0.9060,123.2,194.43,9,95.89
L1,M3,101.14,48.84,52.5,0.9903,113.2,185.07,1,93.52
L2,M2,93.86,50.71,42.2,1.1967,113.2,155.87,8,94.60
L1,M2,94.34,55.01,39.5,1.1099,131.6,182.51,8,94.52
L2,M3,97.34,51.04,52.7,1.0866,116.6,203.41,9,94.92
L2,M3,108.34,47.34,38.3,0.9880,122.9,203.29,1,94.59
L2,M3,110.68,43.83,31.8,0.9371,114.9,184.83,6,95.43
L1,M3,103.84,49.50,44.8,1.1511,133.8,204.12,5,95.10
L2,M1,98.09,45.04,42.5,1.1111,113.8,198.52,3,94.84
L1,M3,100.71,48.85,58.2,0.9865,118.2,211.29,2,93.90
L2,M3,106.48,51.18,42.6,1.1879,,229.92,5,92.57
L1,M2,102.78,47.70,32.7,1.1297,117.6,190.62,8,93.23
L1,M3,103.08,47.40,31.2,0.8771,130.9,165.37,11,94.59
L2,M3,93.67,46.54,40.3,0.6817,111.8,173.28,7,95.49
L1,M2,97.41,50.76,56.0,1.0712,131.8,202.27,8,94.46
L1,M1,95.36,45.54,37.9,0.8586,133.1,171.12,5,93.52
L2,M2,104.31,49.75,59.0,0.7778,109.8,185.65,5,94.93
L2,M2,103.20,48.86,72.0,0.8483,121.1,223.98,3,95.72
L2,M2,97.65,49.12,41.7,1.2528,128.2,224.52,7,95.44
L2,M1,108.58,48.47,53.4,1.1907,126.7,214.74,7,95.28
L2,M2,100.05,50.17,33.2,1.0036,118.1,219.85,7,94.25
L2,M1,96.96,52.26,72.0,1.2241,128.4,225.46,11,95.00
L2,M1,104.04,48.80,52.3,1.0362,115.3,187.97,9,93.69
L2,M2,103.17,49.46,38.9,1.0414,126.2,182.24,1,95.19
L1,M2,93.41,49.46,42.8,0.9039,103.3,205.20,10,94.00
L2,M2,103.10,53.05,30.6,0.9367,110.7,175.47,5,93.68
L2,M2,94.29,50.63,42.0,0.7127,112.1,201.66,11,95.55
L1,M3,106.91,52.02,29.9,0.5924,113.3,158.70,8,92.50
L2,M1,110.87,51.59,37.0,1.2134,129.5,166.40,5,95.79
L2,M3,83.26,49.58,47.4,0.9162,127.2,244.80,8,94.72
L2,M1,101.61,51.38,56.8,1.1779,131.8,174.77,4,94.99
L2,M1,101.12,52.74,49.9,1.0099,130.6,180.59,9,93.49
L1,M2,100.96,48.81,33.2,0.9444,108.9,208.91,11,95.97
L2,M1,99.32,,52.6,1.0145,108.9,181.69,3,94.36
L2,M2,97.10,45.77,42.7,1.3025,121.4,198.88,8,94.42
L1,M3,98.11,,63.2,0.7418,106.9,211.90,4,94.50
L1,M1,100.22,47.30,28.0,0.6580,112.4,159.75,6,94.78
L1,M3,96.06,49.82,36.2,1.0908,104.0,180.37,1,92.75
L1,M1,100.16,50.72,45.7,1.2806,96.2,187.40,6,93.84
L1,M1,94.12,49.94,67.7,1.1726,120.2,243.34,8,94.85
L2,M3,104.32,51.74,53.3,1.1731,126.8,184.93,9,96.02
L2,M1,101.71,47.10,60.9,0.7978,116.2,154.06,8,95.54
L2,M3,,51.48,53.4,1.2755,127.2,174.23,4,94.61
L2,M3,99.69,50.29,72.0,1.0344,120.3,221.43,7,94.41
L1,M1,103.72,51.10,42.1,1.0890,132.7,199.84,3,95.14
L1,M2,105.67,47.69,38.7,1.4117,126.4,155.65,5,94.10
L1,M2,94.72,52.30,57.7,1.0505,130.6,178.19,7,93.95
L2,M1,102.79,51.80,72.0,0.8662,125.8,170.24,11,95.22
L2,M1,107.14,46.74,46.2,0.9214,111.2,250.01,7,93.71
L2,M2,94.18,45.96,48.4,0.9970,112.9,160.38,4,93.34
L2,M3,110.80,51.29,61.1,1.0000,115.5,197.86,4,95.11
L2,M2,97.93,49.05,,1.2811,117.9,189.10,11,94.36
L2,M2,103.45,49.11,39.0,1.0306,131.2,194.74,6,94.40
L1,M3,101.02,51.91,47.1,1.2349,125.0,192.09,10,94.91
L1,M1,99.90,50.75,53.5,0.9319,110.5,231.96,10,95.70
L1,M1,102.15,52.75,54.1,0.9116,97.4,161.27,6,91.56
L1,M3,97.59,49.19,51.2,1.0583,116.4,147.06,4,95.12
L1,M3,102.72,47.23,67.2,0.9572,126.1,201.36,4,94.50
L1,M2,101.40,50.69,35.0,0.6660,96.8,226.32,3,94.27
L1,M1,101.24,50.64,47.8,1.1896,122.2,186.13,6,95.57
L1,M2,101.50,51.76,48.9,0.9256,120.6,214.57,1,94.18
L2,M1,101.06,49.30,38.9,0.7212,124.0,197.47,1,93.61
L2,M1,86.32,50.35,52.6,1.1582,101.6,204.35,7,94.89
L1,M2,95.68,52.13,60.5,1.0398,113.4,214.30,5,92.03
L1,M3,100.81,48.02,32.3,1.0329,130.2,182.36,2,91.44
L2,M1,95.84,49.59,33.7,1.3001,110.6,215.94,3,94.67
L2,M3,100.77,53.30,45.0,1.0160,125.5,200.18,7,94.99
L2,M3,98.74,45.71,28.0,0.7154,103.8,186.89,8,91.87
L2,M3,91.70,49.23,35.3,0.8298,126.8,217.34,1,92.90
L2,M1,101.99,51.13,72.0,1.0916,125.8,142.69,10,94.42
L2,M2,92.71,49.09,61.2,0.7879,117.4,191.08,3,93.99
L1,M1,104.11,51.63,52.0,1.2275,145.0,171.83,11,94.80
L2,M2,98.62,50.04,45.4,0.8721,119.9,196.69,8,94.11
L1,M1,99.11,52.38,28.0,0.9612,123.5,202.50,1,92.19
L1,M2,101.37,46.25,39.3,0.6684,111.1,210.17,2,92.51
L2,M1,104.41,51.58,72.0,1.0704,123.4,198.70,4,93.95
L1,M3,92.12,47.18,56.5,1.1850,129.3,188.73,9,92.53
L2,M1,102.65,49.75,37.6,1.1038,115.6,203.41,6,95.45
L1,M3,108.32,54.59,33.9,1.1565,124.1,136.18,10,93.59
L1,M2,104.10,48.97,69.6,1.0105,131.6,242.02,7,92.68
L2,M3,100.10,52.38,,1.1602,118.9,167.10,10,96.74
L1,M1,102.15,50.81,60.8,0.9246,118.3,207.46,11,95.59
L2,M1,106.10,48.65,37.1,0.9659,121.5,211.58,11,96.24
L2,M3,110.02,46.82,39.4,1.1656,110.8,190.10,10,95.30
L1,M3,103.89,52.59,57.2,1.2218,118.7,215.03,1,93.37
L1,M1,109.89,,50.4,0.7764,123.6,172.97,8,95.86
L2,M2,90.35,47.59,46.0,1.2546,108.5,193.18,8,93.46
L2,M3,102.22,48.13,66.6,1.1669,124.9,199.59,6,95.29
L1,M1,95.67,43.11,63.0,0.4268,124.3,179.19,7,94.49
L1,M3,92.53,49.28,41.6,0.7682,106.9,184.20,9,94.67
L2,M2,114.11,51.02,28.0,1.0522,117.7,180.14,6,94.72
L1,M2,101.29,48.23,45.1,1.2157,127.2,193.10,5,94.54
L1,M1,100.31,51.72,54.0,1.1610,126.7,154.48,4,93.45
L1,M2,92.46,50.85,54.9,0.8425,109.3,179.88,4,95.19
L1,M2,99.01,48.74,,0.9320,103.6,183.38,7,94.51
L2,M2,108.59,47.74,72.0,1.1008,102.8,163.44,5,94.21
L1,M2,93.07,52.97,35.0,1.2362,102.7,218.17,5,94.41
L1,M1,98.45,49.70,54.0,1.0092,117.4,181.29,4,93.96
L1,M2,99.05,49.43,46.5,0.9096,122.3,174.56,1,95.20
L1,M1,93.30,54.78,72.0,0.6170,118.2,176.67,9,94.48
L2,M2,98.47,50.88,61.5,0.6332,131.0,200.90,1,95.15
L1,M1,93.72,53.44,40.9,0.9138,107.3,213.84,4,95.12
L2,M1,105.54,47.05,56.9,0.9925,113.5,137.16,11,94.97
L2,M2,100.05,53.41,,1.2355,117.1,200.88,11,95.87
L1,M1,96.51,48.35,54.6,0.9575,112.8,236.87,9,94.18
L2,M1,99.40,49.09,65.5,0.9767,136.7,198.41,5,96.29
L1,M2,94.98,49.67,42.3,1.3631,121.3,215.89,10,95.32
L1,M1,100.54,49.13,40.3,1.0143,122.8,213.26,1,95.14
L2,M2,101.54,53.47,45.6,0.9569,89.9,186.21,2,93.86
L1,M2,101.76,49.73,53.2,0.6562,117.9,144.58,2,94.57
L2,M1,97.14,51.46,53.2,0.8503,102.0,188.30,1,95.83
L1,M3,99.64,54.55,50.1,0.9252,111.9,221.67,8,95.03
L2,M2,98.62,48.84,62.0,1.0032,125.8,192.71,1,94.29
L2,M2,106.33,51.24,72.0,1.0453,112.0,198.79,3,94.03
L1,M1,98.77,49.69,42.1,1.1920,110.3,172.55,5,94.99
L2,M3,105.97,46.90,72.0,1.1813,114.0,194.03,11,95.19
L1,M1,95.93,47.56,72.0,0.9672,112.6,176.43,9,95.03
L1,M1,103.74,49.56,39.8,1.1445,109.8,222.45,2,92.77
L2,M2,101.67,49.73,60.5,1.1390,131.7,197.57,9,95.59
L1,M2,104.86,47.68,55.6,0.7568,107.9,202.27,10,93.93
L2,M1,95.50,49.62,69.9,1.1306,133.5,183.05,3,94.30
L1,M2,103.99,48.79,44.6,1.0491,133.3,198.59,5,93.87
L1,M1,99.14,50.30,45.0,0.4942,115.8,168.31,7,95.87
L2,M1,100.24,48.82,46.8,0.6880,133.6,191.67,9,94.33
L2,M1,88.76,49.15,33.8,1.1339,115.9,214.61,11,96.15
L2,M3,93.04,49.67,67.3,1.0759,108.8,172.83,4,95.13
L2,M2,100.80,48.96,52.3,0.8227,,201.54,5,95.19
L2,M3,99.00,56.96,72.0,0.9560,124.2,208.00,8,95.05
L2,M2,102.33,51.29,54.2,1.4982,124.5,203.48,5,95.40
L1,M1,97.31,47.54,,0.6994,117.6,191.55,6,92.68
L2,M3,103.72,53.74,44.3,1.0282,137.5,174.76,4,93.46
L2,M2,101.93,51.55,37.4,0.6627,123.0,176.63,2,95.76
L1,M2,105.57,47.85,62.9,1.0877,121.8,207.89,9,93.62
L1,M2,108.30,48.35,55.7,1.0837,115.2,196.78,7,93.09
L2,M2,100.34,51.31,39.1,1.2378,128.7,213.39,6,94.04
L2,M1,104.27,,54.8,0.8561,123.7,202.17,1,94.55
L2,M2,99.98,52.40,56.3,0.6761,113.0,214.39,6,95.91
L1,M2,94.30,48.30,52.2,1.5148,126.6,221.47,10,93.94
L1,M1,101.61,51.64,45.3,1.0614,122.5,204.95,3,95.61
L2,M2,98.70,50.15,46.3,1.2359,119.3,198.86,2,93.09
L2,M2,93.14,51.43,51.3,1.5048,114.8,182.46,5,95.00
L1,M2,101.41,49.46,40.5,0.6893,122.0,199.53,1,93.96
L1,M2,101.09,45.35,54.6,1.4361,135.2,195.36,1,92.06
L2,M1,99.93,51.57,69.9,0.7864,111.7,168.33,3,94.75
L2,M2,88.58,53.30,28.9,1.3710,,213.07,5,94.40
L2,M3,96.53,50.06,53.4,0.8080,123.1,155.04,7,94.63
L2,M1,100.13,47.00,47.2,0.9624,120.0,204.39,4,93.01
L2,M3,105.25,51.81,48.8,1.1888,110.9,221.66,8,95.24
L2,M2,100.01,52.74,28.2,1.0657,116.2,175.06,9,94.61
L2,M1,109.06,49.48,28.0,1.3922,108.8,196.12,3,93.83
L1,M3,99.67,52.18,71.2,1.4645,129.9,195.87,4,94.14
L2,M1,99.18,48.75,47.8,1.2483,110.5,184.24,3,92.94
L2,M3,92.23,50.60,37.3,0.9142,102.6,198.92,2,94.40
L2,M2,103.48,50.46,42.6,1.1925,117.3,176.91,1,94.74
L1,M2,102.82,52.43,,1.0913,119.9,190.08,2,94.08
L2,M3,101.34,52.65,,1.0184,122.9,212.99,1,93.05
L1,M1,96.03,52.51,46.8,0.5912,111.7,171.86,4,93.86
L1,M1,108.49,51.34,46.6,0.8220,117.0,179.74,5,93.49
L2,M3,100.25,49.75,37.6,0.8863,115.0,176.83,11,95.85
L2,M2,100.89,51.11,59.4,0.7764,132.3,232.06,1,93.66
L2,M1,90.53,47.49,54.5,1.1646,106.8,214.82,7,93.57
L2,M1,100.92,48.82,55.7,0.9446,109.2,204.41,5,93.75
L1,M1,106.23,52.72,46.9,0.8362,126.1,218.33,3,95.00
L2,M1,103.02,51.53,52.9,1.0795,112.6,205.11,2,96.35
L1,M2,97.51,49.12,54.7,0.9946,105.7,217.52,10,94.43
L1,M3,93.39,52.51,29.4,1.1204,122.0,182.71,2,93.29
L2,M3,109.50,51.75,44.9,1.0951,116.3,210.52,5,94.53
L2,M2,99.19,48.74,57.1,1.3125,115.7,186.38,5,93.01
L1,M2,100.79,50.00,54.6,0.8805,126.3,206.91,1,93.14
L1,M3,87.30,50.31,53.7,1.1537,104.6,210.25,10,93.62
L2,M2,101.73,49.45,43.6,0.7221,,187.23,4,92.69
L1,M1,102.09,47.47,38.0,1.5113,136.0,191.79,3,92.48
L1,M2,87.23,,45.6,1.1062,125.9,221.24,3,92.37
L2,M3,104.76,48.36,51.1,1.4340,118.0,187.60,3,92.89
L1,M3,104.64,48.98,45.4,0.8557,115.3,243.23,5,93.38
L2,M3,101.09,49.83,70.5,1.3151,105.0,206.42,4,93.59
L1,M3,99.51,48.42,62.8,1.0183,126.7,209.61,11,93.92
L2,M3,104.88,51.89,33.6,0.9432,115.0,201.66,3,93.35
L2,M3,98.02,50.75,57.8,0.3452,,214.70,1,93.49
L1,M2,100.38,47.25,39.0,1.1803,128.0,169.98,11,93.98
L1,M1,94.56,48.11,35.6,0.7472,120.9,187.66,10,94.70
L1,M3,94.08,46.30,28.0,0.8998,117.1,165.20,4,94.88
L2,M3,96.69,50.77,56.9,0.9141,130.7,172.92,9,93.31
L2,M2,99.44,52.06,50.8,0.9245,100.4,200.07,7,95.05
L1,M1,100.34,48.49,62.0,0.7497,110.3,179.99,2,93.86
L2,M1,99.04,53.51,54.6,0.9588,109.1,195.16,9,93.95
L1,M3,96.47,48.51,47.5,0.8966,121.2,227.92,7,94.35
L1,M1,104.19,51.98,48.9,1.1026,109.8,222.59,4,93.09
L2,M1,101.86,,63.4,1.0712,122.7,211.80,11,94.14
L2,M3,109.42,49.39,61.2,0.7234,123.9,183.08,8,94.53
L1,M2,99.27,51.84,30.1,1.3468,124.8,165.16,3,94.67
L2,M2,105.91,51.44,43.1,0.5226,116.2,157.04,2,92.36
L2,M1,101.80,47.85,,0.5742,101.1,231.55,7,94.98
L2,M1,103.31,52.73,38.1,0.7500,128.6,195.37,4,94.56
L1,M2,96.67,51.23,36.9,1.1552,125.0,198.40,4,93.38
L2,M3,98.82,46.19,55.4,1.1651,123.4,207.00,8,93.76
L2,M1,88.36,52.87,45.3,1.1136,126.2,141.75,8,94.52
L2,M3,98.33,47.53,42.9,1.1561,122.2,192.41,6,95.79
L2,M1,88.30,49.46,54.2,0.7245,113.3,197.22,5,94.39
L2,M1,96.98,50.25,61.0,1.4311,114.2,182.25,10,96.13
L2,M3,97.79,48.16,52.8,1.0147,111.6,185.21,4,93.96
L2,M2,94.72,48.61,46.0,1.2219,124.0,196.25,7,95.68
L1,M3,93.06,46.97,66.4,0.4840,123.5,217.63,6,93.67
L2,M1,89.37,47.57,54.2,1.0865,110.8,186.35,1,94.26
L2,M1,94.53,51.96,64.7,0.5923,117.1,172.51,2,94.57
L2,M2,103.05,49.62,60.6,0.9813,134.0,199.98,1,93.52
L1,M2,101.72,49.53,,1.2077,115.7,172.05,3,94.17
L1,M1,94.83,50.97,36.8,1.0402,118.9,172.22,8,94.97
L2,M1,98.35,49.06,,1.1549,131.7,217.03,4,95.48
L2,M1,103.62,50.98,28.0,1.1652,120.1,213.43,10,94.50
L2,M2,100.73,53.99,47.0,0.9535,125.9,175.92,3,94.71
L2,M2,101.38,48.08,49.7,0.7939,126.0,199.68,9,92.54
L2,M1,105.04,50.58,43.3,1.4433,124.9,183.31,1,94.28
L2,M1,103.21,53.80,51.3,0.9693,114.7,184.37,3,92.61
L2,M2,108.67,48.86,49.9,0.9491,121.8,204.88,2,93.67
L2,M1,97.63,47.83,49.9,0.8697,122.6,200.39,4,94.81
L1,M3,98.58,51.25,52.6,1.2687,126.5,156.76,4,93.63
L1,M2,98.34,50.55,59.3,1.0300,127.8,190.85,8,94.15
L1,M3,100.06,50.88,37.0,1.0849,100.6,189.60,3,94.18
L2,M3,102.87,50.84,28.0,0.9177,,157.14,4,94.44
L1,M1,101.83,52.54,37.1,0.9751,129.6,196.29,2,95.80
L2,M3,103.27,47.74,,0.8386,105.0,222.71,10,92.90
L2,M3,99.51,50.26,46.9,0.8759,119.1,177.76,8,94.47
L1,M3,98.57,44.35,31.3,0.9153,108.7,199.91,11,96.22
L2,M1,,47.36,44.8,0.9803,104.7,188.19,7,94.76
L1,M1,100.29,50.37,59.3,0.8057,121.1,163.30,7,94.81
L2,M1,101.71,49.10,61.6,0.8854,130.3,208.37,6,95.79
L1,M2,106.74,50.37,42.4,0.9584,116.7,214.12,11,95.41
L1,M1,93.77,48.04,28.9,1.0761,119.6,160.88,3,93.31
L2,M1,100.64,53.92,34.1,0.7852,103.0,179.09,10,94.95
L2,M3,95.26,48.53,45.3,0.7315,119.8,214.10,9,95.07
L1,M2,99.71,48.17,53.7,1.2866,119.4,226.68,3,94.66
L1,M1,100.71,50.41,56.7,0.6058,123.7,201.61,7,95.57
L2,M1,97.10,49.16,42.1,0.8874,106.7,158.72,3,94.63
L2,M3,98.94,51.90,31.8,1.0592,104.6,198.75,4,93.77
L1,M3,111.59,50.51,59.3,1.2823,116.0,214.48,5,93.33
L2,M2,104.02,49.31,38.7,0.9035,113.6,157.44,3,94.85
L2,M3,100.69,48.15,,0.7102,120.9,156.78,2,94.16
L1,M1,93.30,51.44,61.0,0.8436,104.5,195.75,5,94.25
L2,M2,98.29,51.68,62.6,1.0559,122.5,219.83,3,94.42
L2,M3,106.83,49.74,44.5,1.2349,107.2,217.08,7,95.98
L2,M1,99.66,48.46,34.5,0.9099,124.9,198.39,10,95.25
L2,M1,101.56,51.79,57.1,0.8724,116.5,216.45,5,95.39
L1,M3,101.97,53.09,50.1,0.9409,117.7,228.63,11,93.00
L2,M1,103.95,45.18,39.0,0.8514,120.3,210.59,7,94.97
L1,M1,105.46,53.89,50.2,1.2479,122.4,186.85,2,93.97
L2,M3,97.46,49.55,,0.8640,118.6,200.41,6,95.56
L1,M3,104.41,50.00,58.4,1.1916,111.7,174.97,4,94.45
L2,M2,95.29,47.14,51.4,0.7340,133.9,200.13,4,94.74
L1,M2,96.21,50.83,58.5,1.3989,103.7,194.99,1,93.28
L1,M3,89.59,47.51,43.9,1.0956,123.4,214.68,9,94.37
L1,M3,104.74,49.12,40.0,0.9109,117.3,216.64,1,94.26
L1,M2,95.46,53.75,58.6,1.2058,117.1,180.18,3,95.32
L2,M1,98.68,47.37,63.0,1.5143,144.8,212.84,5,94.21
L2,M2,107.83,50.78,63.1,0.8872,117.4,225.96,2,93.70
L1,M2,99.88,53.08,49.1,0.9652,114.8,174.14,5,93.25
L2,M1,103.85,49.22,41.0,1.0794,118.2,177.97,8,96.04
L1,M1,95.26,47.36,51.0,0.8843,118.8,175.76,5,92.70
L2,M1,105.13,48.94,35.7,0.8724,113.7,184.36,6,96.04
L1,M2,93.04,51.25,38.2,1.2814,139.0,201.89,8,93.90
L1,M3,90.05,50.92,47.3,0.8146,110.7,167.46,10,97.39
L1,M2,94.77,50.16,55.8,0.7932,123.1,179.97,2,94.66
L2,M2,100.65,50.29,48.6,1.0522,138.7,206.64,10,93.46
L2,M1,107.11,50.08,36.8,1.1007,119.5,222.23,10,95.76
L2,M1,87.74,48.55,55.7,0.7354,112.1,167.62,8,95.54
L1,M1,103.03,50.99,72.0,1.0976,102.4,239.27,10,94.15
L2,M2,98.18,51.45,43.5,0.9642,110.2,212.30,11,94.96
L2,M1,99.48,47.80,33.8,0.9517,137.3,159.81,3,94.80
L2,M1,107.30,50.13,48.7,1.1483,131.6,216.48,4,94.79
L1,M3,100.46,48.23,66.0,1.0702,117.7,184.10,5,93.59
L2,M1,101.73,48.59,72.0,0.7745,125.7,201.33,4,94.10
L1,M3,107.42,47.20,31.7,0.8375,121.4,192.58,4,94.40
L1,M3,103.57,51.11,43.4,0.9878,131.8,183.10,6,94.30
L2,M2,92.70,48.41,47.1,0.9273,122.6,175.64,5,91.94
L2,M1,100.67,52.32,52.7,1.3557,121.5,159.57,4,93.71
L2,M1,93.10,53.54,28.7,0.5617,119.9,218.37,10,95.44
L2,M1,91.75,50.88,72.0,1.3358,128.7,179.13,2,93.11
L1,M1,97.67,51.23,56.2,1.0160,111.9,223.65,4,92.88
L1,M2,92.30,50.92,55.8,0.8819,119.9,207.95,7,95.25
L1,M1,105.62,50.94,61.4,0.5747,,209.91,1,93.69
L1,M3,104.83,48.62,64.1,0.8693,139.3,168.70,5,93.40
L1,M1,92.68,47.18,52.9,1.4384,116.0,186.75,7,93.49
L2,M2,104.55,51.08,56.2,0.9925,130.9,183.59,8,92.14
L2,M1,97.63,50.17,63.4,1.1472,122.1,196.39,8,94.32
L2,M2,103.93,51.55,55.7,1.0494,133.6,178.29,11,96.10
L1,M2,100.35,52.33,69.7,1.4209,111.3,186.71,4,93.52
L2,M1,104.38,46.73,40.1,0.8799,115.9,183.24,3,94.62
L1,M2,101.00,52.64,64.3,1.2659,119.6,219.56,11,95.06
L2,M3,103.54,47.43,43.4,0.7925,118.6,187.84,8,93.88
L2,M1,101.58,47.53,33.5,1.2014,117.5,197.54,1,93.66
L1,M1,105.06,50.81,64.6,1.1792,130.1,171.91,7,95.07
L1,M1,98.94,48.69,56.8,1.2251,107.3,229.76,11,95.94
L2,M2,101.50,,47.7,0.6686,114.6,219.64,4,94.32
L1,M2,93.39,52.39,50.5,1.0370,101.5,184.66,2,92.03
L2,M2,94.14,49.16,52.8,0.7230,105.5,177.54,1,93.75
L1,M2,93.77,50.50,46.3,0.9276,131.5,138.82,10,94.70
L1,M3,,49.52,45.7,1.1517,134.9,225.26,2,93.79
L2,M2,94.26,49.98,53.4,0.9749,133.6,199.86,10,94.34
L1,M1,90.48,50.72,36.4,0.6529,132.9,199.63,7,94.38
L2,M3,101.07,48.30,50.0,1.2742,108.6,192.68,1,93.36
L2,M3,90.71,53.56,54.9,1.0832,125.5,180.44,11,94.57
L1,M2,101.27,50.83,48.2,0.7255,107.2,179.03,11,92.95
L1,M3,98.14,51.63,52.7,0.7646,107.5,183.35,8,93.37
L2,M2,96.34,50.42,46.5,1.2925,114.4,214.86,3,93.02
L1,M2,104.45,47.74,67.5,0.8148,107.4,180.47,2,95.15
L2,M2,101.31,50.07,57.4,0.6624,110.6,212.81,9,93.33
L1,M2,106.13,47.19,50.7,0.6447,119.9,194.29,7,93.92
L2,M1,97.39,48.60,54.1,1.0839,129.1,200.96,1,95.44
L2,M1,101.51,48.10,49.3,1.0895,124.8,187.83,6,95.81
L2,M3,101.21,49.94,57.6,0.9421,114.2,201.19,1,94.21
L1,M3,91.47,49.11,33.7,0.5376,121.9,182.92,9,94.17
L1,M3,103.45,53.06,46.1,0.9596,138.4,232.64,5,95.00
L2,M1,106.22,51.33,54.7,1.0333,,184.86,4,94.88
L1,M2,104.50,48.13,56.7,0.9808,123.8,210.20,5,94.60
L2,M1,107.17,52.80,69.0,0.9531,125.6,200.78,5,94.15
L1,M2,109.42,48.94,71.7,0.6730,109.1,200.11,6,94.50
L2,M3,98.86,46.91,47.4,1.3516,120.5,199.94,8,93.51
L2,M3,97.66,47.07,41.8,1.1061,110.0,215.82,1,92.06
L1,M2,104.16,51.36,50.9,1.2889,126.1,195.83,1,93.55
L2,M1,101.13,51.10,51.2,0.7509,,206.29,10,94.70
L2,M2,100.01,51.81,36.8,0.9676,109.9,211.08,2,94.10
L1,M2,104.57,50.12,65.3,0.8876,118.7,206.86,7,95.26
L2,M1,105.64,49.67,28.0,1.5443,127.2,234.43,6,94.04
L1,M3,98.99,47.52,46.4,1.1153,117.6,215.96,3,92.49
L2,M1,102.50,49.53,38.0,1.2662,109.8,190.34,9,96.41
L1,M2,94.74,46.86,61.6,0.5674,131.4,193.77,1,93.80
L1,M2,101.19,52.81,72.0,1.2103,115.5,194.44,2,94.90
L1,M1,91.31,50.38,66.4,0.8599,114.3,206.46,10,92.91
L2,M2,93.92,50.47,36.3,1.2841,103.8,251.84,11,94.14
L2,M1,93.02,51.01,53.5,0.3000,117.0,166.15,10,95.44
L2,M2,106.62,45.02,53.5,1.0306,128.4,156.39,3,95.39
L2,M3,96.25,54.45,71.5,0.8424,128.0,209.74,2,93.02
L1,M1,102.70,47.85,54.6,1.0247,120.0,183.49,7,93.68
L1,M3,,51.14,72.0,1.0918,121.8,201.31,9,95.71
L1,M2,102.86,49.55,,0.9414,121.0,191.81,5,93.78
L1,M3,102.83,,28.0,0.8920,123.1,191.36,1,92.94
L2,M1,96.18,47.68,44.2,0.9956,92.5,177.90,1,94.35
L2,M3,98.91,49.68,46.5,0.7602,113.9,239.24,4,92.99
L1,M1,105.64,48.42,30.9,1.1918,116.0,215.51,1,96.31
L2,M2,92.81,52.23,47.6,0.7429,123.7,237.51,10,96.15
L1,M1,93.73,51.22,28.7,0.7142,,235.40,9,95.50
L2,M1,100.26,53.38,58.8,1.3250,117.2,160.42,5,96.65
L1,M1,100.27,50.37,47.3,0.9709,120.7,215.03,6,96.41
L2,M1,98.70,52.24,59.2,1.1753,135.7,195.26,10,95.70
L1,M1,98.16,48.22,28.0,1.1294,116.8,268.00,8,95.18
L2,M2,92.41,52.19,28.0,0.9088,116.4,215.08,5,92.96
L2,M2,94.60,48.05,34.4,1.0059,110.3,193.77,3,92.71
L1,M1,99.47,49.85,28.6,1.2782,118.8,203.97,11,95.77
L1,M1,96.43,47.49,55.6,0.9760,108.2,178.61,2,95.62
L1,M2,94.31,49.67,57.0,0.9263,101.1,215.30,7,93.37
L2,M1,95.85,53.12,32.7,0.8168,124.6,193.41,4,93.68
L2,M1,111.56,51.43,28.0,0.7591,102.1,213.14,1,92.74
L2,M2,100.67,51.31,32.7,1.0718,102.3,221.89,3,94.02
L1,M1,110.62,50.11,43.6,0.6103,112.5,199.65,1,93.84
L2,M2,92.45,53.15,51.4,0.8830,113.5,199.12,10,94.35
L2,M3,107.67,52.08,38.2,0.9851,116.0,235.45,10,94.30
L2,M2,90.23,49.29,43.8,1.0445,121.7,203.35,8,95.39
L1,M2,94.81,47.88,50.5,1.0074,127.4,232.97,9,95.02
L1,M3,107.69,50.44,64.0,1.0540,118.7,210.08,9,94.63
L2,M1,108.46,51.88,50.4,0.9857,128.3,166.57,6,97.10
L1,M1,103.32,49.62,40.3,0.9745,128.4,234.81,1,94.05
L1,M2,98.20,50.45,35.8,1.0816,111.6,193.72,2,93.78
L2,M2,95.46,53.53,36.9,1.0434,,186.45,2,93.48
L1,M1,99.87,46.19,47.3,1.2229,113.1,233.39,2,93.65
L2,M3,101.91,46.91,35.9,0.8494,97.2,214.62,11,93.70
L2,M3,102.98,47.87,39.8,0.8612,119.2,223.26,11,94.44
L1,M3,106.82,50.80,57.2,1.2370,131.2,165.68,9,95.41
L2,M2,96.43,47.90,71.4,1.2338,113.7,162.05,7,93.19
L2,M2,101.53,52.00,48.5,0.7432,107.5,221.32,6,93.69
L1,M3,103.10,49.63,41.2,1.0297,141.2,218.42,9,93.20
L1,M2,100.25,49.23,62.6,0.9306,122.2,207.54,5,92.68
L2,M1,96.47,48.31,61.1,0.8103,110.8,185.88,1,94.07
L2,M3,99.59,50.64,34.5,0.7434,109.5,198.94,9,93.24
L1,M1,105.51,50.45,51.5,1.0903,125.0,213.21,1,91.78
L1,M3,100.28,47.40,62.2,1.2606,114.3,177.96,8,94.69
L1,M2,99.08,48.66,45.9,0.9141,108.9,202.85,11,94.26
L1,M2,99.28,52.04,66.6,0.8597,113.2,241.64,3,93.03
L1,M3,109.15,48.37,41.6,1.1527,120.7,201.97,2,93.17
L1,M2,100.05,48.42,46.6,0.9897,124.3,239.29,10,94.41
L2,M3,102.79,50.64,72.0,1.2745,154.3,190.78,1,92.45
L2,M2,98.72,47.59,67.5,1.0699,120.3,207.85,10,95.00
L2,M1,96.96,51.58,41.9,0.6599,133.5,195.01,7,95.21
L1,M3,95.49,50.97,28.0,1.1962,126.6,193.16,3,93.59
L1,M3,,47.83,47.6,1.1708,118.4,239.07,8,94.16
L2,M2,102.97,49.61,51.5,0.7494,132.8,182.95,2,93.07
L2,M1,95.62,47.23,38.7,0.7304,147.0,216.91,9,96.36
L2,M2,93.45,51.62,34.0,0.9440,95.0,184.28,8,94.41
L2,M1,106.82,46.76,47.9,1.2673,125.6,192.00,6,95.51
L1,M3,105.55,50.37,38.2,0.7203,130.4,208.39,4,93.59
L2,M1,102.36,49.60,45.2,1.0025,123.1,188.36,5,95.63
L1,M1,95.53,45.58,28.0,1.0281,110.5,164.98,6,93.27
L1,M3,106.60,47.00,38.9,0.8495,123.5,204.24,5,92.97
L1,M1,95.40,49.80,,0.7966,106.6,199.80,2,93.42
L2,M3,100.08,49.46,59.1,0.9586,106.3,182.22,7,95.15
L1,M1,107.64,50.50,55.2,0.9757,115.9,209.65,4,93.55
L1,M3,98.21,48.52,63.2,0.9276,123.3,160.28,11,94.94
L1,M3,103.42,52.46,36.6,0.8153,,217.51,9,93.38
L1,M1,99.11,50.79,35.7,0.6963,109.0,204.47,2,93.64
L1,M2,95.17,53.65,47.3,1.1173,120.1,156.99,8,94.32
L1,M1,88.25,48.93,33.9,1.0676,120.0,203.48,6,93.96
L2,M1,98.64,49.61,46.0,1.0249,135.4,224.51,4,93.37
L1,M2,98.14,50.13,56.7,0.9698,131.0,239.20,5,93.37
L1,M1,103.69,52.37,48.1,1.1351,113.2,167.60,2,93.35
L1,M1,97.12,52.38,47.9,0.5367,116.3,200.94,10,92.97
L2,M2,98.61,53.34,,1.1142,118.7,123.88,2,93.91
L1,M1,101.06,48.98,60.5,1.1459,118.1,180.92,5,94.73
L1,M2,99.93,,52.4,1.0498,130.5,188.68,1,93.08
L1,M3,99.18,47.68,36.8,1.0210,119.0,241.77,1,92.90
L1,M3,89.38,50.09,38.4,0.9154,106.9,219.02,4,94.73
L2,M3,,49.37,62.3,0.9881,145.2,209.14,2,94.07
L2,M1,96.05,53.60,47.2,1.2807,126.0,174.37,11,95.31
L1,M1,107.11,48.87,53.8,1.0882,130.8,177.48,3,92.77
L1,M2,110.64,49.87,66.6,0.9753,115.2,159.34,10,95.16
L2,M2,93.71,49.54,61.6,0.8992,100.3,187.31,9,96.91
L2,M1,98.10,,54.7,0.9573,116.5,182.64,8,95.31
L2,M3,107.51,51.84,61.6,0.9424,124.6,207.02,7,95.38
L2,M1,105.30,49.28,,1.1949,121.7,205.60,9,95.58
L2,M1,99.78,52.17,51.6,0.9208,120.6,188.00,2,94.81
L1,M3,102.88,48.51,54.0,1.3922,127.6,231.13,7,92.52
L2,M2,99.50,50.14,54.4,1.0976,118.6,203.35,10,92.40
L1,M3,96.49,51.12,32.2,0.9489,121.9,191.71,6,94.01
L1,M2,93.45,53.05,43.8,0.4963,136.8,182.58,4,93.22
L1,M1,97.72,49.40,54.1,1.2965,127.2,193.63,1,95.52
L2,M3,104.28,50.39,47.4,1.1282,113.8,198.36,7,92.51
L2,M2,105.80,48.05,39.3,1.1550,100.5,156.96,11,95.98
L1,M2,98.92,52.05,53.8,0.8575,110.3,166.61,8,94.41
L2,M1,105.36,50.82,28.6,1.0247,130.9,199.85,6,95.60
L2,M1,96.73,48.09,64.4,0.7318,134.9,175.68,11,95.29
L2,M1,97.81,49.20,57.9,1.1264,134.1,228.66,10,94.59
L1,M3,102.69,48.47,57.7,0.5584,125.0,175.16,1,93.02
L2,M3,101.94,50.88,42.0,0.7773,112.9,210.33,2,92.47
L1,M1,108.53,52.92,50.0,1.2146,123.3,182.60,7,93.42
L2,M2,91.96,49.81,37.8,0.7704,122.6,167.12,3,93.29
L2,M2,101.57,42.07,40.2,1.4663,124.6,209.03,1,94.00
L1,M3,108.73,50.83,43.8,1.0783,118.8,191.44,5,94.27
L2,M1,102.64,51.12,49.8,1.2504,126.6,209.02,5,93.95
L2,M1,94.17,49.18,59.6,1.0442,135.3,156.83,4,93.47
L2,M1,104.91,48.16,68.8,0.8462,135.2,254.58,10,95.79
L1,M3,,49.87,48.2,1.1499,120.9,179.77,7,92.73
L2,M3,109.33,51.79,38.2,0.9201,110.5,219.68,2,91.53
L2,M2,103.36,51.98,46.8,1.2672,136.6,208.56,8,93.69
L2,M1,95.43,48.77,57.5,0.6322,103.2,183.58,6,94.49
L2,M3,101.75,50.26,53.2,1.1884,118.8,194.37,6,94.81
L2,M1,105.30,51.67,63.0,1.2574,120.5,179.75,3,94.95
L2,M3,97.97,51.19,71.8,1.1515,124.1,197.71,6,95.25
L2,M2,93.03,46.56,50.0,1.0714,121.4,170.62,6,95.23
L2,M3,105.53,47.66,42.5,0.8839,104.2,175.61,5,93.08
L2,M2,109.64,50.73,61.9,1.0439,113.3,183.48,3,93.99
L1,M3,96.85,50.82,50.0,1.0600,105.3,168.81,5,92.77
L2,M1,101.04,48.66,59.3,0.9038,136.8,219.80,9,94.52
L2,M1,107.00,51.54,43.6,1.2319,97.1,209.86,4,94.35
L1,M1,,48.37,45.0,0.7684,109.0,180.07,11,95.31
L2,M2,105.60,48.70,69.8,0.9379,113.0,193.79,2,93.67
L2,M2,98.57,49.04,32.0,1.0504,116.4,195.30,8,93.12
L2,M1,95.09,52.70,44.3,0.7640,111.4,246.86,4,94.71
L1,M3,92.11,,33.9,0.8032,119.5,213.16,1,93.00
L2,M3,97.71,47.92,31.2,1.0990,129.3,199.26,3,93.50
L1,M3,106.21,48.63,36.9,0.6716,141.8,230.22,7,94.65
L2,M3,104.21,50.23,63.3,0.8442,133.6,227.30,3,94.11
L1,M2,98.42,50.40,38.4,1.1321,116.7,226.74,5,92.82
L2,M2,111.16,50.81,39.7,1.1682,133.5,214.51,2,94.80
L2,M3,95.76,,61.7,0.8604,123.8,166.97,9,96.00
L1,M1,106.05,48.56,54.3,0.9882,113.3,170.60,6,93.92
L1,M3,98.92,48.97,48.8,0.9433,108.0,242.39,9,94.64
L1,M2,103.95,52.10,57.2,1.2388,135.6,179.55,10,96.26
L1,M3,102.25,52.91,57.9,1.1193,129.3,208.94,2,94.81
L1,M2,98.84,47.94,54.9,1.0724,105.1,179.88,4,93.67
L2,M2,97.80,50.95,35.6,1.3455,117.0,215.17,2,92.04
L2,M1,102.58,51.15,56.2,0.8766,129.7,215.80,3,95.05
L2,M1,95.31,49.49,52.6,1.1359,142.2,219.23,2,94.66
L1,M3,105.32,47.48,48.9,1.4073,99.9,189.41,5,93.63
L2,M1,89.73,51.92,,0.8761,112.8,215.84,4,93.51
L2,M1,102.65,49.02,60.0,1.1428,113.3,185.79,5,94.89
L2,M1,101.34,50.02,58.4,0.9704,117.9,217.17,9,95.32
L2,M3,100.19,50.01,72.0,0.9444,127.4,161.97,3,95.56
L2,M3,104.29,50.34,54.8,1.1246,,170.09,4,92.56
L2,M2,96.94,51.64,44.3,1.1797,124.1,151.90,11,95.16
L2,M3,102.63,47.67,51.3,1.1096,106.2,227.52,5,95.79
L2,M3,94.47,49.08,49.5,1.0705,113.1,216.84,6,94.21
L1,M3,99.43,49.83,61.4,1.1447,130.0,203.13,10,95.42
L1,M1,93.09,51.29,55.1,0.7720,111.4,180.30,10,94.23
L2,M2,106.02,50.78,54.6,0.7745,117.4,205.28,9,94.12
L1,M2,102.15,50.93,44.4,1.3933,124.7,147.25,4,94.62
L2,M1,98.81,51.14,49.3,0.9921,141.5,193.01,3,93.20
L1,M2,104.65,52.52,43.4,1.0134,121.2,177.66,1,93.99
L1,M2,104.70,50.35,,1.0895,128.4,200.16,7,94.32
L2,M2,103.61,49.37,57.6,0.9026,113.3,203.35,6,95.15
L2,M3,96.36,48.29,58.5,0.9660,110.6,217.84,5,94.99
L2,M3,98.78,48.54,44.9,1.2061,117.0,174.83,4,95.03
L1,M2,98.86,48.15,45.4,1.0925,102.1,164.73,2,95.16
L1,M3,95.10,52.15,44.5,1.0605,117.5,196.25,7,94.33
L1,M1,101.70,47.82,38.6,0.9915,143.9,170.59,10,94.62
L1,M2,106.62,48.85,37.7,0.8320,127.5,187.99,8,94.80
L2,M2,105.59,51.12,71.5,0.8317,121.3,205.21,11,94.33
L2,M1,106.76,51.02,28.0,0.6133,110.3,215.11,4,92.61
L2,M2,99.62,47.74,63.4,0.8737,130.0,191.62,3,93.70
L1,M2,100.23,52.24,28.0,0.6924,133.1,225.14,6,92.25
L2,M1,103.60,48.83,28.1,0.7700,121.4,194.79,7,94.62
L2,M3,106.76,48.47,46.9,1.0240,127.1,192.59,3,94.94
L2,M1,107.47,47.16,72.0,1.1698,92.0,190.43,10,95.45
L1,M1,95.94,51.69,,1.1783,138.1,202.42,5,94.60
L1,M2,101.45,,52.9,1.0537,111.1,201.58,8,94.51
L2,M2,105.43,48.17,72.0,0.8990,119.9,207.94,5,94.88
L2,M3,106.70,50.45,49.2,0.9140,114.8,207.42,10,93.48
L1,M3,105.70,49.57,55.0,1.0246,129.7,182.32,7,93.70
L2,M1,103.32,51.54,,1.1066,136.0,198.17,3,92.13
L1,M1,99.90,47.50,60.5,1.0021,130.6,177.08,5,95.00
L2,M3,102.64,49.59,53.9,1.3399,,252.87,5,93.83
L1,M1,93.45,52.24,48.4,0.9688,109.7,217.10,11,94.87
L1,M2,108.28,54.79,51.9,1.1097,113.0,185.57,4,93.72
L2,M2,96.10,46.51,36.9,1.1597,103.7,223.94,3,95.14
L1,M1,100.01,52.17,67.5,1.2692,135.2,191.15,5,93.46
L2,M1,103.20,49.27,39.5,1.5445,113.1,170.65,11,95.57
L1,M1,105.14,48.75,28.0,0.8334,115.2,188.20,6,93.34
L1,M1,102.87,52.47,39.1,0.9595,124.9,188.23,8,94.88
L1,M1,102.06,52.08,64.1,1.2226,109.8,202.90,4,92.61
L1,M1,101.66,52.17,56.4,0.8059,115.3,208.27,7,93.85
L2,M2,,50.69,46.7,1.0508,115.9,202.07,9,95.35
L2,M3,96.38,47.00,,1.0411,113.1,218.46,7,94.11
L1,M1,94.25,53.34,29.5,1.3030,126.8,202.91,9,94.60
L1,M1,103.67,53.20,72.0,1.0455,114.3,177.23,6,93.70
L2,M2,,50.85,58.9,0.8729,111.7,155.92,8,94.99
L1,M1,103.06,46.88,29.6,0.7142,117.9,209.02,3,92.23
L2,M1,104.69,48.95,67.0,0.6810,124.5,156.20,11,94.51
L1,M2,95.74,51.39,54.4,0.9084,128.7,171.88,3,93.73
L2,M1,95.40,49.78,56.8,1.0738,108.6,177.74,3,95.54
L1,M3,99.54,52.80,53.1,0.9913,122.9,164.85,1,92.49
L1,M1,99.21,51.75,38.3,1.3266,100.0,161.99,8,94.03
L1,M1,108.70,48.77,72.0,0.7241,129.4,207.30,10,93.58
L1,M3,107.76,47.85,51.2,0.8401,118.2,207.47,3,93.59
L2,M1,91.74,51.09,68.9,0.7215,135.1,183.24,9,96.15
L2,M3,98.96,48.52,64.7,1.0127,106.7,208.12,7,93.51
L2,M2,107.59,45.45,56.0,1.3086,118.0,179.75,2,93.02
L1,M2,96.44,49.93,50.5,1.0885,136.3,231.62,10,94.99
L2,M1,96.06,47.40,,0.9336,113.7,218.00,7,93.92
L2,M2,103.98,47.26,43.3,1.3766,124.9,166.97,6,94.94
L2,M1,101.71,53.44,40.6,1.1755,127.3,204.51,8,94.09
L2,M3,104.86,49.63,64.0,0.9981,133.7,212.87,1,93.32
L2,M1,103.32,47.46,59.1,1.0274,120.4,202.84,11,92.56
L1,M1,98.00,48.93,28.0,0.6947,128.1,206.71,2,93.94
L2,M3,96.31,51.48,44.2,0.9402,126.6,216.17,4,94.09
L2,M2,102.09,48.46,32.7,0.9718,119.9,203.02,3,94.43
L2,M1,102.16,46.57,33.2,0.9372,132.5,197.51,2,91.59
L2,M3,99.24,45.51,47.5,1.1594,106.4,168.32,3,93.06
L1,M2,97.47,53.56,51.2,0.9877,119.9,220.90,9,94.80
L1,M3,91.87,46.40,62.6,0.6998,126.5,168.81,6,94.17
L2,M1,104.51,51.27,57.9,0.9171,110.5,210.48,11,94.12
L2,M3,100.03,45.55,30.5,1.2768,127.6,235.86,3,93.83
L1,M3,107.98,46.94,49.4,0.9481,110.0,198.05,5,94.32
L2,M2,92.73,47.98,65.1,0.7560,117.3,189.62,6,92.24
L2,M2,102.91,46.38,44.9,0.8352,115.0,182.98,11,94.77
L1,M2,99.25,47.81,59.4,1.1432,129.3,185.17,3,92.57
L1,M1,104.10,53.31,53.0,1.0221,118.3,216.28,10,94.09
L1,M1,100.55,48.29,46.4,0.6220,120.7,213.98,9,93.24
L2,M1,100.61,50.81,,1.0737,115.8,216.11,9,93.71
L2,M1,105.01,50.42,62.3,1.2021,126.9,200.25,10,94.18
L2,M3,100.49,48.51,41.5,0.8409,128.9,210.26,8,96.41
L2,M1,111.09,52.90,61.1,0.8862,113.1,210.62,3,94.31
L1,M3,94.88,47.34,29.6,1.4549,126.4,237.33,11,94.73
L2,M2,104.31,50.41,72.0,0.8830,124.3,198.08,3,93.67
L1,M1,98.14,50.89,49.3,0.8441,121.2,178.36,8,95.75
L1,M1,94.30,51.07,72.0,1.2461,132.7,207.74,6,94.38
L1,M3,102.70,50.27,55.7,0.9693,114.2,197.66,8,95.56
L2,M1,108.20,49.87,63.4,0.9055,113.9,189.06,2,94.15
L2,M2,,51.57,61.3,1.0791,125.1,200.11,7,94.41
L2,M3,103.13,45.62,50.4,1.2286,122.9,236.60,3,92.27
L1,M2,102.44,46.44,43.5,1.2189,100.6,192.27,10,93.56
L1,M3,90.04,46.44,,1.2136,124.9,198.98,8,94.34
L1,M3,99.66,52.90,38.7,0.8020,124.9,200.69,7,95.13
L2,M2,109.04,50.72,58.0,1.0829,106.8,220.83,7,94.80
L2,M1,102.48,53.11,55.2,0.9163,107.2,184.29,10,97.04
L2,M1,100.02,52.06,49.1,1.4668,129.6,182.02,7,94.31
L2,M3,101.63,49.52,42.2,0.6038,117.9,205.80,5,93.66
L1,M3,109.01,51.04,47.9,1.0475,114.3,210.23,6,93.96
L1,M3,108.02,51.05,51.4,1.0445,130.9,224.65,3,94.10
L1,M1,110.64,49.24,55.9,1.2124,106.0,219.24,6,94.27
L1,M2,101.41,,,0.9581,112.9,215.86,9,93.96
L2,M1,99.28,50.79,38.7,1.2458,100.1,224.85,1,94.66
L1,M1,101.28,49.20,45.5,1.3046,119.4,172.31,1,91.73
L1,M3,97.55,,37.5,1.1346,120.2,225.82,10,94.22
L2,M3,111.66,46.52,60.2,1.1414,129.6,230.73,11,96.22
L1,M2,99.62,51.71,53.9,0.9698,122.5,216.76,9,95.34
L1,M3,93.27,46.32,48.4,1.1199,136.6,165.53,4,94.85
L1,M2,103.77,51.42,49.6,1.0731,118.8,176.93,1,94.63
L2,M2,96.34,50.05,52.9,1.0160,,216.59,2,93.83
L2,M1,99.91,53.71,31.3,0.9829,106.4,173.77,7,94.43
L1,M2,103.47,50.31,58.6,1.1957,125.6,185.78,7,94.34
L1,M3,101.54,,47.5,0.6834,114.0,187.35,2,92.68
L2,M3,100.28,51.98,46.4,0.8128,132.3,177.19,11,94.47
L2,M2,101.24,48.57,49.8,0.7245,103.7,174.31,11,93.67
L1,M1,105.71,51.68,48.5,0.9498,132.5,178.88,5,94.50
L1,M1,90.01,52.23,35.5,0.8908,99.1,230.89,5,94.48
L1,M2,111.41,51.37,52.0,0.8706,116.3,192.91,3,92.91
L2,M2,,51.24,53.4,0.9891,133.7,184.00,5,93.36
L1,M2,92.46,51.53,52.4,0.9346,134.6,202.17,5,94.67
L1,M1,103.33,50.65,41.4,0.8028,124.6,183.43,1,93.10
L2,M2,100.82,50.98,28.0,0.8801,107.2,203.04,3,93.94
L1,M1,96.73,51.77,48.3,1.0417,117.3,188.39,10,96.55
L1,M2,107.80,48.50,35.2,1.1838,133.8,224.72,7,92.14
L1,M1,98.60,51.18,,0.9065,122.3,211.43,11,93.82
L1,M2,86.57,54.18,43.1,0.9063,123.0,169.10,6,94.53
L2,M1,109.26,52.15,44.7,1.2311,102.9,170.60,9,95.97
L1,M2,101.47,50.82,39.7,1.1071,129.3,161.79,4,94.01
L2,M3,98.18,52.94,35.6,1.1163,118.5,202.50,1,94.80
L2,M2,,,54.7,1.0861,119.3,216.67,8,94.95
L2,M3,95.59,52.29,44.5,1.3171,112.7,218.02,3,93.76
L2,M1,97.30,54.99,44.7,1.1394,123.2,165.14,8,95.52
L1,M3,96.70,50.87,54.3,0.9747,129.2,194.43,8,95.16
L1,M2,99.36,48.75,49.8,0.7912,136.2,158.43,1,95.96
L2,M1,93.21,50.03,34.4,0.8552,116.7,190.37,6,93.74
L2,M1,96.04,52.39,65.2,0.5924,124.8,242.92,6,94.07
L2,M2,100.00,53.91,41.2,0.9137,127.9,196.52,2,93.96
L2,M2,102.55,53.83,47.7,0.8469,112.2,163.76,2,94.13
L2,M3,94.95,51.52,62.5,0.8887,125.5,216.54,3,92.72
L1,M1,99.63,51.93,34.9,0.6726,113.5,224.22,3,93.72
L1,M2,102.15,47.95,57.8,1.0196,,195.14,6,94.34
L1,M3,98.28,47.67,72.0,1.1469,116.9,179.08,9,92.71
L2,M1,103.87,53.60,40.2,0.9541,108.1,200.86,4,95.22
L2,M2,95.08,49.55,72.0,0.9254,131.2,176.78,11,95.41
L2,M2,108.64,50.60,41.7,1.1769,107.1,173.10,5,94.11
L2,M1,100.17,49.55,40.4,1.0458,123.8,176.37,6,94.71
L1,M2,98.88,47.42,43.4,0.6971,108.6,181.44,4,95.13
L1,M3,105.50,47.16,53.5,0.8767,115.9,171.82,3,93.90
L1,M1,97.23,48.10,28.0,0.9864,116.2,195.42,1,93.51
L1,M3,104.87,51.91,72.0,0.8753,116.3,214.80,8,94.84
L2,M1,98.81,49.70,37.1,0.7976,122.9,199.78,11,95.72
L1,M3,97.82,49.64,35.6,0.8437,105.4,210.14,11,95.19
L2,M3,108.62,50.57,72.0,0.6412,118.9,195.07,10,95.70
L2,M1,91.83,49.46,44.2,0.9858,118.0,185.69,9,94.09
L1,M3,101.58,50.01,54.4,1.0141,113.7,181.71,5,93.17
L1,M2,97.22,47.34,43.7,1.1330,110.4,204.70,7,91.82
L1,M3,,50.24,38.6,1.0334,99.8,233.19,7,93.75
L2,M2,105.01,48.84,40.2,0.7952,113.0,226.93,9,94.42
L2,M3,99.47,50.82,,1.0909,125.4,158.86,10,94.54
L1,M2,95.97,51.92,49.5,0.9676,117.9,176.69,4,92.69
L2,M1,94.51,51.63,50.2,0.6604,118.0,182.09,1,95.18
L1,M1,103.28,49.11,47.4,1.2112,117.9,205.08,5,93.26
L1,M2,90.45,48.81,66.0,1.3095,122.1,201.34,10,95.89
L2,M1,110.15,48.87,51.4,1.3110,120.9,204.56,1,94.11
L2,M1,85.32,52.31,56.0,0.8776,118.6,205.73,9,94.83
L1,M2,87.81,50.54,45.9,1.0838,113.5,223.08,8,92.32
L1,M2,98.29,52.74,54.9,0.7490,108.2,209.78,6,93.57
L2,M2,102.11,52.24,64.2,0.7853,134.7,205.71,9,93.78
L1,M3,101.98,48.73,66.6,1.1631,114.4,183.87,3,93.84
L1,M2,91.00,49.66,28.2,1.2231,128.9,193.55,9,96.78
L1,M3,95.55,48.48,49.1,1.2344,131.8,213.19,4,94.07
L2,M1,96.71,,50.7,0.9223,107.7,230.96,1,92.89
L2,M3,102.61,52.96,63.9,1.0510,112.7,177.88,6,94.07
L1,M3,109.90,49.70,56.4,1.1745,136.6,210.06,6,93.52
L1,M1,99.60,47.35,55.9,0.9184,119.6,203.15,5,94.76
L1,M1,105.96,48.76,38.7,0.8399,103.2,237.94,8,94.88
L2,M1,96.27,52.19,46.5,0.8483,116.8,159.77,5,94.28
L2,M3,96.63,53.34,66.4,0.8936,106.2,258.97,3,94.46
L2,M2,108.07,49.66,40.1,0.9447,125.7,165.74,2,94.16
L1,M1,96.90,50.27,60.8,0.7605,111.2,195.86,9,94.13
L2,M3,106.49,47.51,51.9,0.8885,103.9,205.02,3,95.82
L2,M3,99.49,51.41,40.4,1.1346,119.5,193.67,3,92.36
L2,M1,104.56,48.26,42.0,1.0674,121.3,195.07,1,94.07
L2,M1,103.15,50.16,61.3,0.8526,118.0,205.48,4,96.12
L1,M2,96.94,51.49,72.0,0.5435,134.5,175.55,9,93.48
L1,M3,96.90,,56.3,0.8290,113.3,197.92,5,92.88
L1,M3,99.71,47.14,,0.8767,143.0,212.28,5,94.97
L1,M1,105.81,46.66,48.8,0.9861,111.7,196.45,7,94.02
L1,M1,98.96,50.41,56.7,0.9498,125.4,191.86,2,93.83
L2,M1,98.79,50.52,37.1,0.8402,116.6,217.01,7,95.09
L2,M3,101.82,48.37,35.2,0.5930,127.0,203.60,6,92.51
L1,M3,104.50,47.91,52.6,0.6498,124.1,167.44,11,96.08
L2,M1,96.69,51.27,72.0,1.1127,124.0,182.77,3,94.22
L1,M3,106.03,47.65,31.7,0.9996,109.1,218.00,2,94.62
L2,M3,94.29,48.87,43.9,0.8757,104.4,161.74,9,94.54
L2,M2,,55.07,,1.1007,95.6,199.84,4,92.69
L1,M1,96.74,45.22,41.7,0.7443,104.4,230.38,7,93.01
L2,M3,106.98,53.12,61.5,1.2227,111.9,149.18,8,95.67
L2,M1,106.68,52.12,,0.5866,123.7,213.27,4,95.18
L1,M1,110.87,51.79,29.6,1.0811,122.4,207.26,4,95.44
L2,M1,106.11,48.67,55.4,0.9706,121.3,221.34,10,94.48
L1,M1,110.40,52.60,55.8,0.9961,103.9,218.80,9,93.33
L2,M2,96.60,46.39,54.2,1.0271,128.6,194.91,8,95.92
L1,M1,102.46,50.85,59.9,1.2357,112.0,236.38,10,94.17
L2,M2,105.85,,30.9,1.2537,131.6,194.03,5,93.13
L2,M1,99.60,50.97,,1.2188,129.8,182.83,3,93.00
L1,M3,84.32,53.06,62.1,0.9980,122.0,215.69,2,92.99
L1,M2,104.16,48.76,40.9,1.0815,135.4,175.04,11,94.95
L1,M3,93.27,50.85,46.7,1.1270,109.6,221.10,3,92.77
L1,M1,102.46,46.63,41.3,0.6851,125.5,223.89,8,94.55
L2,M2,93.07,51.63,44.4,1.2044,129.8,165.51,9,93.98
L2,M3,,48.46,44.7,1.1056,145.5,214.08,4,94.00
L2,M1,96.79,48.51,72.0,0.6988,114.0,217.34,10,93.36
L2,M2,96.62,49.90,56.6,0.7684,133.3,186.88,10,94.80
L2,M3,101.12,,70.5,1.2417,118.3,218.13,9,95.51
L2,M2,102.71,51.81,50.0,1.3237,119.9,225.21,2,95.82
L2,M1,109.02,47.53,31.9,1.0053,128.7,177.65,9,95.98
L2,M1,96.89,51.09,62.4,1.1181,124.6,195.94,5,94.29
L2,M1,96.80,49.78,44.5,0.7508,124.1,216.68,8,94.16
L1,M2,97.23,51.02,42.9,0.9497,110.3,242.60,1,93.35
L2,M3,99.70,52.06,28.0,1.0767,120.0,211.55,7,95.39
L2,M2,105.11,45.33,47.4,1.3738,115.9,213.02,8,94.35
L1,M3,,52.75,55.4,0.9911,134.5,182.02,4,94.65
L1,M1,102.64,46.75,47.3,0.9615,132.9,192.57,8,94.58
L2,M1,101.68,48.84,48.0,1.2327,111.2,231.60,11,95.59
L2,M1,95.74,51.39,64.9,1.0137,112.1,209.11,8,93.97
L2,M2,96.22,49.37,54.8,1.1637,137.0,193.61,5,93.48
L2,M3,100.03,50.11,47.2,1.2492,113.9,214.85,11,93.76
L1,M1,99.42,51.04,64.7,0.9558,106.0,185.16,11,96.40
L1,M1,98.34,51.17,72.0,1.1149,136.9,229.14,4,95.08
L1,M1,105.98,52.02,41.2,1.0145,124.7,204.05,9,93.69
L2,M3,106.25,51.02,64.7,1.2016,123.1,200.09,4,95.41
L1,M1,98.83,49.24,47.7,0.8923,135.3,170.42,9,94.00
L1,M1,93.58,45.89,56.4,0.9446,112.2,203.47,8,93.70
L1,M2,102.32,50.04,43.6,1.1023,143.9,179.87,3,92.62
L1,M2,,49.55,41.7,0.5987,111.5,194.10,6,92.33
L2,M3,100.50,48.20,50.7,0.9790,109.0,195.93,8,93.98
L1,M1,96.26,52.72,52.8,1.1876,112.8,198.71,9,93.59
L1,M2,95.01,47.64,71.2,0.6886,103.2,227.46,10,94.66
L1,M1,102.74,49.88,36.0,1.0169,109.6,206.46,4,95.32
L2,M3,106.52,49.74,45.6,1.2104,114.2,196.45,1,95.91
L1,M1,102.26,49.06,45.0,0.8433,121.6,192.53,10,93.99
L1,M1,94.19,50.81,31.6,1.1578,111.4,224.14,7,95.91
L1,M1,104.43,50.89,50.5,1.0296,123.2,206.48,7,93.32
L2,M1,100.84,,44.6,0.4808,119.6,225.33,7,97.17
L1,M1,103.29,47.40,57.7,1.2175,121.2,196.33,3,92.94
L2,M2,99.34,48.11,49.8,0.8620,137.0,217.73,6,94.98
L1,M1,93.35,51.06,39.2,1.2155,111.5,183.59,11,96.12
L1,M1,100.83,47.12,36.3,1.2807,132.0,180.79,2,94.61
L2,M2,95.56,47.73,65.3,0.9511,,192.56,7,95.63
L1,M3,102.41,50.85,64.1,1.3385,139.7,180.78,2,93.97
L1,M3,99.71,46.59,48.6,0.9879,126.2,225.39,11,94.88
L1,M2,108.22,50.97,49.2,1.2294,101.7,180.75,10,94.02
L2,M2,100.43,51.08,41.8,1.1906,123.4,171.88,8,93.57
L1,M3,103.16,49.23,53.6,1.2966,123.5,193.15,7,92.87
L1,M3,92.80,53.64,33.8,0.7794,113.8,203.91,10,95.64
L1,M1,99.70,47.08,66.8,1.0872,105.5,188.85,2,93.73
L1,M2,95.87,50.50,38.5,1.1116,131.4,216.82,11,92.48
L1,M3,108.32,48.89,52.7,0.9449,116.7,201.08,1,94.10
L1,M1,108.06,52.90,46.0,0.7797,114.7,177.70,3,94.46
L2,M1,,52.18,48.9,0.6865,111.5,215.54,6,91.43
L1,M2,102.46,53.71,70.7,0.7184,120.5,187.36,11,93.70
L1,M1,103.75,47.89,33.6,0.7223,117.5,185.86,1,92.45
L1,M3,92.54,49.69,59.8,0.9805,131.0,219.43,2,94.35
L1,M1,104.53,47.59,45.6,1.3530,121.5,189.23,11,95.76
L2,M1,104.45,47.38,56.4,0.9086,106.9,187.48,11,95.74
L1,M1,108.46,50.61,60.1,0.9343,,203.74,9,94.75
L2,M1,92.36,48.69,65.2,0.8184,111.6,202.40,7,95.32
L1,M3,105.82,48.56,58.5,1.0895,125.4,206.10,2,94.01
L1,M3,103.34,47.63,61.9,0.4522,120.4,166.55,9,95.16
L1,M2,99.13,51.23,51.6,1.1978,112.9,224.22,4,94.92
L2,M3,92.68,,62.5,0.6927,109.7,230.12,1,94.61
L2,M1,90.80,49.06,58.9,0.7857,,179.91,4,94.61
L1,M1,105.04,56.28,54.2,0.9560,102.3,193.74,3,95.00
L2,M3,105.41,,69.7,0.8862,111.0,221.96,10,95.69
L2,M1,106.70,53.40,72.0,1.0117,129.8,248.76,5,93.98
L2,M2,100.34,49.02,72.0,0.7862,131.1,199.66,5,92.83
L2,M1,107.48,46.44,58.7,0.6879,131.8,181.27,8,94.87
L1,M1,105.91,46.31,48.7,0.7328,120.9,206.72,7,93.36
L1,M3,98.76,51.16,70.4,0.9264,103.0,167.54,8,92.16
L1,M1,101.77,52.53,58.1,0.9374,140.9,209.89,5,95.33
L1,M2,100.59,50.31,45.0,1.1405,109.4,182.28,4,94.09
L1,M2,108.93,51.67,67.6,0.7279,126.8,211.08,2,95.25
L1,M2,96.46,46.37,49.4,0.8414,112.7,213.92,8,95.11
L1,M1,101.14,,57.1,0.8499,118.5,188.01,2,92.44
L2,M1,93.59,51.10,37.9,1.0014,135.5,193.47,9,96.14
L1,M1,90.64,53.27,55.9,0.9784,98.5,227.04,3,93.86
L1,M1,98.69,48.09,72.0,1.2844,119.1,182.73,9,94.23
L2,M1,101.17,51.16,31.7,0.8617,119.8,201.42,8,95.30
L2,M1,98.04,48.17,49.0,1.3634,130.1,142.08,7,96.04
L2,M2,96.24,51.20,68.5,1.0230,117.3,192.13,7,96.17
L2,M2,106.57,46.94,61.2,1.0172,118.6,185.96,1,93.92
L2,M2,96.36,48.36,50.6,0.9221,135.6,205.52,5,95.40
L1,M2,95.33,51.21,41.5,1.0003,123.1,150.59,1,94.80
L2,M3,94.40,47.89,44.9,0.8269,121.4,148.90,9,93.62
L2,M3,97.95,46.99,72.0,0.8073,108.6,190.59,3,94.07
L2,M2,92.13,50.30,37.8,0.8594,112.0,202.74,11,94.15
L1,M2,98.65,48.11,57.2,1.1825,113.0,193.65,8,94.14
L2,M2,99.13,,35.5,1.0438,121.4,194.71,6,93.49
L1,M1,99.20,58.75,42.7,0.6684,113.6,176.70,7,94.12
L2,M3,97.76,48.04,43.6,1.0593,127.4,237.12,6,95.07
L2,M2,95.71,49.33,48.1,0.8407,118.6,186.81,5,95.33
L1,M1,109.48,50.17,37.8,1.0295,122.5,217.43,1,91.92
L1,M1,100.12,55.20,45.3,1.0792,100.3,234.35,10,95.06
L2,M2,105.88,51.69,43.7,0.8113,109.3,200.07,5,94.25
L1,M3,88.66,,68.4,1.1814,107.8,179.95,10,95.33
L1,M3,101.18,50.20,57.1,0.6346,124.5,210.14,9,96.19
L1,M2,98.16,50.89,47.0,0.9551,115.8,207.74,6,92.92
L2,M3,97.64,46.21,70.4,0.9213,121.4,193.60,6,94.07
L2,M1,96.13,51.42,66.7,0.7502,117.1,218.51,10,94.86
L2,M1,93.16,52.25,47.6,1.0068,99.5,220.44,6,95.32
L2,M3,101.68,45.42,43.7,0.9779,108.2,198.61,2,93.65
L1,M2,107.69,49.30,59.1,0.8336,114.9,165.26,6,94.15
L2,M1,97.56,48.23,54.6,0.9807,127.9,212.13,8,92.67
L1,M1,94.98,47.20,32.7,1.0328,114.2,187.13,3,95.17
L2,M1,94.28,52.95,61.7,1.0571,111.4,188.63,2,93.72
L1,M3,102.73,53.06,43.6,0.8022,130.3,197.27,5,92.85
L2,M1,89.38,52.30,69.9,0.9620,137.6,197.37,10,94.32
L1,M3,93.27,,62.4,0.8583,136.8,207.36,7,93.87
L1,M1,,51.56,35.4,1.3003,121.7,182.57,2,93.72
L1,M2,101.06,,53.8,0.9284,117.6,208.94,7,94.44
L1,M3,107.23,53.04,29.2,1.3207,125.6,164.65,9,93.84
L2,M1,96.06,46.50,53.3,1.0627,124.7,244.48,3,93.65
L1,M1,102.87,48.74,48.4,1.2759,102.3,163.72,2,94.60
L2,M1,100.35,52.36,69.8,0.7208,131.5,167.97,10,94.66
L1,M2,85.60,50.87,46.8,1.2698,116.0,188.79,11,94.15
L2,M3,93.99,48.04,47.1,0.9798,122.0,211.51,4,95.06
L1,M3,103.65,53.05,72.0,0.9320,124.2,235.35,3,92.86
L2,M1,97.15,50.51,46.4,0.9686,137.3,218.08,2,95.36
L1,M3,101.00,47.65,62.1,1.2350,126.6,198.80,1,92.57
L1,M3,105.67,48.86,48.7,0.9548,121.7,228.52,6,93.46
L1,M2,90.90,52.37,35.3,1.1561,134.0,226.81,6,94.31
L2,M1,100.16,49.75,45.7,0.9617,123.8,202.79,10,95.98
L1,M3,102.97,52.44,34.9,1.0258,,227.98,9,94.64
L2,M1,110.31,51.53,60.3,0.6602,107.3,194.18,1,94.56
L1,M3,91.11,51.52,72.0,0.9197,123.8,177.74,4,94.09
L1,M2,99.86,49.43,36.1,0.5171,125.1,166.80,1,93.68
L1,M3,106.77,46.41,58.2,1.2056,117.2,197.32,5,93.14
L2,M1,102.10,47.07,53.8,0.9461,142.4,200.74,2,94.04
L2,M1,97.93,53.21,54.4,0.9244,114.1,246.26,3,94.48
L1,M2,103.70,50.27,43.1,0.5149,114.8,183.46,2,93.36
L2,M2,97.85,51.81,40.8,0.7584,125.9,207.01,1,92.06
L1,M3,100.64,52.65,55.4,0.7952,130.9,181.16,11,94.55
L1,M3,94.29,46.94,51.2,0.9880,96.2,188.26,7,92.71
L2,M3,97.88,49.75,28.8,0.8537,114.9,179.43,8,95.99
L2,M3,103.09,50.13,47.2,1.4415,121.6,243.94,6,94.80
L1,M3,91.96,50.59,55.5,0.9917,131.5,201.16,6,93.50
L2,M2,95.83,51.84,,0.7401,128.1,188.60,10,94.30
L1,M1,90.50,49.18,61.9,0.9263,108.7,177.81,3,94.79
L2,M2,96.28,47.86,54.8,1.3038,113.3,202.26,3,92.79
L2,M3,99.65,48.76,38.6,1.2594,129.5,167.69,6,94.68
L2,M1,95.15,,59.8,1.0332,135.7,189.77,4,94.50
L1,M2,101.87,52.19,49.2,1.4893,101.8,193.52,7,95.57
L1,M3,98.94,49.81,32.8,1.1403,128.7,162.08,4,92.18
L2,M3,103.48,48.33,53.5,1.1895,123.8,222.60,11,94.73
L1,M3,98.70,52.82,50.9,0.9678,127.3,212.23,11,93.37
L1,M1,103.38,52.48,72.0,0.8500,120.1,229.46,8,93.73
L1,M1,100.56,52.84,53.3,0.8544,111.0,196.90,6,93.74
L1,M3,103.18,51.39,46.3,1.1578,102.8,208.05,10,93.64
L2,M3,105.64,51.80,43.1,1.2086,123.9,184.21,3,93.70
L2,M2,110.03,50.68,60.2,0.9070,114.6,218.99,3,93.31
L1,M2,97.73,50.25,52.6,0.7980,127.5,206.12,3,94.39
L2,M2,102.32,51.30,51.5,1.3231,116.2,193.79,4,93.35
L2,M1,98.61,51.61,57.5,1.0060,110.2,222.92,7,94.66
L1,M3,100.78,,58.4,0.8686,104.4,168.89,5,94.52
L1,M1,98.95,50.00,36.5,0.9201,109.0,151.54,8,93.48
L1,M1,103.13,52.11,,1.2030,122.6,188.01,4,95.77
L1,M3,,49.54,54.2,1.3651,104.8,232.09,4,94.20
L1,M1,,47.59,72.0,0.7273,128.4,190.80,9,94.81
L1,M1,102.71,53.37,28.0,0.9919,131.7,203.14,2,94.04
L2,M1,94.09,49.31,54.9,1.0632,116.3,171.71,3,93.53
L2,M3,107.33,49.48,,0.9788,109.0,194.28,1,93.29
L2,M2,102.63,45.23,46.4,0.6938,117.4,205.30,9,94.27
L2,M2,96.65,48.00,50.8,1.1538,123.4,190.40,9,93.78
L2,M1,101.59,49.44,52.6,0.5788,114.7,204.11,6,92.86
L1,M2,105.90,52.12,50.3,1.1533,122.3,184.11,9,95.19
L2,M1,99.94,53.05,58.6,1.2452,109.0,217.12,2,93.45
L1,M1,107.76,51.55,54.1,1.1718,124.2,186.62,3,93.44
L1,M1,105.68,51.64,47.5,1.3293,117.2,212.74,4,94.96
L1,M3,103.01,50.61,62.6,1.1451,101.0,192.57,8,94.14
L2,M1,101.34,48.06,,0.6719,128.1,189.65,8,93.45
L1,M1,94.29,48.04,50.1,1.0588,129.7,206.12,6,92.61
L1,M2,95.12,54.28,28.0,0.9103,128.0,198.26,9,94.36
L2,M3,96.11,48.02,72.0,1.2345,117.3,197.30,11,96.16
L2,M1,102.48,51.50,48.6,1.0748,131.1,198.02,9,95.90
L2,M1,105.90,48.87,56.7,0.9395,130.3,212.37,7,94.57
L1,M1,106.75,48.60,47.2,1.0676,112.2,201.25,6,93.59
L1,M2,100.47,49.50,56.5,1.1513,125.5,250.75,1,94.41
L1,M1,95.89,49.07,65.6,1.0552,129.2,156.10,1,94.10
L1,M3,92.82,47.65,48.2,1.0245,116.5,199.51,6,94.05
L2,M3,94.17,49.83,63.2,0.9265,116.7,182.78,6,95.29
L2,M2,96.34,52.03,48.9,0.6981,121.8,202.43,9,94.88
L2,M2,99.85,49.32,61.0,1.1087,127.9,194.07,5,92.47
L1,M1,92.68,45.90,37.2,0.8356,116.0,192.16,4,94.29
L2,M1,102.01,54.45,68.8,0.7281,122.0,215.33,7,95.09
L2,M3,96.43,49.30,35.7,1.0579,121.3,177.23,5,96.08
L2,M2,97.65,,57.5,1.2544,121.4,195.08,2,94.08
L1,M1,99.31,48.20,51.2,1.0895,124.7,218.37,3,94.73
L2,M1,103.20,49.13,72.0,1.2890,120.3,170.07,4,93.89
L2,M1,93.17,50.26,33.7,0.9766,115.0,252.00,7,94.12
L1,M3,103.73,50.58,,0.9838,113.1,192.35,1,93.60
L2,M2,93.02,53.69,42.9,0.6439,115.9,156.26,2,93.12
L1,M1,110.49,49.63,68.5,0.9136,140.4,220.71,3,92.10
L2,M1,102.38,47.37,60.5,1.2443,99.5,191.21,7,93.84
L1,M1,98.40,53.35,67.7,1.0782,105.9,184.16,5,92.91
L2,M1,105.44,47.71,53.7,0.9386,123.2,197.36,7,93.98
L2,M2,95.95,49.57,62.5,1.0781,106.3,248.08,4,93.28
L1,M2,102.38,49.01,42.1,0.9420,135.8,221.09,6,92.69
L2,M1,106.43,54.18,28.7,0.8605,122.4,202.11,11,95.38
L1,M3,98.67,50.87,39.2,1.2638,107.2,206.35,7,93.73
L1,M1,97.75,47.65,52.7,1.1233,110.6,196.65,11,94.65
L2,M2,100.80,46.89,32.3,1.1801,119.5,180.20,5,94.67
L2,M1,102.03,49.96,,1.5126,128.6,148.81,6,96.30
L1,M1,98.00,49.69,63.3,1.0591,123.4,196.42,7,95.02
L2,M3,96.92,47.66,28.0,1.1810,114.7,190.64,2,95.12
L1,M1,95.11,50.09,47.1,1.3731,109.7,226.71,8,93.98
L2,M2,100.03,,45.4,0.9332,116.7,209.96,2,94.41
L2,M3,92.49,51.96,51.3,0.7557,122.2,173.08,1,93.43
L2,M3,94.77,48.74,47.6,1.1170,118.5,150.98,7,94.70
L1,M2,93.18,50.34,56.5,1.3454,136.5,193.12,11,94.55
L1,M1,99.50,49.60,58.3,0.9035,104.2,201.02,8,92.95
L2,M2,105.58,51.31,32.3,1.0561,132.9,224.55,9,93.97
L1,M2,94.36,50.15,55.1,0.9263,129.8,208.11,1,94.78
L2,M1,107.00,51.47,48.5,0.8089,133.9,219.49,1,92.38
L1,M3,104.85,48.48,44.6,0.6767,102.2,171.63,9,94.41
L2,M3,102.64,50.41,45.2,1.0303,116.5,213.64,2,93.55
L2,M3,94.61,50.19,45.3,0.8960,125.2,220.28,11,96.48
L2,M2,102.97,50.44,53.3,1.2696,126.8,179.77,4,93.73
L2,M3,105.26,49.13,64.1,1.2412,130.4,181.14,8,93.38
L2,M1,102.27,51.16,37.1,0.9314,115.5,150.43,9,95.79
L1,M2,105.60,49.75,35.6,0.7656,125.2,183.45,11,94.88
L2,M3,104.23,50.54,55.4,0.6975,114.8,179.87,11,96.61
L2,M2,97.64,,47.7,1.1132,121.4,186.91,8,95.36
L2,M2,102.97,51.66,45.4,1.2019,105.8,190.39,11,94.09
L1,M1,103.44,51.27,58.9,1.2170,127.4,212.22,7,95.59
L1,M1,115.11,51.85,55.7,0.9252,134.6,194.01,8,94.38
L2,M2,103.73,53.55,57.2,0.9641,123.4,206.02,6,94.58
L2,M2,104.75,50.99,39.8,1.0515,96.0,204.42,2,94.66
L2,M2,103.99,51.18,51.9,1.0625,126.4,153.69,3,92.59
L1,M2,98.30,50.99,57.4,0.9858,95.7,179.72,11,92.75
L1,M3,109.90,52.17,39.2,0.9291,145.9,158.55,6,95.71
L1,M1,94.81,48.97,34.0,0.7660,125.5,190.81,11,92.57
L2,M3,94.19,51.25,55.8,1.1486,135.2,173.20,2,92.09
L2,M2,95.11,47.02,28.0,0.5951,107.8,192.55,10,94.66
L1,M3,113.78,51.09,49.1,1.1149,122.7,219.00,11,94.44
L2,M2,105.66,52.65,51.8,1.2086,119.9,210.66,10,95.00
L2,M2,101.11,48.64,57.7,0.8174,115.9,151.33,8,94.44
L1,M2,106.01,50.17,46.0,0.9242,127.6,193.27,4,92.75
L2,M1,106.99,48.02,63.6,0.9620,101.1,217.22,5,94.02
L2,M2,104.22,53.55,55.5,1.2280,113.8,171.97,9,95.54
L2,M1,97.88,51.00,68.5,1.0373,102.4,205.75,1,93.01
L2,M3,99.43,56.08,34.8,1.3428,117.0,228.10,1,93.53
L2,M1,106.00,51.68,55.6,1.2621,116.4,196.00,2,92.13
L1,M1,93.57,48.94,41.5,1.2565,119.8,220.67,8,94.38
L1,M3,102.10,51.74,71.1,0.7587,126.0,190.25,6,94.26
L1,M3,90.41,48.87,41.5,1.1789,115.6,207.73,3,95.21
L2,M3,88.45,47.92,58.3,1.0620,119.9,198.10,7,97.42
L2,M1,100.96,47.17,,1.2164,121.5,167.38,6,93.36
L2,M3,101.19,48.86,48.7,0.9409,148.6,206.69,7,95.93
L2,M2,99.23,48.85,56.4,1.1761,128.5,190.14,7,95.17
L1,M3,95.89,44.65,62.2,0.8745,128.5,232.82,3,92.00
L1,M3,95.28,53.51,69.3,1.1688,112.3,198.02,6,92.54
L2,M2,108.48,48.72,61.3,0.9917,111.9,208.49,4,94.86
L2,M2,91.06,48.27,37.5,1.0423,127.3,188.13,6,96.10
L1,M1,105.19,48.65,68.3,0.9094,131.2,171.86,9,94.16
L1,M1,,50.03,51.7,0.7220,127.8,206.11,2,95.18
L1,M2,,52.49,28.0,1.3312,106.8,172.53,6,93.35
L1,M2,102.08,54.91,38.1,1.2366,124.7,211.75,4,92.73
L1,M1,96.51,49.26,28.0,0.6815,108.7,222.80,11,94.21
L1,M2,102.30,51.25,65.3,1.0177,,199.90,5,92.87
L1,M3,107.45,50.21,41.7,1.0248,106.4,181.71,7,92.42
L2,M1,93.99,51.81,48.3,1.0543,97.9,170.01,3,95.52
L2,M1,90.26,52.43,46.2,1.0639,124.4,229.41,10,94.80
L1,M3,96.42,51.97,,0.9377,121.3,179.18,10,93.23
L1,M2,105.60,49.87,37.7,0.8667,137.8,219.12,4,93.38
L1,M2,98.77,50.23,55.4,1.0027,115.3,180.56,3,94.94
L2,M2,100.65,52.90,69.8,0.7605,129.6,195.78,8,94.47
L2,M2,97.71,50.48,55.8,0.8543,131.9,200.32,9,98.06
L2,M1,100.31,50.01,35.9,1.1090,125.1,187.87,1,91.97
L1,M3,90.82,49.45,48.0,1.1571,115.1,207.29,2,92.36
L2,M2,102.08,48.52,56.5,0.6592,137.8,216.33,9,93.91
L1,M2,107.39,50.89,51.3,1.1896,118.4,189.49,8,91.78
L2,M2,,53.95,50.7,0.7843,120.7,197.96,11,94.58
L1,M1,96.77,48.80,40.1,0.9168,131.9,184.43,11,94.96
L1,M1,97.28,48.05,72.0,0.9898,115.1,195.09,4,93.35
L2,M1,95.81,51.77,30.9,0.8149,125.6,210.41,11,96.71
L1,M3,94.42,53.03,30.0,1.3256,136.7,189.36,8,93.80
L1,M3,100.80,48.73,55.6,1.1883,121.0,197.43,10,94.14
L2,M2,100.59,,57.4,1.2457,120.1,203.87,11,92.62
L2,M2,104.28,49.50,40.5,1.0842,111.7,214.16,10,93.64
L2,M2,102.29,49.71,43.1,1.0096,,190.63,10,94.91
L2,M3,104.17,48.50,60.6,1.0600,133.0,206.57,4,93.42
L2,M1,111.54,51.51,45.0,1.0420,106.8,195.42,7,96.65
L1,M1,98.31,48.14,52.4,1.3043,121.0,207.17,3,93.57
L1,M3,98.50,50.71,45.4,0.7595,120.2,216.48,7,93.18
L2,M1,95.96,50.41,41.6,0.7963,116.9,191.09,5,94.72
L2,M3,108.05,46.33,66.4,1.3062,127.5,182.43,8,95.90
L2,M2,91.98,49.00,55.7,0.8215,146.1,201.45,1,93.26
L1,M1,96.69,47.84,54.8,0.6072,121.6,218.01,3,94.09
L2,M2,101.75,53.41,44.7,1.4362,126.2,208.70,1,94.62
L1,M3,102.22,51.80,33.1,0.9975,134.2,177.81,1,93.02
L2,M3,105.88,47.50,43.7,0.9400,110.1,173.00,2,95.21
L2,M1,95.74,48.87,43.1,0.8954,119.1,229.43,4,94.63
L1,M3,97.95,50.06,31.9,1.0065,125.9,192.91,4,95.14
L2,M3,105.16,48.23,28.0,0.8706,129.9,223.46,3,94.03
L2,M2,94.85,52.91,33.4,0.9469,104.0,159.41,3,93.50
L1,M2,97.96,48.52,69.1,0.6181,103.9,164.04,2,92.89
L2,M1,92.51,52.59,30.2,0.9869,117.2,210.59,2,94.20
L2,M1,102.38,51.63,51.3,0.9962,127.1,171.88,11,96.61
L1,M3,96.11,50.15,41.0,1.0724,110.9,183.77,10,93.18
L1,M3,93.83,53.27,63.6,0.8727,125.5,180.80,1,95.18
L2,M3,109.79,53.47,51.7,1.0625,117.4,192.83,3,93.56
L1,M3,100.85,48.09,58.7,0.8028,116.3,189.40,10,94.34
L2,M2,104.54,49.13,40.4,1.0427,111.1,234.15,9,95.23
L1,M3,116.18,48.96,64.9,0.9268,109.9,210.24,10,95.29
L1,M1,96.65,51.28,37.1,0.9568,129.3,177.50,9,96.07
L2,M2,106.25,48.01,36.9,0.9836,119.0,213.28,7,93.60
L1,M1,103.76,49.06,42.9,0.6486,124.4,212.54,1,93.76
L2,M1,99.99,50.80,28.0,0.9459,128.2,192.83,10,94.76
L2,M3,102.88,54.02,,0.8855,113.5,197.27,4,94.58
L1,M2,102.42,55.62,51.8,1.1414,117.6,209.48,8,95.06
L1,M3,97.28,50.07,50.1,0.8189,132.2,153.03,5,94.24
L1,M3,99.30,47.44,37.8,1.0893,128.7,238.88,10,94.81
L1,M2,101.52,51.71,54.0,1.0351,126.0,197.49,1,93.20
L2,M1,99.84,51.07,51.7,1.1995,127.3,172.44,9,94.66
L2,M3,91.89,51.15,51.7,1.2150,124.6,225.47,3,93.30
L1,M1,,55.38,43.1,1.2085,106.4,169.40,8,94.61
L2,M2,102.43,47.50,28.0,0.8624,125.1,197.65,7,94.23
L1,M2,94.79,50.82,56.3,1.0079,113.5,170.42,3,93.52
L2,M3,97.33,45.60,28.0,0.8390,,183.80,9,95.04
L2,M3,106.41,49.07,41.7,0.9948,104.2,191.53,8,93.98
L2,M1,95.31,,31.2,1.0205,136.8,194.48,5,95.64
L2,M1,99.21,,56.5,1.3017,118.7,200.61,1,94.63
L2,M1,105.25,49.47,42.0,0.6433,122.7,164.80,2,94.28
L2,M2,102.32,49.05,65.7,1.0059,116.8,184.55,5,95.31
L1,M1,102.54,52.00,41.3,1.0175,115.9,219.89,7,96.39
L1,M1,102.06,51.07,35.4,0.7855,128.4,224.86,6,94.67
L2,M2,99.69,48.94,48.1,1.0201,112.6,195.14,9,94.31
L1,M3,102.14,49.10,72.0,1.2020,,182.86,7,94.20
L1,M1,91.42,53.71,49.5,0.9536,120.1,145.45,1,93.90
L2,M1,92.88,51.16,46.0,1.0540,115.0,192.88,8,94.19
L2,M1,100.70,50.98,40.5,1.0519,126.3,161.89,6,95.42
L1,M3,95.67,45.81,54.7,0.8269,128.1,183.23,7,94.89
L2,M2,107.00,53.17,65.6,0.9133,111.2,192.38,6,92.04
L1,M2,102.58,50.61,65.3,0.9446,113.9,203.19,11,92.72
L2,M1,102.71,49.02,55.0,0.8804,120.9,193.52,8,95.62
L1,M3,102.79,49.20,48.4,1.1015,131.9,215.44,9,92.88
L2,M1,109.47,49.38,59.4,1.2447,121.8,222.60,1,94.35
L2,M2,96.81,46.48,53.4,1.2876,127.4,210.75,1,94.34
L1,M3,99.06,53.43,52.7,0.9801,109.8,185.21,7,93.45
L2,M2,93.19,52.93,67.6,1.1599,124.1,193.88,9,94.22
L2,M2,103.01,49.64,54.3,1.2296,104.9,206.36,5,93.50
L1,M1,96.17,47.59,66.2,0.9840,110.5,212.45,1,95.57
L2,M1,99.06,48.80,45.6,0.7232,134.2,175.71,9,94.88
L2,M2,103.07,48.88,49.4,0.9535,108.1,193.83,9,93.86
L1,M1,,49.97,49.4,1.1005,118.0,202.54,7,92.69
L2,M1,101.76,49.52,36.1,1.0936,105.9,140.62,9,95.63
L2,M1,101.95,,47.3,1.2037,117.5,224.92,2,93.89
L2,M1,109.82,48.96,57.2,0.9218,121.7,183.96,7,95.93
L1,M2,102.18,50.62,68.5,1.1339,118.6,199.31,9,93.18
L2,M1,99.41,51.36,39.9,0.9493,132.0,198.94,11,93.63
L2,M2,107.49,47.39,44.7,1.4690,125.5,205.50,6,93.59
L2,M1,105.69,51.04,39.5,1.0414,105.0,216.88,9,95.73
L2,M2,93.13,52.41,60.5,0.8064,103.7,182.77,5,93.91
L1,M2,100.15,53.65,58.6,0.8298,121.9,183.23,2,95.72
L1,M3,107.28,50.68,41.7,0.8354,114.4,186.88,4,94.53
L2,M1,97.31,47.45,54.5,0.8850,107.9,153.73,6,94.20
L1,M3,95.63,50.12,37.7,1.1846,102.9,205.82,8,94.11
L1,M1,95.77,52.07,41.2,0.5809,97.0,216.75,10,95.51
L1,M3,95.39,46.84,60.3,0.7138,102.2,196.01,8,94.77
L2,M1,102.32,52.31,43.8,0.9504,111.5,196.17,2,96.11
L1,M1,98.58,49.66,49.8,1.0607,,171.24,7,94.89
L1,M1,99.44,49.05,53.9,0.8631,115.4,186.52,6,92.56
L2,M3,93.04,49.99,61.8,1.3677,110.4,178.69,5,92.52
L2,M3,105.95,49.37,54.7,0.7642,114.7,186.05,11,94.89
L1,M3,106.32,52.29,52.6,0.9457,,195.53,8,94.30
L2,M3,94.19,48.93,48.8,0.9877,105.6,154.82,10,96.22
L2,M1,101.71,50.62,48.5,1.0268,125.1,201.11,11,95.43
L1,M2,106.27,53.12,54.9,1.0012,112.1,196.95,8,94.77
L2,M1,94.38,51.81,65.7,0.7972,125.9,188.22,10,96.57
L2,M2,100.01,45.99,34.3,1.5577,128.4,227.65,10,97.23
L2,M2,101.60,46.60,54.2,0.9190,108.4,183.89,8,93.12
L2,M1,101.35,51.25,43.8,1.2284,102.6,190.29,10,95.27
L1,M2,92.28,48.64,56.0,0.7527,112.8,180.79,9,92.92
L1,M3,102.62,49.67,45.7,1.2449,106.4,180.36,8,92.78
L1,M1,103.68,49.24,53.5,0.9844,121.0,151.93,11,93.86
L2,M2,101.46,49.97,65.4,1.1934,125.6,222.55,11,92.27
L2,M1,95.71,49.49,43.0,0.9534,110.3,217.59,7,94.47
L1,M2,96.94,50.57,38.4,0.9973,105.5,202.11,10,94.05
L2,M1,100.62,49.48,44.0,0.7681,107.6,203.12,9,94.66
L2,M1,102.35,50.73,44.6,0.9628,115.6,208.10,9,94.79
L1,M1,,51.10,28.0,1.0247,111.0,257.51,7,94.13
L1,M1,101.89,48.95,,1.2502,120.5,172.51,1,93.86
L2,M3,110.18,49.51,43.7,1.2558,,182.56,5,93.75
L2,M3,105.72,51.99,37.4,0.7840,114.3,210.51,7,94.31
L1,M3,98.26,50.84,70.1,1.0297,123.3,197.50,11,93.82
L1,M3,99.65,48.61,64.3,0.9370,129.9,186.33,5,92.94
L2,M3,94.76,53.74,59.4,0.8968,116.5,161.44,8,93.22
L2,M2,103.93,48.38,31.4,1.0739,129.3,196.29,7,93.99
L1,M2,105.59,50.81,41.8,0.7354,130.1,206.10,8,92.70
L1,M1,100.19,50.91,28.0,1.0498,126.9,210.44,10,94.76
L2,M1,,51.13,49.7,0.7052,114.7,191.56,4,93.58
L1,M2,99.79,50.13,42.2,1.0021,,193.70,8,93.85
L1,M1,97.09,46.26,28.0,0.6755,113.3,191.88,4,95.38
L1,M1,100.93,47.73,63.5,0.9877,125.3,197.42,11,94.76
L1,M1,95.51,49.63,43.6,0.6673,126.0,214.99,11,95.91
L2,M2,94.99,49.59,55.2,1.3545,107.5,209.89,6,94.97
L2,M2,98.80,,45.6,1.3431,125.3,210.26,8,95.11
L2,M2,103.16,55.38,68.6,0.9374,108.8,242.48,7,95.78
L1,M3,97.36,52.10,49.7,0.7966,105.8,228.50,1,92.64
L2,M1,104.35,49.36,47.5,0.9773,101.3,190.69,2,92.73
L2,M1,100.10,52.89,38.2,0.9389,,194.66,10,96.50
L2,M3,,51.51,37.1,0.8436,116.2,197.62,1,94.87
L1,M2,104.12,45.52,36.7,0.8100,116.4,207.63,2,92.76
L2,M2,98.88,47.69,44.4,1.1289,129.0,193.78,5,94.46
L1,M2,101.44,50.99,53.9,1.1997,129.2,234.89,11,94.05
L2,M1,95.27,48.88,52.8,0.9363,117.5,195.71,11,95.93
L2,M1,97.63,50.77,72.0,1.3489,105.2,224.82,11,95.32
L2,M2,100.10,51.58,50.9,1.2622,136.5,190.71,9,95.33
L2,M2,101.27,51.59,51.7,1.0844,121.4,202.68,5,93.85
L2,M1,95.91,47.39,66.5,1.1176,117.3,189.26,10,96.33
L2,M2,106.78,51.78,46.0,0.7138,115.7,192.26,1,96.98
L1,M1,101.33,53.15,48.5,1.1765,118.2,218.10,6,96.84
L1,M2,93.76,50.78,65.2,0.8864,104.6,201.25,1,93.62
L2,M2,106.14,50.90,59.1,0.6709,134.1,161.70,3,94.21
L1,M3,100.03,50.86,49.2,1.1118,109.2,187.51,7,93.86
L1,M1,104.84,51.53,48.8,1.4048,123.8,198.38,2,93.36
L1,M2,97.28,49.28,33.8,0.8663,,168.98,5,94.50
L2,M1,99.90,53.05,46.2,1.3059,124.5,177.21,5,93.38
L2,M2,109.88,46.32,48.0,1.2941,100.9,179.91,3,94.88
L1,M2,103.68,50.75,,0.9213,128.9,231.49,3,94.29
L2,M1,98.78,51.85,28.0,1.3010,123.3,189.79,7,95.08
L2,M3,106.70,49.82,52.4,0.9954,125.0,164.19,4,92.24
L2,M1,103.19,49.27,,0.8627,106.9,180.75,5,95.47
L1,M1,96.82,50.54,67.1,1.1981,118.0,262.46,3,93.61
L2,M3,97.46,51.75,72.0,1.3781,116.4,232.82,6,95.55
L1,M3,100.24,48.84,51.8,1.0283,,184.77,10,92.69
L2,M3,100.49,48.67,61.1,0.9549,111.5,197.93,4,94.02
L2,M3,98.88,51.89,67.5,0.8743,136.5,171.87,10,94.40
L2,M2,95.24,49.80,,1.1929,120.0,186.34,3,93.96
L2,M2,98.00,50.23,32.7,1.2148,115.7,170.36,3,95.02
L1,M3,102.02,50.47,34.0,1.1744,127.1,167.01,11,93.24
L1,M3,101.14,52.40,41.3,1.0289,138.2,242.16,2,92.00
L1,M3,94.80,50.26,45.7,0.8315,114.7,191.95,9,93.87
L1,M2,97.28,51.02,34.7,1.0236,92.4,187.00,3,93.68
L2,M3,98.82,49.39,55.3,0.4336,133.8,164.54,4,94.18
L1,M3,97.99,51.78,48.9,1.0395,118.3,185.47,1,93.20
L1,M2,90.43,49.50,28.0,0.8559,116.3,226.30,10,94.57
L1,M3,105.06,51.35,47.6,1.0078,117.0,190.96,9,94.09
L2,M2,110.20,50.07,,0.8270,119.1,237.84,9,95.02
L2,M3,96.74,50.62,41.9,0.8883,115.0,226.59,1,95.92
L1,M3,88.91,54.78,55.7,0.9590,122.8,249.98,5,93.40
L2,M1,,53.58,59.2,1.0285,125.8,213.07,5,93.94
L1,M1,105.96,48.98,56.0,0.8679,119.2,245.59,5,94.66
L1,M3,98.95,48.58,52.1,0.8955,118.7,222.02,9,93.39
L2,M3,92.53,47.89,55.7,0.8846,120.5,222.77,7,93.52
L2,M3,106.40,51.72,53.4,1.2730,105.7,202.11,2,95.50
L2,M2,103.67,47.76,42.7,1.1265,124.9,212.72,10,95.04
L1,M2,101.10,47.84,49.7,0.8522,119.3,232.07,7,93.38
L2,M1,105.51,48.62,38.9,1.1927,131.7,235.78,4,94.35
L2,M2,94.88,46.65,49.3,0.9250,113.8,170.80,1,93.44
L1,M1,100.62,48.28,41.7,0.5833,117.0,162.46,1,92.67
L1,M1,104.68,50.13,61.1,0.9893,107.9,203.54,2,92.85
L1,M3,97.34,47.83,45.2,1.3103,116.2,173.25,10,94.13
L2,M1,,,52.4,0.8198,118.8,189.83,2,95.05
L2,M3,93.89,51.08,29.2,0.9429,121.8,158.90,5,93.15
L2,M2,103.84,50.32,55.6,0.9984,117.1,201.78,9,96.45
L1,M3,104.82,47.60,63.6,1.1188,115.9,202.87,8,94.19
L2,M1,101.02,47.42,59.0,1.0772,109.6,206.69,3,92.54
L1,M2,99.63,53.59,42.2,1.0678,119.0,193.08,4,94.35
L2,M1,107.11,55.41,60.4,1.1740,112.2,213.96,8,95.71
L1,M1,100.53,50.80,52.1,1.1363,117.5,162.74,5,92.52
L1,M1,100.01,51.24,46.1,1.4359,117.2,166.36,3,92.31
L1,M3,108.69,53.72,61.5,1.0306,116.3,233.68,7,94.05
L1,M3,96.97,49.49,55.1,0.8503,128.7,200.09,8,93.89
L1,M2,96.76,49.65,56.3,1.3408,120.8,170.80,3,92.22
L2,M1,109.11,47.55,52.4,1.1560,131.1,199.77,4,91.59
L2,M2,103.68,49.60,51.1,0.8525,119.2,195.49,4,94.78
L2,M2,106.84,46.91,51.6,1.2714,130.4,250.76,7,93.52
L2,M1,97.78,48.96,54.2,0.9838,118.0,229.08,10,95.03
L2,M3,91.31,46.89,48.4,0.9459,126.3,184.24,9,92.80
L2,M2,107.33,51.61,50.1,1.1457,113.9,197.49,4,94.73
L1,M3,101.70,,62.3,1.1783,107.9,202.75,1,93.69
L1,M3,99.09,46.75,39.1,1.5725,111.7,190.25,6,93.26
L1,M3,94.41,45.96,,0.9650,105.1,213.03,9,95.91
L1,M1,100.97,50.46,30.8,1.2526,103.2,250.22,1,93.84
L2,M3,92.66,48.47,49.6,1.1085,120.7,195.20,11,95.53
L1,M2,109.52,50.02,,0.9646,123.6,177.14,2,92.10
L1,M1,94.22,49.76,47.8,0.9069,105.2,174.42,1,92.76
L1,M2,101.03,50.69,,1.2527,104.8,204.41,7,94.54
L2,M1,91.53,47.57,52.5,1.1639,117.0,172.62,11,96.44
L2,M2,97.71,50.99,48.5,1.0657,106.6,213.64,8,94.47
L1,M2,100.39,56.53,48.9,1.5964,102.1,177.72,11,95.18
L2,M2,108.25,47.45,30.4,1.1280,109.0,205.81,7,93.97
L1,M1,103.52,50.81,39.0,1.0184,134.7,181.49,4,94.44
L2,M1,95.28,48.69,58.7,1.0233,117.3,151.23,9,96.70
L2,M2,102.58,48.92,42.2,1.4261,127.7,205.30,2,93.02
L1,M1,96.64,50.16,68.3,1.1499,86.7,208.08,9,94.38
L2,M2,100.47,50.26,47.6,0.8441,119.1,218.93,10,93.94
L2,M1,103.60,48.41,64.1,1.3610,105.8,224.02,8,94.46
L2,M3,100.55,51.09,28.8,1.0406,,190.37,9,94.41
L2,M3,106.71,52.73,40.8,1.1754,140.6,147.92,5,93.85
L2,M1,87.57,53.28,63.1,1.1369,118.1,169.34,6,94.68
L2,M1,99.13,50.25,49.3,0.8443,111.6,191.64,7,94.19
L1,M1,88.50,49.59,43.7,1.0235,147.1,200.44,7,94.35
L1,M3,101.43,45.10,64.2,0.8144,117.5,185.53,3,93.69
L2,M2,99.22,53.05,53.0,0.7875,102.6,209.59,2,94.24
L1,M2,92.31,49.24,52.3,0.9742,114.1,193.23,11,95.31
L1,M2,92.24,50.98,59.9,1.3062,129.3,203.52,9,94.31
L1,M3,101.25,47.08,38.8,0.8821,123.3,199.92,1,91.59
L1,M3,96.31,50.14,40.0,1.0340,127.3,168.02,9,94.40
L1,M2,106.25,46.36,50.8,0.6667,127.0,199.78,7,95.36
L2,M2,96.03,53.86,59.2,1.0283,137.5,171.23,4,93.77
L1,M1,95.73,51.22,53.6,1.1866,115.6,225.12,1,91.95
L2,M1,104.17,51.66,50.1,0.9970,114.2,212.31,7,94.46
L1,M3,107.37,54.39,46.0,0.9854,111.5,200.65,7,92.92
L2,M1,95.98,52.93,39.6,0.7492,124.6,209.74,5,95.05
L2,M3,102.64,51.35,35.7,0.8724,,219.25,10,94.88
L1,M1,98.42,51.89,50.0,1.4664,115.7,205.56,4,93.21
L2,M1,103.59,49.00,57.6,0.7435,120.9,203.81,8,93.91
L1,M3,95.27,49.30,54.0,0.7944,117.6,201.16,5,93.81
L1,M1,95.60,49.29,37.3,0.8712,115.2,219.23,8,94.58
L2,M3,95.77,50.92,50.2,1.0875,108.8,194.64,8,94.48
L2,M3,101.68,52.07,34.7,1.1676,121.4,205.93,7,94.61
L1,M1,92.12,50.30,52.9,1.1084,116.1,172.34,6,95.71
L1,M2,101.06,53.52,40.0,1.1540,124.1,245.87,8,93.34
L1,M3,90.80,50.09,31.5,0.9315,113.4,198.96,9,94.20
L1,M3,96.31,48.75,33.8,1.3182,106.1,204.24,9,95.09
L1,M2,112.76,50.13,28.0,0.8656,123.8,208.29,1,93.60
L2,M2,100.72,,37.5,0.8603,129.2,184.05,7,94.53
L1,M2,96.49,47.38,42.6,0.9175,120.2,202.08,6,92.37
L2,M3,96.23,47.93,64.0,1.1435,114.1,159.48,10,94.23
L2,M1,95.73,47.47,45.4,1.3246,114.6,180.84,3,94.59
L1,M2,102.55,50.71,46.4,1.2466,121.1,193.33,11,94.24
L2,M2,102.30,54.87,35.3,0.8191,132.9,176.20,3,94.54
L1,M3,97.94,51.31,31.1,0.6331,127.6,188.81,4,95.03
L1,M2,103.96,49.56,37.7,1.0100,125.5,199.92,9,93.76
L1,M3,103.37,44.32,49.2,1.1800,125.3,224.31,4,93.95
L2,M2,101.09,49.98,46.2,1.1967,126.6,238.16,3,92.76
L2,M2,100.84,52.56,67.7,1.0249,115.5,200.60,3,96.17
L2,M1,104.94,52.58,51.0,0.7059,123.7,172.29,1,93.72
L2,M3,89.42,46.13,65.7,0.9481,131.4,182.56,4,94.68
L2,M2,100.54,52.53,63.0,1.0428,105.2,182.44,7,93.04
L2,M1,102.30,46.76,44.5,1.0094,114.7,208.73,8,94.70
L2,M3,96.56,48.91,36.0,1.0011,119.3,206.18,8,92.93
L1,M2,101.75,50.16,63.1,0.7206,120.9,217.69,4,94.58
L2,M1,102.44,49.68,46.1,1.1613,113.4,195.20,3,93.87
L1,M1,99.47,51.30,56.0,0.9989,118.7,187.75,9,94.75
L2,M2,98.72,51.40,47.8,0.7551,128.1,225.60,7,94.55
L2,M3,105.96,49.13,55.3,0.7213,130.5,209.99,5,95.92
L2,M2,100.74,47.02,39.7,1.3353,121.4,161.37,2,91.93
L2,M2,107.63,51.28,72.0,0.9121,116.2,196.77,9,96.66
L2,M1,107.31,48.89,50.1,1.1016,129.3,181.36,8,94.62
L1,M1,102.49,49.76,41.0,0.7429,131.5,174.94,5,93.91
L1,M1,,46.65,63.9,0.9871,122.6,244.88,8,95.89
L1,M1,91.29,47.41,56.1,0.7734,139.0,222.55,2,94.25
L2,M2,97.80,51.11,50.9,0.7751,109.7,166.76,9,95.96
L1,M2,98.62,,38.1,1.1263,126.1,189.08,7,92.84
L2,M3,102.56,50.51,59.2,0.9649,125.4,173.05,9,94.02
L2,M2,95.69,,72.0,0.9099,109.0,222.90,1,94.50
L2,M3,100.24,50.05,47.5,0.9608,117.3,170.90,11,95.25
L2,M1,100.88,51.74,50.0,0.9404,121.2,192.65,3,93.79
L2,M1,,49.55,36.7,1.1772,122.9,211.73,10,97.03
L1,M3,91.15,48.33,45.2,0.9496,,235.54,3,92.81
L1,M2,95.33,51.48,56.2,0.8994,108.6,176.89,9,94.16
L1,M1,90.59,47.62,68.8,0.5168,134.6,213.47,9,93.94
L1,M3,102.93,49.09,62.3,0.9695,125.3,242.09,8,93.33
L2,M1,98.09,49.94,50.0,1.5048,119.0,177.46,5,93.86
L1,M1,93.99,46.69,58.9,0.8040,139.6,221.57,5,93.85
L1,M2,95.62,51.96,58.4,1.2705,134.2,171.12,8,96.00
L1,M3,105.04,51.24,41.2,1.2925,132.1,187.41,1,93.22
L1,M3,94.43,47.35,48.3,0.7927,114.0,191.57,5,94.40
L2,M1,100.95,48.47,55.6,0.7427,,202.68,3,94.57
L1,M1,99.09,48.99,48.0,0.7411,100.5,188.92,4,93.10
L1,M1,97.27,47.52,43.8,1.1667,129.1,212.39,11,94.95
L1,M1,99.28,52.93,,0.8418,126.4,184.35,8,91.47
L1,M1,103.54,53.22,51.5,1.3353,134.0,179.40,7,94.63
L1,M3,105.20,49.52,57.9,0.9964,117.2,170.18,8,93.79
L1,M2,100.68,47.00,50.7,1.1315,125.1,202.88,5,94.68
L1,M3,98.75,50.92,43.2,0.9009,118.9,197.59,11,95.06
L2,M3,102.67,49.74,44.4,1.2137,119.6,192.21,6,93.11
L1,M2,101.81,50.12,32.5,1.0439,106.5,189.13,8,95.53
L2,M1,100.19,51.49,71.5,1.3690,120.6,176.08,2,95.36
L2,M3,91.01,48.17,68.6,0.9181,127.8,205.52,10,93.87
L1,M2,100.62,45.34,52.8,0.7962,123.4,172.51,4,93.96
L2,M2,97.12,49.19,28.0,0.8976,116.3,187.58,6,92.41
L1,M1,104.15,51.00,56.6,0.9950,125.8,205.82,11,94.29
L2,M2,,48.26,39.8,0.7369,111.0,202.17,8,95.25
L1,M2,103.46,50.68,61.0,1.0755,106.2,209.83,3,93.69
L2,M2,98.94,53.60,53.2,0.9228,108.0,189.65,11,94.39
L1,M1,97.57,52.81,36.5,0.6060,140.8,203.67,11,95.13
L2,M1,99.46,,48.5,1.0776,128.4,221.63,4,94.01
L1,M1,103.72,47.29,51.9,0.8923,134.3,176.58,3,94.61
L2,M2,102.01,46.61,29.2,1.1707,129.6,210.04,9,94.12
L1,M1,103.92,47.65,69.8,0.9465,123.9,200.01,10,95.01
L2,M1,108.38,53.31,51.3,1.0286,126.7,210.69,9,94.08
L2,M1,105.76,47.70,50.6,1.2044,123.0,183.08,8,94.00
L2,M3,112.14,45.32,63.2,1.0697,123.4,202.38,7,94.99
L2,M2,95.21,55.22,40.3,1.0349,123.9,214.42,4,93.22
L2,M3,100.96,48.74,45.8,0.7343,118.1,205.57,3,93.26
L2,M3,102.77,54.37,48.6,0.9377,119.9,221.90,9,94.70
L2,M1,92.96,47.61,62.0,1.2941,115.3,183.84,11,93.81
L2,M2,105.11,53.26,72.0,0.8666,114.3,196.12,11,93.65
L1,M2,101.72,48.77,56.2,0.9101,121.9,192.70,8,92.89
L2,M3,101.15,47.33,34.5,0.8935,137.3,217.62,3,94.67
L2,M2,110.57,49.03,,1.3641,123.0,219.75,9,94.66
L1,M2,93.00,49.27,59.5,0.7789,124.6,211.53,3,94.87
L1,M1,93.22,51.18,45.0,0.8087,112.3,218.94,2,95.17
L1,M1,91.80,47.77,34.9,1.0848,129.2,188.26,4,94.32
L2,M1,101.62,49.49,61.1,1.0222,114.5,197.45,3,93.78
L2,M3,98.04,50.91,50.1,1.1486,110.9,169.33,1,94.13
L2,M1,93.16,51.53,44.6,1.0844,134.4,228.34,1,92.80
L2,M3,96.53,52.68,51.9,0.8227,118.8,192.07,2,93.60
L1,M2,105.06,48.66,62.3,0.7549,136.7,203.16,9,94.24
L2,M2,102.06,48.59,68.8,1.2359,115.4,193.58,1,93.37
L1,M1,96.53,50.23,33.3,1.2978,130.8,195.04,3,94.92
L1,M1,100.89,50.60,59.9,1.2275,141.9,243.22,10,95.52
L2,M1,94.69,50.78,63.8,0.9034,113.5,187.60,10,94.34
L2,M3,103.78,48.39,64.4,0.5551,146.2,202.87,11,94.00
L1,M2,105.64,51.98,64.8,1.2123,121.4,200.93,4,94.81
L2,M3,103.85,47.89,60.0,1.3822,116.0,203.69,11,94.21
L2,M3,111.45,50.17,33.6,0.7873,125.4,214.69,7,93.30
L1,M3,95.95,55.82,42.3,0.7975,120.9,199.31,2,94.38
L2,M3,103.65,51.60,29.2,1.0282,131.8,190.40,6,94.98
L1,M2,103.31,52.06,56.6,1.3161,142.0,213.56,4,93.61
L1,M2,99.24,49.04,44.8,0.8884,117.3,197.17,6,94.80
L1,M2,101.44,48.52,46.9,1.0994,124.1,183.79,4,93.10
L2,M2,108.01,54.07,32.0,1.0164,129.1,189.36,10,95.61
L1,M2,93.46,48.98,46.0,1.0530,122.8,210.82,11,95.49
L2,M1,104.96,53.14,45.1,1.1676,121.6,212.67,3,95.93
L2,M3,101.39,51.07,56.6,0.6505,118.5,194.29,1,94.03
L1,M2,103.90,47.95,32.2,1.0767,110.8,204.06,10,93.78
L1,M1,112.61,52.85,61.5,1.0202,113.1,167.77,11,94.53
L2,M1,104.13,53.01,36.5,0.9478,137.4,223.96,10,94.90
L2,M1,104.10,46.13,58.3,0.9958,109.5,173.45,8,97.02
L2,M1,105.62,52.81,,1.0742,110.3,170.61,1,95.15
L1,M1,103.30,47.34,58.6,0.5269,119.2,150.89,1,93.93
L1,M3,100.79,52.32,36.6,1.1344,110.8,195.58,11,96.23
L2,M2,109.23,,44.8,1.0153,125.4,181.25,3,95.49
L1,M3,100.82,49.95,52.8,1.1990,118.5,207.49,10,93.27
L2,M2,96.38,46.86,67.3,1.4083,96.1,187.53,11,94.14
L1,M3,105.09,47.17,45.7,1.0117,135.4,159.55,9,93.46
L2,M1,102.05,49.93,28.0,1.1881,125.6,187.01,9,95.79
L2,M3,95.32,51.63,47.5,0.7983,114.5,170.22,4,94.18
L2,M2,,51.26,47.8,1.0932,112.1,215.47,9,93.39
L1,M3,97.36,52.17,47.3,0.8811,129.8,224.15,3,91.53
L1,M3,112.20,,55.5,1.1740,116.6,240.52,4,93.20
L1,M2,104.85,49.73,46.5,1.1864,125.6,164.59,1,95.22
L2,M3,97.55,49.07,42.8,1.1494,123.1,188.11,11,93.57
L1,M3,105.30,49.36,52.1,1.2769,,220.17,10,94.86
L1,M2,102.89,48.93,54.6,1.1615,116.5,206.68,8,94.39
L1,M3,99.33,46.59,61.4,0.8501,117.3,211.12,6,92.99
L1,M1,90.44,48.71,42.5,1.2736,107.7,213.45,7,93.87
L1,M1,102.51,51.80,52.1,1.0800,134.5,207.55,10,93.81
L2,M1,96.32,46.23,42.2,0.8701,129.0,238.97,7,94.89
L2,M2,110.19,50.68,54.0,1.1184,134.5,179.11,11,96.60
L1,M2,101.87,51.85,52.0,0.7404,121.0,215.03,1,92.46
L1,M1,96.29,53.15,60.9,0.9954,144.5,241.16,11,93.64
L1,M3,99.35,51.49,32.6,1.1776,127.0,220.07,1,94.21
L1,M2,96.62,50.56,,1.1578,104.4,195.61,7,94.23
L1,M2,98.22,55.63,54.6,0.8768,121.2,192.35,10,94.46
L2,M2,109.02,56.26,39.0,1.0268,,211.56,2,94.73
L1,M3,103.01,51.61,42.6,1.0272,,179.19,1,92.87
L1,M3,107.55,51.14,58.5,1.0815,113.6,214.54,1,92.52
L1,M2,107.01,50.44,57.0,0.7127,135.5,204.15,10,93.60
L1,M3,96.33,48.26,67.8,0.8658,127.7,224.20,6,93.85
L2,M2,99.53,50.83,28.0,0.9085,120.4,192.17,11,95.78
L2,M1,103.32,51.19,28.0,1.3490,133.9,194.28,4,94.18
L2,M1,90.86,52.53,47.5,0.9308,134.1,230.29,8,96.28
L2,M1,98.97,52.03,69.9,1.0726,120.0,210.63,1,95.52
L1,M1,106.32,47.03,43.8,0.7747,100.6,185.65,10,95.41
L2,M2,94.93,54.79,66.1,0.8227,121.0,195.98,3,94.10
L1,M3,111.59,47.97,48.9,0.8241,127.0,173.44,9,93.76
L2,M3,102.14,46.18,50.6,0.8505,123.4,205.01,1,95.41
L1,M2,100.93,48.91,34.3,1.0772,112.4,207.26,10,94.31
L1,M1,98.83,51.67,56.3,1.0270,127.8,192.22,2,93.43
L1,M3,96.59,50.45,60.3,0.8543,114.1,230.06,7,94.50
L1,M2,102.79,51.83,43.7,0.5238,110.2,188.76,8,92.99
L2,M3,99.36,48.04,53.5,0.8852,129.1,216.06,7,93.65
L2,M2,96.86,49.91,55.4,0.7882,125.5,221.59,9,92.63
L2,M3,93.90,51.12,69.4,0.9255,108.2,252.63,9,93.40
L2,M2,104.75,49.28,36.7,0.9806,132.0,205.26,2,96.19
L2,M3,96.13,50.16,47.3,0.9656,105.8,205.79,10,94.75
L1,M3,97.61,53.29,47.0,1.2469,128.2,205.33,7,94.33
L2,M1,98.81,48.22,47.0,1.0223,109.3,191.73,7,94.67
L1,M2,97.12,50.97,33.9,1.0784,131.6,194.73,5,94.95
L1,M2,101.02,53.50,53.1,0.9059,135.5,136.87,4,94.35
L1,M3,103.78,48.95,67.0,1.2515,129.4,206.34,10,94.08
L2,M1,102.47,49.15,51.9,0.8986,110.2,244.50,4,96.28
L1,M3,104.82,48.69,,0.9701,114.9,236.63,9,93.76
L1,M3,94.22,49.00,28.0,0.9792,,214.19,10,94.79
L1,M2,97.22,51.05,48.0,0.8959,124.7,179.00,7,92.79
L1,M2,100.14,48.86,59.6,0.5122,140.9,194.00,7,94.03
L2,M2,98.02,49.24,46.7,1.1359,115.6,165.65,7,94.54
L1,M2,104.90,46.25,41.8,0.9133,,232.02,5,92.28
L2,M2,101.05,48.13,49.2,0.9453,127.4,184.82,2,93.67
L1,M3,104.24,49.18,36.3,0.7301,116.1,159.55,7,93.78
L1,M2,103.72,48.63,59.9,0.8431,122.2,200.77,4,94.71
L2,M1,104.46,49.90,54.5,1.3442,124.2,234.28,8,94.25
L1,M3,98.13,49.72,53.1,1.0887,112.7,229.11,7,94.23
L1,M2,100.82,50.18,48.9,0.7038,118.4,208.72,11,94.63
L2,M3,102.02,48.39,50.3,1.2612,121.8,179.73,9,92.06
L2,M3,107.60,47.73,46.7,0.6652,130.3,225.74,6,96.69
L1,M3,92.86,47.93,48.4,0.8829,,184.01,4,93.15
L2,M3,90.14,47.71,72.0,0.7620,124.5,190.54,8,95.54
L1,M2,104.02,52.85,51.4,0.9972,119.4,178.59,6,95.58
L1,M1,98.33,50.80,58.3,0.7013,127.1,191.02,9,95.77
L1,M2,94.41,50.17,63.0,0.8557,131.3,192.48,10,95.00
L2,M3,103.99,44.50,62.8,1.2242,111.8,193.06,1,95.12
L1,M2,104.16,52.16,40.9,0.9548,103.9,181.28,10,93.34
L2,M2,88.91,49.11,49.0,1.0426,123.8,183.98,4,95.69
L1,M1,86.32,47.74,54.3,0.6896,124.3,167.04,6,94.46
L2,M3,97.09,50.72,42.2,0.7508,142.0,207.52,1,96.50
L2,M3,101.37,47.25,48.2,1.1797,126.7,188.18,11,93.60
L2,M3,93.93,53.07,56.3,0.9741,,208.01,3,93.25
L1,M2,89.07,52.21,48.6,0.8126,132.7,193.87,6,94.72
L2,M1,97.84,50.42,55.3,1.2803,130.9,202.41,1,93.47
L2,M3,96.32,51.59,72.0,0.8652,125.3,147.13,8,95.02
L1,M3,93.63,49.54,49.5,1.1214,120.8,213.96,2,93.83
L1,M2,107.01,48.47,28.8,0.9539,131.3,158.08,11,93.55
L1,M1,102.19,50.38,43.2,0.9415,142.5,202.81,1,93.58
L2,M1,98.12,49.53,43.9,0.8800,121.6,170.32,4,94.76
L1,M2,96.81,49.20,61.4,0.9795,120.2,220.91,3,94.26
L1,M3,101.73,49.84,,1.0563,138.1,206.09,11,92.95
L2,M2,97.56,53.35,55.0,0.8582,133.2,194.11,8,95.06
L1,M2,106.36,51.12,43.3,0.9742,130.3,169.07,2,93.37
L1,M2,91.38,46.32,36.2,1.0062,135.4,203.68,5,93.72
L2,M2,93.09,51.27,54.5,0.9507,131.5,199.35,4,95.83
L2,M3,94.09,51.31,28.0,0.8249,122.6,204.34,11,94.65
L1,M1,88.67,53.98,53.5,1.1096,118.7,200.41,4,95.11
L2,M1,104.68,48.97,56.8,0.9038,,179.58,4,95.03
L2,M1,96.47,50.14,48.0,0.9707,118.7,217.46,4,93.33
L1,M2,93.83,52.69,44.6,1.1063,129.9,200.43,4,93.39
L2,M3,100.41,51.66,58.5,1.0951,126.0,200.50,2,94.86
L1,M3,104.50,50.93,29.4,1.5973,123.7,217.28,5,95.27
L2,M3,104.56,47.46,42.5,1.0973,116.6,185.92,11,94.65
L1,M1,103.39,50.41,48.7,1.2304,142.1,185.24,2,92.70
L1,M2,97.29,50.92,61.2,1.0189,117.8,212.30,9,93.92
L2,M2,93.70,52.04,32.1,1.0124,130.4,176.52,9,95.00
L1,M2,94.18,49.74,35.9,1.0974,123.9,183.82,2,93.47
L2,M2,108.27,52.04,36.6,1.0351,135.5,194.39,11,94.50
L2,M2,101.68,50.80,54.8,0.8228,111.1,187.24,1,93.15
L2,M1,94.65,50.12,48.2,1.0072,130.2,209.34,7,95.77
L2,M2,98.86,50.37,60.5,0.8345,124.3,239.22,5,93.63
L1,M1,98.44,51.97,28.0,0.9515,130.5,182.94,7,96.76
L1,M3,102.74,49.08,69.8,1.1729,132.5,169.98,10,95.22
L2,M1,94.87,48.11,40.4,0.8124,,211.10,1,94.30
L1,M3,102.93,49.04,50.3,1.2590,124.1,217.61,10,95.39
L2,M2,94.77,53.91,59.8,1.0547,135.5,156.24,5,94.78
L1,M1,107.69,48.74,52.4,0.8804,117.2,155.62,6,94.16
L2,M1,102.35,49.24,49.4,1.4931,109.7,213.81,5,93.69
L2,M2,93.34,47.72,43.9,0.8980,114.7,198.98,2,95.85
L1,M2,103.13,49.76,62.8,0.7603,112.2,193.78,5,93.59
L1,M1,,48.26,63.1,1.3618,117.2,205.85,5,94.95
L1,M3,101.70,50.49,48.1,0.8459,102.5,216.82,6,94.46
L1,M2,95.83,,50.4,0.9338,131.0,215.46,11,94.03
L2,M3,95.18,46.25,55.9,0.9722,120.0,198.91,7,95.56
L2,M3,99.38,52.16,49.6,0.8963,,187.75,9,95.09
L1,M1,105.91,47.91,35.1,1.0450,112.5,186.26,8,94.09
L2,M1,96.41,50.11,28.0,1.3502,113.1,232.57,1,93.35
L2,M1,104.92,48.13,47.4,0.3878,128.4,212.58,11,96.58
L1,M1,101.00,47.23,,1.4269,130.2,208.99,7,95.06
L1,M1,103.72,49.32,57.2,0.6968,119.8,206.83,5,92.78
L1,M3,91.56,51.67,51.7,0.9536,107.7,160.84,5,92.93
L2,M3,105.61,47.66,41.2,0.8587,107.9,204.32,7,94.54
L2,M2,,47.57,34.3,0.7620,137.8,164.14,10,93.96
L1,M1,96.22,50.93,70.9,1.2429,115.8,202.44,6,93.18
L2,M2,99.41,51.79,38.1,0.9936,125.9,216.34,9,95.19
L1,M1,100.41,44.92,68.4,1.1245,127.1,194.91,7,96.33
L1,M2,97.23,46.14,28.0,1.1579,110.4,189.41,10,93.85
L1,M1,105.20,46.86,58.7,1.2005,121.9,206.80,8,92.92
L2,M1,99.88,50.06,35.7,1.2283,137.0,189.94,3,94.90
L2,M2,103.61,46.09,43.1,1.0102,121.3,197.62,8,95.32
L2,M3,101.79,47.72,61.2,1.3754,118.3,207.75,10,94.78
L1,M1,110.61,48.72,39.1,1.2575,,173.41,9,94.65
L2,M2,95.27,49.22,53.7,1.4651,137.6,205.01,8,94.87
L2,M1,103.78,50.34,,0.9591,106.0,202.11,11,96.92
L2,M2,99.60,51.08,48.0,0.9395,116.2,200.24,9,93.04
L2,M3,95.83,50.89,51.9,1.2474,121.2,198.96,7,92.95
L2,M1,94.95,50.91,59.8,0.5908,115.1,232.81,1,93.82
L2,M2,100.01,50.67,50.6,1.2780,135.2,174.72,9,95.56
L2,M2,105.75,48.09,49.2,0.7263,124.8,235.10,6,94.32
L1,M3,114.12,49.95,39.8,0.8673,133.7,193.40,6,93.92
L2,M3,97.07,52.40,43.2,1.0244,133.0,228.33,9,93.93
L2,M1,90.61,50.11,48.7,0.6736,121.7,199.42,4,95.90
L2,M2,99.00,50.54,54.8,1.2957,108.2,232.63,9,96.47
L1,M2,95.68,46.48,43.0,1.0711,128.2,156.94,10,96.54
L2,M2,98.04,52.51,51.5,0.8009,122.7,188.77,1,92.94
L1,M2,98.91,,54.3,0.7976,129.3,212.20,7,94.57
L1,M1,95.57,50.81,51.3,1.2756,124.7,243.35,10,94.28
L1,M2,103.71,49.41,41.4,0.9689,114.3,216.23,3,92.76
L1,M2,103.57,51.37,53.1,0.6678,,190.09,1,93.73
L2,M3,,52.03,55.1,1.0613,121.5,251.88,5,94.74
L1,M2,95.74,48.50,57.8,0.6069,131.1,182.76,4,94.25
L1,M3,96.00,56.89,53.8,1.3051,112.9,178.16,4,92.89
L1,M2,102.76,51.54,62.7,1.2345,138.8,204.35,10,96.35
L2,M3,100.28,53.27,51.9,0.8797,118.0,197.58,8,95.51
L1,M3,104.07,50.13,51.6,1.2852,111.8,207.17,8,92.81
L2,M2,102.59,53.27,32.5,0.8586,121.3,219.78,4,93.63
L2,M1,94.78,49.25,54.5,1.1911,122.7,192.39,9,93.95
L2,M2,102.41,50.39,41.0,1.0989,120.3,228.31,6,94.53
L2,M2,100.12,49.67,52.3,0.9574,112.1,170.69,2,92.25
L1,M3,97.55,48.15,41.5,1.1348,128.0,163.82,2,91.95
L2,M1,107.06,51.76,,1.0910,105.1,196.03,1,93.71
L1,M2,108.10,46.21,39.8,1.0319,113.5,260.39,1,94.59
L2,M2,97.55,50.50,28.0,1.3441,112.8,222.97,11,93.18
L1,M1,111.59,47.51,58.5,1.0263,145.5,210.92,4,92.55
L2,M2,99.58,49.47,62.5,1.2201,112.8,206.97,10,94.28
L1,M2,99.58,51.59,53.7,0.8440,122.9,188.05,1,91.69
L1,M2,101.05,50.11,48.1,1.0831,138.8,193.80,5,95.35
L1,M1,95.45,51.47,49.6,0.8673,111.0,168.48,4,93.81
L2,M1,98.33,48.51,40.4,0.9014,91.4,208.58,7,94.55
L1,M1,98.06,52.03,46.0,1.1629,131.4,226.59,8,93.27
L1,M3,96.26,47.49,66.3,1.2688,119.2,212.31,3,93.23
L2,M1,102.29,48.39,66.7,1.3315,100.5,200.49,8,94.27
L2,M2,108.33,48.95,62.9,1.1989,125.5,175.18,8,92.81
L1,M1,97.68,49.51,45.6,0.9595,121.3,167.07,4,95.13
L2,M1,99.35,49.79,48.4,1.0573,129.3,173.18,6,93.65
L1,M2,102.62,49.13,49.5,1.1925,125.3,220.40,3,94.10
L2,M1,95.78,48.73,51.0,0.9435,107.2,145.60,10,94.39
L2,M2,109.50,48.82,47.5,1.0767,129.5,192.27,5,93.49
L2,M3,103.39,53.50,43.3,0.8823,131.5,213.66,4,94.74
L1,M1,102.31,51.16,37.1,0.9469,99.2,181.21,1,92.79
L2,M1,91.15,50.61,36.4,1.1592,120.2,200.62,4,93.55
L2,M3,104.02,49.52,51.9,1.3128,108.8,183.44,4,93.82
L2,M2,102.47,50.44,37.9,0.7734,107.9,184.97,3,95.07
L2,M1,89.94,47.23,37.9,0.9384,125.9,136.56,6,94.39
L1,M3,98.36,55.18,46.5,1.0304,128.8,234.86,8,94.59
L1,M3,,47.10,43.6,0.7903,122.8,216.08,10,93.20
L2,M1,102.54,51.22,50.9,0.9541,,190.26,5,94.61
L1,M2,101.19,52.22,48.7,1.2100,122.8,177.14,10,92.91
L2,M3,93.98,50.58,72.0,0.9584,110.0,183.70,6,94.74
L1,M2,103.25,50.38,44.3,0.7527,127.1,181.09,7,94.79
L1,M3,104.21,48.04,56.9,1.0110,115.1,188.82,7,92.47
L1,M2,95.64,51.17,70.2,1.1028,140.2,173.79,6,95.10
L2,M3,96.07,49.76,47.3,0.8004,108.8,195.21,11,94.81
L2,M3,106.97,50.92,42.7,0.8170,110.5,177.52,11,92.89
L2,M3,102.01,50.60,41.4,0.9819,121.1,204.56,7,95.52
L1,M3,100.25,52.91,52.6,0.9692,119.8,205.66,3,92.78
L2,M3,105.44,50.37,28.0,0.8965,129.6,188.17,5,96.64
L1,M1,100.94,48.41,,0.5944,119.1,200.25,6,93.92
L1,M1,96.89,46.66,44.6,1.0351,121.8,206.89,7,94.60
L1,M1,99.84,51.32,69.0,0.9463,129.4,184.67,10,94.32
L1,M2,105.56,54.46,68.9,0.6470,128.8,201.59,8,95.53
L1,M2,92.99,53.23,65.2,1.1807,127.2,182.72,10,94.96
L1,M1,100.66,44.26,44.4,1.1289,131.7,225.15,8,94.65
L2,M3,100.57,50.95,61.4,1.2543,117.7,195.93,4,95.20
L2,M1,96.23,48.05,44.1,1.1166,113.3,229.55,6,93.34
L2,M1,99.84,49.54,57.1,1.1933,122.0,199.46,6,93.49
L2,M1,106.47,50.88,72.0,1.0051,116.8,169.84,7,95.19
L1,M1,82.97,49.38,49.7,1.2930,108.7,161.35,5,92.66
L2,M2,105.68,50.19,55.0,0.6389,138.5,198.60,7,93.18
L1,M2,100.54,51.60,43.0,1.3086,113.6,165.62,2,93.50
L1,M2,104.10,54.85,47.3,1.1612,111.5,224.74,10,93.52
L1,M1,103.47,50.22,52.4,0.9485,142.3,165.38,3,95.55
L1,M1,100.91,51.70,48.4,1.1119,100.6,175.34,4,95.43
L1,M3,96.34,50.64,60.4,1.2415,131.5,227.63,3,92.16
L2,M1,111.27,48.67,68.6,1.2555,125.8,228.08,6,96.52
L2,M1,96.11,48.21,29.3,1.0940,134.1,231.73,2,93.43
L1,M3,93.39,52.61,45.4,0.7664,109.3,202.43,4,92.88
L1,M1,98.19,51.85,33.6,1.4626,129.8,160.75,9,91.81
L1,M3,106.14,50.08,36.0,0.8557,128.8,201.13,6,93.83
L1,M2,95.81,51.08,58.8,0.9686,123.1,172.73,4,92.27
L2,M2,89.00,48.07,32.2,1.4108,119.0,170.20,8,95.87
L2,M3,97.31,50.94,54.1,0.7632,109.1,208.98,2,94.42
L1,M2,105.03,48.87,50.5,0.9592,125.6,204.80,8,93.02
L2,M1,94.86,51.66,59.1,0.8508,116.4,172.94,9,95.19
L2,M1,101.41,50.41,58.3,0.8809,126.5,186.05,7,94.20
L2,M3,104.91,53.12,44.0,0.6591,121.6,204.49,3,94.47
L1,M1,,49.98,64.7,0.5689,124.6,214.78,9,96.19
L2,M3,86.93,50.43,57.5,1.0037,118.6,214.10,7,93.75
L1,M3,95.67,53.12,57.8,0.9668,115.8,194.14,8,92.97
L1,M3,96.06,47.20,43.6,0.8946,126.9,171.79,2,93.08
L1,M2,101.30,46.24,43.2,0.8332,135.1,229.22,5,93.46
L1,M3,95.13,49.25,38.3,0.9785,108.1,169.50,9,94.99
L1,M3,93.02,,59.4,0.7799,109.6,236.28,7,92.96
L1,M1,91.65,48.51,46.8,1.0303,114.0,209.09,3,91.61
L1,M2,99.52,46.08,63.9,1.0909,130.4,223.39,11,94.83
L1,M2,99.94,46.51,39.1,0.9165,114.1,185.16,9,94.24
L2,M3,90.57,48.99,37.5,0.8711,126.9,166.43,4,95.14
L1,M1,95.55,52.31,35.9,0.7052,126.4,180.71,10,95.41
L2,M2,95.66,51.49,42.1,1.1278,119.3,206.07,9,94.88
L2,M1,97.22,50.95,40.6,0.7983,116.7,201.63,6,94.49
L2,M1,102.59,53.90,,0.7483,129.4,176.05,3,94.18
L2,M1,99.00,52.47,31.3,1.1592,134.9,180.55,6,93.63
L1,M1,99.99,49.08,37.8,1.2844,130.5,200.92,5,94.91
L2,M3,98.14,43.47,68.1,0.9728,,190.21,10,95.96
L2,M1,99.86,51.83,62.8,1.0201,113.6,162.31,4,93.00
L1,M2,104.23,50.90,42.6,1.1388,120.3,183.56,1,95.80
L2,M2,105.06,50.53,42.7,1.2123,116.1,168.91,2,94.21
L2,M1,105.72,48.60,47.6,1.0258,135.6,178.68,1,94.33
L2,M3,93.05,51.11,46.9,1.0003,97.2,180.76,2,93.56
L1,M3,109.29,47.11,46.0,1.1475,120.4,186.56,11,95.08
L1,M2,101.22,51.45,48.2,0.9953,117.4,216.94,11,93.49
L2,M2,94.79,49.69,63.4,1.0028,129.3,194.44,8,93.49
L2,M3,100.93,50.70,54.5,0.7635,127.8,195.89,1,92.62
L2,M3,,54.12,59.2,0.9638,115.1,216.53,3,92.99
L1,M1,87.99,51.34,41.1,0.7805,129.9,207.66,5,93.62
L2,M3,104.77,50.02,52.2,0.8699,106.1,169.03,6,94.77
L2,M1,93.14,53.33,64.4,0.9673,129.1,178.62,1,92.63
L2,M3,107.53,45.55,58.5,0.8627,125.7,236.71,8,93.92
L1,M3,107.16,51.50,59.1,1.3140,116.9,196.98,6,92.89
L1,M3,106.65,51.39,46.3,1.2163,134.4,195.78,11,95.66
L2,M3,103.72,50.45,52.6,1.2045,120.2,187.48,6,95.62
L2,M3,96.73,51.66,63.2,1.3895,107.5,169.73,4,95.97
L1,M1,100.42,51.74,44.3,1.2752,126.7,210.07,6,93.92
L2,M2,95.86,47.91,38.3,1.1151,115.2,189.65,7,94.42
L1,M1,99.28,,41.4,1.0501,117.4,178.89,6,94.75
L2,M1,102.42,47.58,37.0,1.1392,124.7,194.28,10,94.99
L1,M1,105.80,,67.6,1.4573,136.9,199.86,8,94.44
L2,M3,99.91,47.53,45.2,0.9976,121.9,204.83,2,92.57
L2,M2,88.37,,35.8,1.0099,102.9,205.95,8,94.09
L1,M1,102.08,47.45,58.4,1.0967,108.2,194.43,11,95.42
L1,M3,93.95,48.39,44.4,0.7123,105.5,222.06,8,94.29
L1,M2,106.47,51.32,43.0,0.7549,125.6,157.02,7,94.00
L2,M3,101.63,48.60,52.2,0.9791,134.1,197.28,10,95.38
L1,M3,94.32,47.35,53.9,1.2916,100.5,201.42,8,95.65
L2,M2,93.75,46.81,59.6,0.7414,123.7,204.46,7,95.17
L2,M2,101.65,51.28,59.2,1.1113,119.9,181.93,10,95.40
L2,M2,,51.99,64.6,0.8514,118.3,168.61,9,94.83
L1,M1,98.88,45.93,52.1,1.4240,150.7,225.45,5,92.89
L1,M3,90.27,51.77,33.6,1.3762,137.9,208.74,2,94.63
L1,M3,91.88,53.11,54.3,0.9983,115.3,184.79,3,92.49
L2,M3,94.06,49.77,52.5,1.2310,124.1,173.54,2,93.36
L2,M1,,50.65,49.0,0.7980,,195.58,7,94.46
L1,M1,105.61,51.07,48.2,0.5856,134.6,156.89,10,93.99
L2,M2,96.83,46.43,38.5,0.8095,112.1,195.16,6,93.04
L1,M3,92.27,50.01,44.1,0.8708,142.8,151.90,6,92.15
L2,M2,103.66,50.19,60.1,0.9582,121.1,210.06,8,93.94
L1,M3,98.97,44.87,55.8,0.8901,127.4,226.47,4,92.68
L1,M2,98.83,50.68,37.1,1.0373,107.7,215.24,11,94.66
L2,M2,106.24,47.59,59.5,1.0480,135.8,228.73,2,93.57
L1,M1,97.81,51.38,62.7,0.8448,111.7,208.62,11,92.10
L2,M1,105.74,51.73,63.2,0.5604,121.3,187.68,2,95.72
L2,M3,112.75,51.89,44.8,1.2489,119.2,197.47,3,92.72
L1,M1,95.34,,57.4,0.8765,129.7,184.44,9,91.65
L2,M3,99.34,47.87,,1.2447,134.7,195.17,10,95.36
L2,M2,98.02,49.45,,0.8342,123.8,214.22,1,93.67
L2,M1,88.88,50.43,33.7,0.7839,120.3,144.72,4,92.68
L1,M2,101.04,50.19,55.0,0.9086,,223.90,1,94.17
L1,M1,94.99,49.78,48.0,1.0863,109.2,215.40,7,94.29
L1,M2,94.75,47.53,31.5,1.0317,106.0,218.53,3,93.41
L2,M2,96.70,49.24,44.1,0.8352,122.3,208.65,11,94.58
L2,M2,107.92,51.04,55.0,0.7613,,188.41,9,93.25
L1,M1,101.66,48.60,69.1,1.3232,101.5,185.82,11,94.55
L1,M2,98.39,50.65,42.6,0.9256,121.1,163.62,6,94.13
L1,M3,94.53,50.10,69.1,1.3416,119.9,239.52,10,95.05
L1,M1,94.65,47.17,57.5,0.9183,125.2,202.42,11,94.89
L2,M3,96.66,51.94,37.8,1.4079,122.7,185.23,4,94.03
L2,M2,111.43,54.03,28.5,0.5631,115.6,198.19,5,94.51
L2,M3,93.70,49.75,36.3,1.3538,103.3,187.98,5,93.54
L1,M2,100.37,48.99,50.5,0.8201,122.1,240.38,6,93.67
L2,M1,99.35,50.66,65.9,0.9536,139.5,186.55,4,94.32
L1,M2,92.62,48.57,51.0,1.2218,130.8,208.23,8,93.43
L1,M1,102.08,46.98,57.5,0.9587,121.2,183.63,4,91.87
L1,M1,105.39,53.96,46.3,0.6592,121.0,244.35,2,92.55
L2,M3,97.89,47.89,72.0,1.0506,110.4,225.95,7,95.42
L1,M3,100.35,50.89,39.5,1.3984,127.6,166.95,3,93.96
L1,M3,93.57,,52.9,0.8214,102.9,197.19,4,92.80
L1,M2,100.80,51.15,40.7,0.8759,144.9,216.53,2,93.30
L2,M2,109.66,50.10,44.6,1.1402,133.9,190.03,10,93.79
L1,M2,101.04,49.23,,1.0373,124.1,193.62,5,94.34
L1,M3,100.40,50.94,62.9,0.7297,121.5,202.27,1,93.88
L1,M3,100.17,49.68,54.9,0.9391,121.7,181.00,10,95.37
L2,M1,95.37,46.50,55.8,1.0057,120.4,181.97,1,93.52
L2,M2,93.23,53.64,35.9,0.6422,122.7,196.92,7,93.41
L1,M1,95.57,54.14,,1.1172,132.2,178.69,3,94.58
L1,M2,102.38,51.32,61.7,1.0214,111.9,238.39,3,94.43
L1,M3,89.06,49.61,53.1,0.8142,119.0,200.15,5,94.82
L1,M1,,47.78,65.8,1.1308,123.7,198.64,5,94.76
L1,M3,97.70,50.75,52.6,1.0056,118.9,160.22,1,93.72
L2,M3,102.63,45.49,56.2,1.0584,115.1,163.99,5,94.32
L1,M1,93.51,45.97,54.1,1.3808,119.0,227.43,3,95.11
L2,M1,107.90,50.61,72.0,1.0616,132.6,190.58,7,95.41
L1,M1,94.57,49.98,45.8,0.9455,103.0,190.41,3,95.68
L2,M3,106.62,49.95,38.2,1.2320,125.1,229.54,4,94.84
L1,M3,98.39,48.99,60.3,1.4985,146.5,230.91,6,95.53
L1,M2,114.32,46.34,66.1,0.8918,115.9,209.13,3,94.32
L1,M3,101.70,50.43,45.2,1.0504,,186.88,5,95.07
L2,M1,102.40,52.29,47.5,0.9483,126.8,198.06,9,96.44
L1,M1,91.54,46.21,72.0,1.0309,105.6,189.64,5,93.42
L2,M1,97.67,55.39,68.3,1.1704,117.4,193.18,2,93.17
L2,M3,104.03,48.19,41.1,0.7165,117.5,204.19,9,94.22
L1,M2,97.22,49.78,41.7,1.1013,133.6,197.96,3,92.42
L2,M3,104.99,49.82,61.1,1.1224,117.7,241.35,7,95.67
L2,M2,,48.24,48.6,1.5590,104.7,169.58,3,93.14
L2,M2,100.70,50.48,53.0,0.9559,107.2,161.93,6,95.61
L2,M3,99.17,49.24,51.1,1.2358,128.0,209.43,9,95.71
L1,M1,110.26,52.46,33.3,0.8327,128.1,210.13,6,91.74
L2,M2,91.11,47.75,,1.0916,124.7,170.98,5,94.12
L2,M1,102.87,50.01,52.5,1.2063,121.5,218.63,2,94.55
L1,M2,99.78,51.13,45.1,1.0382,126.8,189.67,10,94.54
L2,M3,96.93,50.85,54.8,1.0445,123.9,197.46,1,93.12
L2,M3,101.18,48.25,47.5,1.0216,117.3,160.74,8,93.91
L1,M1,104.04,48.37,37.8,1.1578,104.4,175.54,5,95.31
L2,M3,95.42,49.88,28.0,0.9579,100.4,209.88,1,93.26
L2,M2,102.06,50.83,57.2,1.2294,114.5,186.22,4,94.23
L1,M2,107.65,49.79,28.0,0.9793,120.1,211.21,10,94.94
L1,M2,108.36,45.80,51.3,1.0210,134.1,206.34,5,95.38
L1,M1,103.93,47.08,51.5,0.9185,112.2,195.89,1,93.99
L2,M3,97.52,49.10,38.4,0.8345,110.6,205.15,1,93.03
L1,M2,106.91,48.05,50.1,1.0149,104.4,176.59,10,94.74
L2,M1,104.38,51.78,59.9,0.9177,134.0,189.25,1,94.25
L2,M2,103.56,48.31,30.4,1.1372,124.8,187.30,2,93.56
L2,M1,89.92,51.85,72.0,0.9192,122.8,177.43,11,94.93
L2,M2,102.59,52.57,51.1,1.0203,119.2,195.69,11,95.98
L1,M1,96.03,52.65,42.4,1.1490,125.2,237.87,1,95.60
L1,M2,95.18,47.09,58.2,0.7075,114.1,169.96,3,95.00
L2,M3,99.78,47.08,28.0,0.9953,127.8,238.13,10,95.01
L2,M3,105.26,52.01,47.3,1.2701,140.3,240.31,6,95.14
L1,M2,105.47,51.80,,0.7574,130.0,205.83,3,94.34
L2,M3,96.18,52.59,51.6,1.1167,126.7,167.66,4,93.29
L1,M1,99.34,50.42,36.7,0.9701,117.1,232.87,8,94.11
L1,M3,,47.63,56.0,1.0245,139.2,192.79,5,92.52
L2,M1,102.27,47.70,30.2,1.0066,112.2,225.66,9,96.72
L1,M2,107.37,51.20,56.8,1.3573,119.9,220.53,6,95.01
L2,M3,96.17,52.15,,0.7161,116.2,213.42,2,93.75
L2,M3,101.47,51.82,54.8,1.0525,123.7,175.86,4,93.86
L1,M2,101.04,49.52,46.0,1.0058,130.9,229.87,4,94.24
L1,M2,88.95,50.99,58.4,0.8007,133.9,157.20,4,96.36
L1,M1,106.90,49.70,61.5,0.9957,106.1,157.72,3,92.67
L2,M2,96.50,51.38,59.2,1.1151,86.2,222.31,2,95.19
L2,M1,103.94,46.77,52.6,1.2477,120.7,186.76,8,95.92
L2,M3,96.39,51.39,39.9,1.0568,121.0,215.86,8,94.18
L2,M2,96.34,52.15,61.4,0.8938,115.0,169.00,6,92.94
L2,M1,105.56,51.69,60.7,1.0995,127.9,176.47,5,95.56
L1,M1,97.47,49.17,36.7,1.3734,116.8,192.88,8,95.13
L2,M3,94.11,51.38,44.3,1.2632,113.3,195.83,8,94.10
L1,M3,103.80,51.70,49.0,1.0420,117.7,227.05,4,95.61
L1,M1,99.09,52.83,,0.9209,113.4,175.03,6,93.00
L1,M2,92.76,50.29,49.9,0.7300,132.3,201.17,1,95.29
L2,M2,105.75,50.06,46.8,0.8282,98.2,181.81,1,91.09
L1,M1,93.16,,46.4,1.0037,108.4,180.98,3,93.95
L1,M2,102.31,51.87,42.0,0.5823,120.1,235.46,2,93.49
L2,M3,104.32,50.28,39.1,1.1086,100.4,152.35,3,92.70
L2,M1,93.98,47.46,46.1,1.2694,126.4,148.86,1,94.91
L1,M1,97.17,51.43,43.9,1.1163,102.1,216.80,7,96.34
L2,M3,104.46,46.59,42.0,1.2684,111.5,178.40,10,96.58
L1,M3,94.37,52.03,32.3,1.1344,121.1,191.87,10,92.70
L2,M2,101.66,49.97,32.8,0.5356,101.8,204.72,8,95.71
L2,M3,99.01,50.92,48.3,0.9548,,201.20,4,94.48
L2,M1,106.68,51.92,50.6,0.7098,121.3,179.70,1,93.66
L2,M3,101.05,47.63,41.5,0.9129,113.0,189.21,2,93.44
L1,M3,99.24,51.34,54.8,1.2416,117.2,217.60,7,96.00
L2,M3,94.78,51.28,42.7,0.7411,123.6,197.11,10,93.92
L1,M2,97.48,53.74,52.4,1.2017,122.9,206.12,10,94.04
L2,M3,103.65,53.01,66.3,1.1984,129.5,174.66,7,92.53
L1,M3,99.28,51.39,49.0,1.0708,120.3,206.23,9,96.86
L2,M2,100.66,46.73,63.4,1.0528,127.8,208.41,6,93.55
L2,M2,98.03,52.75,47.9,1.2683,117.3,181.55,9,94.29
L1,M3,109.65,50.34,65.7,0.4618,129.2,207.58,9,94.91
L2,M1,109.81,51.22,61.2,0.9554,124.6,193.57,8,94.67
L1,M2,104.54,49.29,31.4,1.1469,131.9,195.70,7,95.12
L2,M2,100.00,,58.7,1.0567,136.2,170.09,9,93.72
L2,M3,100.53,50.17,50.6,0.6471,112.3,189.98,5,93.56
L1,M2,98.91,50.38,46.1,0.7117,124.1,198.61,6,94.44
L1,M3,101.33,49.89,45.5,0.6867,105.6,222.39,3,92.93
L1,M3,107.43,49.08,57.0,0.7080,110.5,159.04,10,92.15
L1,M1,103.01,49.95,40.9,1.3439,109.1,163.68,3,93.45
L2,M1,89.65,50.75,48.1,1.2712,119.8,205.68,7,95.69
L1,M2,107.16,51.69,42.6,0.8446,123.3,217.37,1,93.45
L2,M3,104.66,49.91,37.6,0.9333,117.8,201.50,5,94.57
L1,M1,94.89,47.06,51.3,1.1314,128.5,217.83,9,95.84
L2,M3,106.58,52.14,,0.5461,113.6,169.87,7,94.87
L2,M3,97.76,48.13,39.1,0.8998,123.7,197.94,1,94.16
L1,M2,99.66,48.38,28.0,0.8623,111.1,228.38,7,94.69
L2,M1,96.04,43.84,39.2,0.5663,130.0,191.96,10,95.14
L2,M1,107.93,53.89,39.6,0.8740,,245.85,8,95.64
L1,M2,97.32,49.51,60.6,0.7159,118.3,204.48,6,94.34
L1,M1,94.61,48.82,40.4,1.2710,104.9,154.94,2,93.58
L2,M1,98.06,51.72,28.0,1.1556,104.8,221.90,6,93.79
L1,M1,100.15,50.78,43.5,0.9904,122.4,195.57,2,94.08
L2,M2,100.34,45.52,39.9,1.1864,125.3,178.18,3,94.96
L1,M1,,48.68,54.4,1.0867,129.5,185.88,3,94.11
L2,M2,102.49,48.32,40.7,1.0411,131.1,205.87,3,93.17
L2,M2,102.75,45.56,35.7,1.0397,121.4,191.53,11,93.35
L2,M2,93.12,51.50,28.5,0.9434,109.6,204.63,3,92.84
L2,M2,92.31,46.39,61.7,1.1295,108.4,210.98,2,95.19
L2,M2,99.42,48.03,40.6,0.9052,110.2,200.43,7,94.19
L1,M2,105.19,46.40,50.7,1.1613,127.9,196.02,3,95.21
L2,M1,105.14,48.78,66.6,1.1976,105.2,205.09,10,93.91
L2,M3,106.34,52.40,44.6,1.0354,116.1,148.67,9,95.26
L1,M3,108.09,52.01,47.9,1.0192,107.1,187.11,7,94.19
L2,M3,102.73,47.82,42.8,1.1798,123.7,204.00,3,93.71
L1,M3,102.47,50.58,55.0,1.2602,130.6,236.56,8,93.96
L1,M2,91.97,48.26,50.6,0.7908,108.2,228.18,6,92.89
L2,M2,109.57,48.74,41.4,1.0902,110.3,234.21,8,97.16
L2,M1,99.19,44.77,69.6,1.1106,106.0,208.13,8,94.78
L1,M2,98.97,50.66,30.2,1.0147,98.2,151.36,6,94.91
L2,M1,103.57,52.57,50.3,0.8573,112.8,224.30,9,94.10
L1,M1,96.85,48.74,69.9,1.1233,101.4,172.50,9,94.87
L2,M2,104.78,48.96,52.3,1.2670,122.2,202.05,5,94.52
L1,M3,104.13,47.62,53.0,0.8076,113.3,210.24,9,93.56
L1,M2,96.55,46.49,72.0,0.7237,,205.08,1,93.54
L2,M1,99.68,49.64,39.4,0.9044,116.6,199.54,3,97.70
L2,M3,96.41,48.28,52.6,1.2421,122.3,189.98,11,92.96
L1,M1,88.65,49.03,50.7,1.0699,106.8,204.31,3,93.36
L2,M1,91.91,49.41,37.9,1.2107,127.4,171.17,11,95.83
L2,M1,109.76,48.72,49.2,1.0561,124.3,240.74,8,94.69
L2,M2,96.06,51.77,45.4,1.2620,126.8,156.48,6,93.37
L1,M1,102.54,48.86,72.0,0.8645,130.3,180.50,3,94.13
L1,M1,102.68,49.55,28.0,0.9351,142.3,203.74,1,94.61
L1,M3,98.80,52.05,36.9,1.0926,119.6,203.02,3,93.99
L1,M1,103.43,53.82,56.4,1.1277,130.3,208.46,2,93.75
L2,M1,102.93,52.35,45.0,1.1149,120.6,195.71,2,96.28
L1,M1,107.48,47.38,44.1,1.0926,109.2,241.99,4,92.07
L1,M2,112.75,51.28,,0.7014,125.5,180.41,10,95.40
L2,M2,100.24,52.20,50.3,1.3056,108.6,213.77,11,94.03
L2,M1,106.99,49.69,54.1,0.8477,119.9,200.47,2,93.20
L2,M3,98.43,,49.8,1.3174,121.6,172.59,3,94.14
L1,M1,95.80,50.12,37.9,1.1736,120.8,213.09,8,93.96
L2,M2,107.02,50.42,52.6,0.9823,109.0,193.71,9,96.66
L1,M1,101.56,47.08,,1.2074,124.4,160.63,8,92.32
L1,M3,,52.28,72.0,0.9618,119.6,186.21,8,93.96
L1,M1,104.58,54.20,43.5,1.2222,134.8,154.76,11,95.50
L1,M1,96.98,45.11,49.1,1.0234,124.8,195.01,11,95.48
L1,M1,96.54,47.97,,1.3176,126.7,253.38,4,93.30
L2,M2,102.95,48.90,34.6,1.1852,128.4,180.21,1,93.28
L1,M2,,49.51,64.4,0.7696,108.8,178.05,3,92.65
L2,M2,99.57,49.10,63.4,1.0337,121.9,185.33,2,95.82
L1,M1,97.14,50.63,49.6,0.9267,110.6,172.11,4,93.45
L2,M3,107.38,50.61,56.0,0.8951,111.5,194.96,2,92.23
L1,M2,107.76,49.04,,1.3235,126.7,231.01,11,93.86
L2,M1,100.82,45.77,42.1,0.7676,92.7,231.47,2,93.75
L2,M1,101.62,,59.4,0.9471,110.7,242.33,10,96.23
L2,M2,98.17,,40.6,1.0479,110.5,194.97,4,92.92
L1,M3,96.76,48.77,38.9,0.7686,125.1,165.75,4,95.54
L2,M1,104.91,50.85,61.3,0.9782,119.4,177.81,6,94.52
L2,M3,98.68,49.79,40.5,1.0623,131.0,216.78,6,92.53
L2,M2,103.36,,39.7,0.9043,107.7,209.54,9,95.92
L1,M2,97.28,51.85,55.8,0.8219,121.1,199.34,6,93.83
L2,M2,95.97,49.24,72.0,0.7809,120.2,170.71,8,94.39
L1,M1,98.77,,50.3,1.0116,122.8,245.72,10,94.73
L1,M2,110.33,49.92,54.2,1.3064,106.1,212.63,4,94.81
L2,M3,104.09,48.63,51.6,0.7306,130.8,163.80,10,94.04
L2,M3,98.36,51.88,63.0,0.8766,116.6,162.32,10,95.17
L1,M3,91.45,47.21,43.3,1.2787,119.3,220.27,11,93.39
L1,M2,97.24,48.06,40.0,0.7272,107.8,202.07,7,93.28
L1,M1,93.61,49.38,51.4,0.9653,130.3,158.09,4,92.71
L2,M3,99.31,51.56,56.9,1.3295,134.0,188.25,2,92.83
L1,M3,93.94,48.54,35.9,1.1329,112.0,223.01,11,94.97
L2,M2,96.38,52.63,56.5,1.2000,131.9,221.63,9,95.13
L2,M2,106.91,48.17,57.9,0.6632,125.8,191.93,10,94.09
L2,M1,107.82,53.04,32.1,0.8341,101.7,202.04,7,96.31
L2,M2,100.94,46.59,45.7,0.9865,117.3,196.77,7,94.37
L1,M3,97.48,52.19,58.0,1.1760,114.5,196.01,8,93.05
L1,M1,94.54,53.14,48.6,1.1500,111.9,208.28,8,93.15
L2,M2,107.54,47.65,46.7,0.9350,115.8,185.76,10,94.67
L1,M2,,50.03,52.5,0.6250,121.4,210.41,2,93.28
L2,M1,102.46,52.37,50.4,1.1155,121.3,196.22,4,93.98
L1,M2,94.72,50.43,57.6,0.8076,138.9,222.01,10,92.95
L2,M1,101.83,50.92,72.0,0.9396,100.2,189.10,3,93.61
L1,M2,98.75,51.54,48.7,0.7007,124.0,212.36,10,94.47
L1,M1,104.46,50.02,52.1,0.9563,124.9,204.49,7,93.90
L2,M2,98.93,52.32,47.9,0.9383,134.7,213.71,7,94.95
L2,M2,108.79,51.21,59.3,1.0829,125.0,169.24,10,92.98
L2,M1,90.89,52.65,46.8,1.2260,121.2,213.22,5,95.33
L2,M2,100.92,53.86,70.5,0.9346,124.5,229.96,8,95.04
L1,M1,95.47,52.85,52.7,0.9900,130.7,247.95,7,93.81
L1,M1,97.23,49.66,58.0,1.0726,138.9,219.24,11,96.03
L2,M2,98.87,50.79,51.3,1.0282,127.4,166.51,7,94.56
L1,M2,96.85,46.18,40.3,0.9910,130.0,181.33,10,95.13
L1,M3,93.14,51.60,39.3,0.6919,116.3,213.37,11,93.73
L1,M1,99.07,46.93,48.4,0.8217,114.4,167.52,5,94.50
L1,M1,109.09,48.07,39.7,0.9870,117.7,212.98,7,95.24
L2,M2,101.19,46.68,48.2,0.6868,110.4,212.80,3,94.60
L1,M1,96.88,47.87,42.7,0.7687,100.0,196.04,10,93.93
L1,M1,99.20,54.87,42.2,0.9551,93.1,201.89,6,92.07
L1,M1,96.40,50.41,60.4,0.9600,99.4,226.67,6,94.72
L1,M2,88.63,50.48,49.0,0.7811,128.7,183.15,8,94.43
L2,M2,105.37,51.52,32.5,0.7613,117.8,210.91,1,94.63
L1,M3,97.83,48.84,50.6,0.8596,,220.73,9,95.09
L1,M3,97.00,50.51,45.7,1.1590,120.3,182.70,5,92.12
L2,M3,106.30,46.35,54.4,1.3909,137.0,220.15,5,94.05
L1,M1,100.58,52.71,51.0,1.2595,128.2,226.54,8,94.20
