team,career_years,degree,job_rank,review_score,project_count,team_headcount,edu_hours,foreign_language,annual_pay_manwon
영업,10,고졸,선임,72.6,4,,72,고급,5232
마케팅,21,,수석,77.0,12,3,29,고급,8341
연구개발,25,학사,수석,63.4,9,0,52,초급,8751
경영지원,4,학사,사원,80.7,14,13,26,고급,4793
영업,13,석사,책임,67.6,3,5,24,고급,7837
경영지원,2,학사,사원,91.0,17,9,52,중급,4404
마케팅,9,석사,선임,85.7,12,1,46,중급,6598
영업,15,고졸,책임,90.8,17,14,59,중급,6662
경영지원,10,석사,선임,86.8,17,0,82,초급,5859
연구개발,23,학사,수석,92.0,8,2,26,초급,9711
영업,8,학사,선임,87.8,16,4,10,고급,5959
영업,0,석사,사원,70.2,17,6,13,초급,4586
영업,20,학사,수석,80.2,15,14,25,중급,8802
경영지원,2,석사,사원,80.1,2,2,29,중급,4378
영업,25,학사,수석,,2,7,12,고급,9526
연구개발,15,학사,책임,95.1,8,5,55,중급,7754
영업,25,학사,사원,79.1,2,0,72,고급,8743
영업,3,학사,사원,73.6,3,7,10,초급,5158
영업,12,석사,책임,76.4,18,12,55,중급,8115
연구개발,17,학사,책임,63.2,3,7,51,중급,7383
경영지원,5,박사,수석,64.9,13,6,81,중급,6547
경영지원,17,학사,책임,78.7,20,7,96,중급,8834
연구개발,1,학사,사원,63.4,14,6,65,중급,3622
경영지원,11,고졸,책임,96.0,2,10,24,고급,6102
경영지원,1,학사,,81.1,7,7,74,초급,4592
연구개발,21,학사,수석,89.1,11,1,9,초급,8803
마케팅,21,학사,수석,97.0,7,2,9,초급,7862
영업,9,석사,선임,81.5,19,8,9,고급,5814
경영지원,20,학사,수석,76.3,12,15,81,고급,8254
마케팅,19,,수석,78.7,13,2,42,중급,8467
연구개발,11,석사,책임,80.4,3,6,31,초급,7199
연구개발,5,석사,사원,81.8,2,2,73,초급,5666
경영지원,11,석사,책임,96.7,14,4,77,중급,7666
마케팅,7,석사,선임,83.9,2,6,96,고급,5514
경영지원,22,석사,수석,95.7,20,14,56,초급,8968
경영지원,13,석사,책임,88.5,3,15,81,중급,6578
마케팅,20,학사,수석,66.4,21,3,44,고급,8407
경영지원,4,학사,사원,84.3,13,6,97,고급,5539
영업,16,학사,책임,75.5,2,0,45,초급,7291
마케팅,8,학사,선임,71.2,3,,28,초급,4654
마케팅,0,석사,사원,73.4,16,15,27,고급,4976
영업,6,학사,책임,88.4,1,8,74,초급,6164
경영지원,23,석사,,58.0,12,15,49,초급,9423
경영지원,20,석사,선임,68.7,1,1,39,중급,7436
경영지원,9,석사,선임,75.8,12,2,93,중급,6230
마케팅,15,박사,책임,86.5,9,1,72,초급,8502
영업,24,석사,수석,97.2,2,9,71,초급,9127
경영지원,6,학사,선임,86.9,12,14,100,중급,4867
마케팅,17,고졸,선임,83.3,11,4,97,중급,6634
연구개발,14,박사,책임,85.3,,11,30,중급,7816
연구개발,0,석사,,100.0,12,7,96,고급,5861
마케팅,17,학사,책임,79.2,8,0,43,초급,7736
연구개발,15,학사,책임,,20,11,11,고급,7742
영업,0,학사,사원,61.1,21,4,69,고급,4771
마케팅,6,학사,사원,60.0,5,9,22,초급,4984
경영지원,1,학사,사원,67.9,8,15,34,초급,4445
마케팅,25,석사,수석,99.7,8,1,33,초급,9541
마케팅,10,고졸,선임,94.5,7,12,89,중급,5911
연구개발,11,석사,책임,78.7,21,5,62,초급,7558
연구개발,0,학사,사원,65.0,3,,79,초급,4186
마케팅,20,박사,수석,93.8,17,8,39,중급,9988
연구개발,23,석사,수석,76.5,5,0,94,고급,9842
영업,20,석사,수석,75.9,19,13,32,초급,8550
연구개발,13,석사,책임,85.0,11,12,65,고급,7423
마케팅,22,석사,수석,89.7,9,10,59,중급,8545
마케팅,4,박사,사원,84.9,20,9,15,중급,6446
영업,17,학사,책임,78.5,20,13,46,중급,7782
마케팅,10,학사,수석,70.4,4,4,20,고급,7385
연구개발,13,석사,책임,73.7,10,0,35,고급,7756
마케팅,9,박사,선임,81.7,19,7,13,초급,6507
마케팅,13,학사,선임,58.7,5,11,16,초급,6233
영업,21,학사,사원,95.2,9,12,16,초급,8777
연구개발,14,석사,책임,95.9,7,12,28,고급,8348
경영지원,10,박사,선임,76.5,10,12,27,초급,5891
경영지원,5,석사,선임,73.2,3,6,29,고급,5663
영업,2,학사,사원,75.3,12,1,78,고급,4785
연구개발,13,학사,책임,58.4,18,2,9,고급,7039
영업,7,학사,선임,96.5,20,5,11,고급,5529
연구개발,13,박사,책임,73.3,13,3,61,고급,8196
마케팅,11,,수석,100.0,7,14,97,초급,7004
마케팅,25,박사,수석,85.5,15,1,56,고급,10484
마케팅,14,고졸,책임,86.2,16,14,90,중급,6392
경영지원,21,학사,수석,70.7,7,10,85,중급,7934
마케팅,20,박사,수석,79.2,20,9,40,중급,9354
경영지원,5,학사,사원,87.2,2,1,85,고급,4781
영업,20,학사,선임,96.6,17,10,21,중급,8024
마케팅,23,학사,수석,88.1,18,14,71,중급,9515
마케팅,4,학사,사원,100.0,12,0,87,초급,4797
영업,20,석사,사원,74.9,3,7,48,중급,8041
마케팅,24,학사,수석,82.6,10,2,38,중급,9057
마케팅,16,박사,책임,91.0,6,10,79,고급,8871
영업,21,학사,수석,78.4,8,4,81,중급,8577
마케팅,3,석사,사원,74.8,6,1,60,고급,5435
경영지원,19,학사,수석,76.1,,10,66,고급,8280
마케팅,11,학사,책임,82.8,19,15,22,중급,6165
연구개발,2,학사,사원,85.8,4,,19,초급,4849
경영지원,19,고졸,수석,74.7,19,,29,초급,8342
마케팅,15,석사,책임,87.4,,10,34,고급,7372
영업,8,석사,사원,98.9,2,11,51,초급,5612
경영지원,18,고졸,선임,78.0,18,3,84,초급,6628
연구개발,9,학사,선임,58.1,10,1,35,초급,5444
마케팅,1,학사,사원,63.4,9,5,92,중급,3716
연구개발,6,학사,선임,63.9,9,9,49,고급,6057
영업,13,석사,책임,75.8,1,10,47,중급,6685
경영지원,14,학사,책임,97.6,21,2,66,초급,7505
영업,13,석사,책임,85.9,17,1,77,고급,8576
마케팅,19,,,98.0,8,1,11,고급,8370
영업,13,학사,책임,70.0,11,3,76,고급,7211
마케팅,13,석사,책임,74.2,8,1,35,고급,7510
마케팅,3,석사,사원,66.7,17,6,21,중급,5277
마케팅,15,석사,책임,92.2,13,7,28,고급,8572
마케팅,4,석사,사원,100.0,15,1,93,고급,5427
영업,10,학사,선임,68.0,19,14,82,초급,6711
마케팅,12,학사,책임,80.8,18,10,93,고급,7367
마케팅,1,학사,사원,86.9,6,9,10,초급,4194
마케팅,18,학사,수석,65.2,3,11,27,고급,8317
경영지원,17,석사,책임,61.8,11,4,25,초급,8580
경영지원,2,석사,수석,87.1,19,1,57,초급,5896
영업,13,고졸,선임,88.4,18,,67,초급,6205
,22,고졸,수석,91.6,3,9,58,중급,8554
영업,24,박사,수석,87.4,8,,11,초급,10884
영업,14,학사,책임,82.1,9,11,17,초급,7245
영업,0,석사,사원,62.4,5,15,96,고급,5364
마케팅,25,박사,수석,91.3,17,15,22,초급,9489
연구개발,4,,사원,91.4,11,2,58,초급,4524
연구개발,16,고졸,책임,90.7,5,10,86,중급,7506
경영지원,5,석사,책임,70.6,13,12,44,고급,7091
연구개발,20,박사,수석,64.7,5,8,48,고급,9340
마케팅,19,학사,수석,61.7,10,13,47,고급,8983
연구개발,3,석사,사원,100.0,9,3,34,중급,5629
경영지원,5,석사,선임,82.7,7,10,9,중급,6749
경영지원,25,,사원,74.5,2,13,21,고급,7742
연구개발,25,학사,수석,,15,14,78,중급,9432
연구개발,25,학사,수석,86.3,1,13,89,중급,9447
경영지원,18,학사,수석,89.5,8,2,90,중급,8308
영업,16,학사,선임,90.3,16,3,84,중급,7189
영업,19,박사,,72.3,15,9,94,초급,9399
경영지원,25,학사,수석,88.6,19,13,91,중급,9501
마케팅,12,학사,책임,96.7,7,10,53,중급,6662
마케팅,16,학사,책임,64.4,21,8,32,초급,7617
영업,22,석사,수석,78.6,1,6,10,초급,9371
영업,24,학사,수석,88.1,11,6,51,고급,9686
경영지원,24,학사,수석,74.2,16,4,64,중급,8106
경영지원,9,석사,선임,67.8,21,7,18,초급,5584
연구개발,10,학사,선임,62.5,9,1,36,중급,6756
마케팅,17,학사,사원,76.5,1,3,98,초급,6414
마케팅,1,학사,사원,80.9,3,15,10,고급,4455
연구개발,4,학사,책임,84.8,20,7,61,고급,6712
마케팅,22,학사,수석,60.7,9,1,95,고급,9149
경영지원,8,석사,선임,80.7,19,15,41,고급,7152
경영지원,19,학사,수석,59.4,13,9,60,고급,8983
경영지원,7,,선임,69.8,7,5,38,초급,5880
마케팅,13,석사,책임,74.9,10,4,89,초급,7025
영업,4,학사,사원,87.0,4,11,86,초급,4820
마케팅,8,학사,선임,74.2,13,10,9,고급,5091
경영지원,6,학사,선임,79.5,11,10,39,고급,5425
마케팅,23,고졸,사원,69.3,10,5,34,고급,7699
영업,18,박사,수석,100.0,9,12,88,초급,9455
마케팅,24,석사,수석,85.1,10,4,79,고급,10152
영업,11,학사,책임,69.4,10,15,92,중급,6212
경영지원,20,학사,수석,65.6,17,2,65,고급,8300
영업,5,학사,선임,83.3,1,12,16,초급,5188
영업,1,학사,사원,82.9,19,15,69,고급,5358
마케팅,25,학사,수석,80.1,8,15,32,초급,9816
,21,학사,수석,85.0,15,10,92,고급,9319
마케팅,23,학사,수석,83.1,13,14,53,초급,9424
마케팅,8,박사,선임,73.8,10,14,59,고급,6379
연구개발,18,학사,수석,69.5,,8,49,초급,8531
마케팅,18,석사,수석,63.4,6,2,84,초급,8896
마케팅,10,석사,선임,78.0,6,8,91,초급,6110
,10,학사,,82.8,17,7,28,중급,6580
마케팅,23,석사,수석,77.9,14,15,31,고급,9405
경영지원,6,학사,선임,79.9,6,4,49,고급,5946
경영지원,6,학사,선임,98.1,6,14,96,고급,6575
경영지원,0,학사,선임,84.8,16,10,49,중급,5291
영업,18,석사,수석,67.5,12,15,14,중급,8545
경영지원,17,석사,선임,75.4,10,9,75,중급,7660
경영지원,17,석사,책임,90.4,8,12,74,고급,8649
영업,6,박사,선임,73.2,17,8,31,고급,6128
경영지원,17,박사,사원,70.4,10,1,15,초급,7662
영업,16,고졸,책임,83.5,12,8,32,초급,7031
경영지원,19,석사,수석,82.3,,0,93,중급,8159
,20,석사,수석,82.1,4,3,77,고급,9084
연구개발,10,석사,선임,87.2,8,3,35,중급,7252
경영지원,5,석사,선임,82.3,17,8,8,중급,5682
경영지원,12,학사,책임,94.2,18,2,15,중급,7455
경영지원,12,석사,책임,72.6,7,,73,초급,7227
경영지원,2,학사,사원,67.6,4,14,22,고급,5537
경영지원,4,석사,사원,58.0,17,0,71,고급,5179
영업,12,학사,책임,75.2,20,4,79,중급,6962
마케팅,15,학사,책임,87.7,11,13,8,중급,7420
마케팅,24,학사,사원,76.4,18,14,36,초급,7368
영업,12,,책임,100.0,21,9,13,고급,7194
연구개발,24,학사,수석,90.8,12,,46,고급,9569
경영지원,14,학사,수석,100.0,9,3,12,중급,8039
경영지원,8,학사,선임,,13,5,75,중급,5267
경영지원,10,학사,선임,82.5,19,11,70,초급,6394
마케팅,21,학사,수석,72.0,6,7,24,중급,8336
,3,박사,수석,78.9,17,11,16,중급,6532
연구개발,7,박사,선임,96.3,,15,42,고급,5824
경영지원,19,학사,수석,70.7,19,,96,고급,7672
연구개발,1,학사,사원,81.2,10,7,27,고급,4246
경영지원,24,석사,수석,87.7,6,8,54,중급,9602
연구개발,13,학사,책임,85.6,14,10,38,초급,6563
경영지원,12,석사,책임,76.9,12,4,89,고급,7622
경영지원,19,석사,수석,81.1,14,3,82,초급,8684
경영지원,0,고졸,사원,84.3,8,11,16,초급,3600
경영지원,18,고졸,수석,77.4,8,8,41,고급,7530
연구개발,2,고졸,사원,91.9,1,7,63,초급,4197
경영지원,6,석사,선임,70.3,8,3,15,중급,6221
마케팅,19,고졸,수석,86.8,18,1,15,초급,7953
영업,5,학사,선임,66.4,3,12,42,고급,6052
연구개발,24,석사,수석,85.7,16,5,51,고급,11165
연구개발,24,학사,책임,67.4,3,13,93,초급,8098
연구개발,25,고졸,수석,84.4,12,0,81,중급,9897
영업,0,학사,수석,69.6,17,14,94,중급,5493
마케팅,0,학사,사원,77.1,5,10,43,중급,3907
마케팅,20,학사,수석,62.2,20,5,84,초급,8237
경영지원,23,박사,,75.1,16,6,67,초급,8545
경영지원,12,석사,책임,68.4,16,2,88,초급,6288
연구개발,4,학사,사원,75.8,18,11,97,중급,5268
연구개발,4,석사,사원,83.8,,10,73,고급,5592
영업,13,학사,책임,90.5,5,2,18,고급,7530
경영지원,1,석사,사원,68.6,4,14,86,고급,5324
경영지원,23,고졸,책임,65.6,18,14,36,고급,7936
마케팅,17,학사,,89.4,1,7,91,고급,8138
마케팅,10,학사,선임,80.2,12,12,88,초급,5828
영업,12,고졸,책임,71.9,19,5,13,중급,6647
연구개발,12,석사,책임,83.5,15,10,43,초급,7288
연구개발,18,고졸,수석,88.4,10,1,34,중급,7561
마케팅,8,고졸,선임,83.0,19,14,29,초급,5325
연구개발,25,석사,수석,80.2,20,0,30,중급,9863
경영지원,18,학사,수석,89.2,20,11,98,초급,8578
마케팅,8,학사,선임,78.3,6,10,65,중급,5999
연구개발,22,석사,수석,94.6,2,15,14,초급,10812
경영지원,9,,사원,77.3,,7,91,초급,4667
마케팅,0,고졸,사원,58.0,,9,58,중급,3600
경영지원,6,박사,선임,74.4,15,3,63,고급,7214
연구개발,24,석사,수석,72.1,8,10,94,초급,9362
영업,15,학사,책임,95.9,18,9,98,초급,7359
마케팅,3,학사,수석,100.0,12,7,24,초급,6140
경영지원,2,석사,사원,87.7,21,10,38,초급,5056
연구개발,2,석사,사원,68.8,14,5,97,초급,5061
경영지원,9,고졸,선임,84.7,1,2,69,고급,5299
,14,학사,책임,81.1,7,11,82,초급,7948
영업,0,석사,사원,95.9,21,7,63,고급,4276
경영지원,1,학사,,80.0,,4,74,초급,3723
영업,12,박사,책임,,19,7,28,초급,7498
연구개발,21,석사,수석,84.4,19,11,57,고급,9218
영업,19,석사,수석,83.7,14,5,28,중급,8912
마케팅,14,학사,수석,58.2,5,6,63,고급,8234
영업,14,석사,책임,83.7,7,5,41,중급,7885
영업,19,학사,수석,79.5,,1,27,초급,8872
연구개발,20,학사,수석,60.4,14,11,71,고급,9013
연구개발,9,석사,선임,79.0,9,9,11,초급,6908
마케팅,24,학사,수석,82.5,19,2,13,중급,8910
경영지원,11,학사,책임,58.0,8,6,23,고급,6802
마케팅,4,학사,사원,93.8,6,5,31,중급,4497
연구개발,3,석사,사원,98.8,15,13,50,고급,5547
영업,23,학사,수석,76.4,19,5,75,초급,8420
경영지원,6,석사,선임,,13,5,38,초급,5982
연구개발,12,석사,책임,58.0,2,7,85,중급,8012
연구개발,18,,수석,78.0,10,,90,중급,8374
마케팅,9,석사,선임,89.8,2,9,16,중급,6592
영업,1,학사,사원,73.6,3,11,11,초급,3723
연구개발,21,학사,수석,66.6,12,1,35,중급,9447
영업,8,석사,선임,93.6,2,3,17,고급,6195
경영지원,13,학사,책임,79.5,,7,44,초급,6881
경영지원,12,석사,책임,65.7,11,2,34,고급,7532
경영지원,11,학사,선임,73.1,17,10,91,중급,7018
연구개발,1,고졸,사원,92.5,5,9,51,중급,3879
마케팅,6,학사,선임,64.1,18,8,65,고급,6871
경영지원,2,석사,사원,100.0,10,0,63,고급,5009
마케팅,11,석사,책임,77.1,18,13,12,중급,6955
마케팅,12,학사,책임,82.4,5,9,36,고급,7239
영업,10,박사,선임,71.5,17,4,24,초급,7065
영업,11,학사,,61.4,16,5,49,중급,5882
,21,석사,수석,87.4,11,10,99,초급,9336
영업,19,학사,책임,,15,6,57,고급,7950
마케팅,23,박사,수석,100.0,9,1,65,초급,10489
마케팅,1,학사,사원,58.9,13,6,92,중급,3600
연구개발,18,고졸,수석,62.5,7,8,9,고급,8563
마케팅,6,학사,선임,71.9,2,0,48,중급,5663
연구개발,10,학사,선임,59.1,10,4,96,중급,6578
연구개발,1,석사,사원,70.2,21,3,72,중급,5133
마케팅,3,학사,책임,86.4,14,3,21,고급,5315
마케팅,20,학사,수석,74.0,12,8,53,고급,8790
영업,21,학사,책임,93.5,18,3,95,고급,9049
영업,11,석사,수석,61.7,18,14,38,초급,8237
연구개발,0,박사,사원,74.3,14,11,43,고급,5082
영업,2,석사,사원,67.3,6,6,95,초급,5219
,18,박사,,79.0,19,14,100,초급,8852
영업,23,학사,수석,79.1,20,0,99,중급,9433
영업,24,,수석,94.2,1,14,48,초급,9057
영업,18,학사,수석,85.5,19,6,78,중급,8238
마케팅,2,학사,,90.1,3,6,79,초급,4170
영업,0,학사,사원,65.4,15,5,87,초급,4111
연구개발,4,학사,사원,86.3,3,7,98,고급,4939
영업,7,석사,선임,74.2,15,14,67,중급,6166
마케팅,17,석사,책임,,15,4,10,초급,7988
영업,12,석사,책임,76.6,3,10,78,고급,7021
연구개발,1,석사,사원,68.7,13,11,84,중급,5131
마케팅,19,석사,수석,88.2,4,12,46,초급,8400
경영지원,1,학사,사원,90.7,3,1,60,고급,4008
연구개발,23,학사,수석,86.3,1,9,30,초급,9836
영업,24,석사,사원,69.3,14,14,20,고급,8900
연구개발,12,학사,책임,73.5,19,4,43,고급,7920
연구개발,23,학사,수석,80.7,1,2,73,고급,9136
연구개발,13,학사,책임,87.4,21,6,59,고급,8394
영업,20,석사,수석,82.6,7,2,66,중급,8176
영업,21,학사,수석,92.8,10,12,29,초급,8642
경영지원,3,고졸,사원,93.9,5,2,77,중급,4214
마케팅,1,학사,책임,87.0,4,13,22,초급,4583
경영지원,21,석사,수석,90.1,13,7,98,고급,9136
영업,6,박사,선임,64.8,20,10,14,중급,6440
마케팅,17,고졸,책임,97.8,4,15,79,고급,6759
영업,11,석사,책임,95.1,17,9,16,고급,7407
연구개발,24,학사,수석,58.0,9,1,81,고급,9818
영업,10,학사,선임,73.2,21,0,71,초급,5865
마케팅,25,,수석,68.2,4,14,38,고급,9457
연구개발,18,석사,수석,81.9,8,0,14,초급,9259
경영지원,17,학사,책임,88.2,7,6,30,고급,7299
경영지원,24,학사,수석,79.5,4,4,48,중급,9738
경영지원,11,학사,책임,62.8,6,8,92,초급,6324
경영지원,10,석사,,58.0,9,8,67,초급,6593
연구개발,17,고졸,책임,100.0,3,10,53,고급,7559
경영지원,0,학사,,85.1,5,15,76,고급,3770
영업,17,학사,책임,73.6,13,8,72,고급,7966
마케팅,17,석사,책임,90.4,1,6,15,초급,7465
연구개발,19,학사,수석,82.0,20,3,34,고급,8687
경영지원,11,학사,책임,100.0,18,8,23,초급,7053
영업,0,석사,선임,58.0,6,9,23,중급,5334
마케팅,16,고졸,선임,88.5,18,1,27,중급,6859
마케팅,21,학사,수석,71.4,4,10,66,고급,9210
연구개발,8,학사,선임,62.0,7,,78,중급,6136
마케팅,0,,사원,85.8,8,4,81,중급,3863
영업,15,학사,책임,72.8,4,,67,초급,7930
연구개발,1,석사,수석,86.2,14,10,93,초급,6286
영업,7,고졸,선임,68.3,9,3,56,초급,4153
연구개발,23,학사,수석,76.2,16,14,54,고급,9379
마케팅,14,박사,,75.2,20,6,82,중급,8207
영업,4,박사,사원,76.4,16,10,63,고급,6251
영업,7,박사,책임,58.0,6,12,29,고급,7308
경영지원,24,학사,수석,91.3,2,12,48,중급,9894
경영지원,13,학사,책임,90.6,17,7,56,고급,7926
연구개발,1,석사,사원,83.2,19,0,10,초급,5155
마케팅,10,학사,선임,77.5,5,5,48,고급,6883
영업,22,학사,,78.4,14,0,86,고급,7892
경영지원,21,학사,선임,89.6,3,13,91,고급,8352
영업,13,,책임,64.0,13,5,8,중급,6226
연구개발,25,학사,수석,71.8,20,11,10,중급,9020
마케팅,11,고졸,책임,85.6,11,13,11,초급,6956
경영지원,23,학사,선임,93.7,17,5,76,중급,8347
연구개발,12,학사,책임,59.4,15,8,17,중급,6989
영업,21,석사,수석,68.2,5,14,31,초급,9190
경영지원,23,학사,수석,82.2,6,10,42,초급,8662
경영지원,9,석사,선임,73.8,13,10,100,고급,6827
영업,19,박사,수석,73.9,21,7,63,고급,10249
영업,16,박사,책임,72.4,9,14,72,고급,8867
경영지원,16,석사,책임,78.0,3,11,14,중급,8225
경영지원,17,학사,책임,58.7,16,7,83,고급,7975
연구개발,24,학사,수석,83.2,11,11,47,중급,8929
마케팅,18,학사,수석,87.3,10,7,44,초급,8310
연구개발,1,학사,사원,80.4,,15,20,초급,5768
마케팅,14,학사,책임,58.3,14,7,52,중급,7828
마케팅,23,석사,수석,96.2,21,0,75,고급,9302
영업,1,학사,사원,72.0,,13,36,고급,4878
연구개발,22,학사,수석,67.7,1,8,69,초급,8780
마케팅,16,학사,책임,94.0,9,10,41,고급,8139
연구개발,25,,수석,74.7,8,11,20,고급,9653
마케팅,3,학사,,67.9,14,,11,초급,5006
마케팅,21,학사,수석,85.4,,0,59,중급,8765
경영지원,23,학사,수석,84.9,9,9,32,초급,8980
마케팅,13,학사,선임,76.2,14,2,30,중급,7590
경영지원,25,학사,수석,99.5,16,6,33,초급,10306
경영지원,11,고졸,책임,89.8,19,11,56,고급,5356
마케팅,2,박사,선임,80.1,16,6,14,초급,5688
연구개발,13,석사,책임,63.8,4,12,96,초급,7448
경영지원,23,석사,수석,72.8,21,12,10,고급,9925
경영지원,14,학사,책임,63.1,18,7,41,초급,7000
마케팅,23,학사,수석,65.1,12,13,23,중급,9267
마케팅,11,석사,책임,86.7,7,5,75,중급,7892
경영지원,19,학사,수석,90.7,20,3,84,고급,9377
연구개발,4,학사,사원,68.7,10,9,19,중급,5554
,13,석사,책임,75.4,3,5,19,초급,7776
경영지원,1,고졸,사원,98.1,2,1,70,고급,3613
영업,20,,수석,81.0,3,11,8,고급,9145
경영지원,3,고졸,사원,60.4,20,8,49,중급,4668
연구개발,15,석사,책임,75.6,10,10,55,중급,8783
마케팅,8,학사,선임,99.1,9,12,73,초급,5556
연구개발,12,고졸,사원,93.1,11,9,33,고급,6496
마케팅,22,학사,수석,96.8,11,13,100,중급,8547
영업,15,학사,책임,87.5,7,15,17,초급,7782
영업,11,,책임,78.2,18,4,92,초급,6004
경영지원,2,석사,사원,100.0,4,14,14,고급,4629
연구개발,16,석사,책임,82.8,14,1,57,중급,8341
연구개발,16,고졸,책임,76.6,19,8,38,중급,7255
연구개발,6,석사,선임,71.7,12,5,49,초급,6191
경영지원,13,석사,책임,82.3,8,15,59,고급,6845
연구개발,24,학사,,,19,11,47,초급,9527
마케팅,20,학사,수석,71.0,1,4,69,초급,9021
영업,23,고졸,수석,74.8,21,15,26,고급,8725
영업,15,학사,책임,83.0,14,13,57,고급,7180
연구개발,9,학사,사원,77.6,21,2,69,초급,6152
경영지원,11,학사,책임,79.7,,5,11,고급,6340
,6,학사,선임,76.0,17,10,43,중급,6306
영업,25,학사,수석,88.4,17,14,95,중급,9227
영업,18,학사,수석,92.1,19,7,40,초급,8416
경영지원,19,학사,수석,77.6,1,8,78,고급,8648
영업,22,박사,수석,88.2,15,15,77,고급,9845
마케팅,7,학사,선임,58.0,7,6,44,고급,5448
경영지원,24,고졸,수석,69.5,9,6,29,고급,8726
마케팅,14,고졸,선임,81.8,9,7,63,고급,6715
마케팅,1,석사,사원,86.3,17,3,42,초급,4509
경영지원,11,석사,책임,75.6,9,13,77,고급,7952
경영지원,5,석사,선임,97.1,19,15,88,고급,4361
마케팅,17,석사,수석,75.8,4,9,29,고급,8726
연구개발,23,고졸,수석,79.8,17,14,77,중급,8838
연구개발,12,박사,책임,75.4,1,14,49,고급,8479
연구개발,15,박사,책임,83.3,9,6,49,고급,8598
경영지원,14,고졸,책임,63.7,5,6,68,초급,6956
연구개발,10,학사,,89.2,16,0,27,중급,6644
영업,8,석사,선임,87.8,14,5,39,고급,6250
연구개발,1,학사,사원,100.0,16,9,89,초급,4504
연구개발,6,,사원,81.5,4,3,75,중급,5803
마케팅,7,학사,선임,58.0,9,13,47,초급,5178
연구개발,21,학사,수석,71.2,3,11,65,초급,9724
경영지원,10,학사,사원,99.0,18,8,36,초급,6902
마케팅,4,석사,책임,99.5,18,7,47,중급,5044
경영지원,12,고졸,책임,73.9,10,0,29,고급,6038
마케팅,15,학사,책임,73.2,9,1,93,중급,7869
영업,0,석사,사원,90.6,1,5,36,중급,4882
영업,1,석사,사원,85.7,6,14,25,고급,4964
마케팅,12,학사,책임,77.5,20,1,76,고급,6450
연구개발,24,학사,책임,65.7,20,15,37,중급,9488
연구개발,19,학사,수석,84.0,9,12,38,초급,8344
마케팅,20,학사,수석,100.0,10,7,69,고급,8372
영업,0,석사,수석,69.7,21,10,77,초급,5163
,24,학사,,81.8,20,12,90,중급,8736
연구개발,3,학사,수석,82.3,15,2,71,고급,6025
,18,석사,수석,96.1,6,7,14,초급,8897
마케팅,17,학사,책임,71.2,11,13,14,고급,7879
연구개발,17,학사,책임,89.7,5,13,95,고급,8323
경영지원,12,박사,,58.0,12,1,27,초급,7839
마케팅,10,박사,선임,71.8,13,13,99,초급,6638
연구개발,13,학사,사원,86.7,8,4,100,초급,6419
경영지원,0,석사,사원,68.8,17,12,64,고급,4777
마케팅,15,학사,책임,99.1,18,2,25,중급,6925
마케팅,8,학사,선임,87.7,19,7,19,중급,6367
마케팅,25,학사,수석,83.8,12,9,48,초급,9078
연구개발,20,학사,수석,81.4,5,10,55,중급,9484
경영지원,17,학사,,65.4,2,0,62,초급,6812
경영지원,23,고졸,수석,81.1,8,10,69,고급,8520
경영지원,9,,책임,79.6,10,12,50,초급,6665
영업,15,박사,책임,84.8,1,3,57,고급,8752
연구개발,24,석사,수석,83.3,11,8,65,고급,10146
영업,8,학사,선임,68.1,2,7,14,중급,6036
연구개발,14,학사,책임,78.7,18,0,75,중급,6903
,4,석사,사원,58.0,11,6,65,중급,5248
경영지원,13,석사,책임,83.5,20,14,26,중급,7543
경영지원,7,석사,선임,71.6,3,3,20,초급,5565
경영지원,6,박사,선임,93.2,2,14,89,중급,5737
영업,13,학사,사원,71.2,1,8,24,중급,5887
경영지원,6,석사,선임,100.0,2,1,98,초급,5769
연구개발,23,석사,수석,68.6,16,2,73,초급,9029
연구개발,3,학사,사원,83.3,5,13,40,초급,4583
,25,박사,수석,,12,8,89,고급,10648
영업,3,고졸,사원,76.1,12,13,93,중급,5175
경영지원,2,고졸,사원,87.7,,5,69,초급,4066
경영지원,5,박사,선임,70.2,14,15,100,중급,6770
마케팅,13,학사,책임,83.7,20,,44,고급,7817
영업,5,학사,선임,87.5,4,6,10,중급,5519
연구개발,17,학사,수석,88.6,17,12,63,중급,7634
마케팅,23,,책임,77.8,3,2,49,초급,9715
경영지원,4,석사,사원,60.7,18,13,59,초급,5806
연구개발,2,석사,사원,,19,0,36,초급,5449
마케팅,1,학사,사원,61.2,15,2,82,고급,4223
영업,17,고졸,책임,,17,6,77,중급,7461
마케팅,5,학사,선임,98.9,7,2,16,중급,5617
영업,13,석사,사원,91.1,2,5,65,고급,6370
마케팅,15,,책임,98.6,,5,63,초급,8335
마케팅,9,석사,선임,95.2,12,15,100,중급,5929
마케팅,16,석사,책임,82.2,18,3,16,중급,7742
연구개발,19,학사,수석,75.8,14,13,77,중급,7921
마케팅,7,박사,선임,71.0,21,5,67,고급,6144
영업,13,석사,책임,58.0,3,6,24,초급,7304
경영지원,4,학사,사원,69.6,1,0,47,중급,4599
연구개발,24,석사,수석,93.6,1,4,99,중급,10542
연구개발,4,학사,사원,66.8,6,,28,고급,5310
영업,20,학사,수석,61.7,19,9,28,고급,9754
영업,13,박사,책임,78.6,1,3,68,고급,8003
영업,25,고졸,수석,,3,6,25,초급,8227
영업,0,석사,사원,100.0,20,8,58,중급,4377
영업,15,학사,책임,68.0,7,12,90,초급,7021
마케팅,17,석사,책임,73.5,11,1,63,고급,8268
영업,0,석사,사원,66.9,11,8,81,고급,4679
경영지원,24,,수석,,4,7,89,초급,9581
영업,4,석사,,95.7,14,14,99,초급,5676
영업,0,학사,선임,66.9,7,5,61,초급,4699
연구개발,0,석사,사원,78.8,5,14,35,고급,5680
연구개발,9,학사,,,11,12,61,고급,6787
마케팅,0,박사,사원,80.7,15,7,23,초급,5580
연구개발,15,석사,책임,94.9,15,10,36,고급,8934
연구개발,10,석사,선임,61.3,10,1,85,고급,7849
영업,12,고졸,책임,84.1,15,12,89,중급,6926
마케팅,18,학사,수석,98.7,11,7,78,고급,7796
연구개발,15,학사,,83.1,11,5,86,초급,7980
영업,9,학사,선임,90.7,1,2,61,초급,6690
영업,9,석사,선임,64.9,10,11,93,중급,6325
연구개발,4,학사,사원,80.0,7,5,57,초급,5824
마케팅,24,박사,수석,69.2,19,10,17,초급,10703
경영지원,17,학사,책임,74.5,14,13,33,고급,8528
경영지원,20,석사,수석,86.0,17,10,22,고급,8876
영업,15,고졸,책임,77.4,12,3,23,고급,7304
연구개발,17,학사,책임,99.1,2,7,98,중급,7917
영업,20,학사,수석,96.8,13,0,87,초급,8303
경영지원,15,박사,선임,76.7,7,7,58,고급,8109
,19,학사,수석,78.1,2,4,65,고급,9444
영업,25,학사,수석,77.2,11,5,63,중급,10218
,12,고졸,책임,97.4,2,9,89,고급,7264
마케팅,0,학사,사원,93.4,2,6,86,초급,4893
경영지원,15,학사,책임,72.3,5,3,91,초급,7049
연구개발,23,석사,수석,97.4,11,,79,고급,10139
영업,25,학사,수석,58.0,13,5,27,고급,9650
영업,14,석사,책임,58.8,15,12,49,중급,7683
영업,6,박사,사원,69.3,18,8,22,고급,6516
연구개발,14,학사,책임,73.5,7,9,54,고급,7828
마케팅,9,석사,선임,73.5,16,14,40,초급,6607
마케팅,14,석사,,97.8,14,11,41,고급,7693
경영지원,3,석사,사원,75.6,7,15,71,초급,4297
영업,12,고졸,책임,91.5,11,2,66,고급,6173
연구개발,13,학사,책임,100.0,16,12,90,고급,6863
연구개발,23,학사,수석,86.9,3,3,25,중급,9104
연구개발,7,고졸,선임,73.9,,1,50,초급,5367
영업,6,고졸,선임,87.7,6,7,83,고급,4716
영업,5,석사,책임,73.3,6,7,38,초급,6787
영업,20,학사,수석,71.7,12,11,64,초급,8940
연구개발,1,학사,선임,71.3,7,10,54,중급,5266
경영지원,1,학사,사원,77.5,3,1,68,중급,4502
영업,14,석사,책임,,21,4,74,초급,7514
영업,9,박사,선임,78.6,7,5,35,고급,6207
영업,6,박사,선임,84.4,14,14,24,중급,6005
마케팅,15,학사,책임,94.2,21,3,52,고급,7451
,7,학사,선임,85.5,9,14,30,중급,6039
경영지원,15,학사,책임,92.9,2,1,40,고급,7430
경영지원,9,고졸,선임,86.8,16,13,57,고급,5504
경영지원,17,학사,책임,77.3,19,8,85,고급,7952
영업,17,석사,책임,92.4,,3,64,고급,8587
경영지원,1,학사,사원,74.5,21,15,91,고급,5566
경영지원,6,학사,선임,89.0,11,10,13,고급,5538
마케팅,24,학사,수석,97.3,9,0,10,중급,9610
마케팅,23,석사,수석,71.7,21,,42,고급,9816
연구개발,10,학사,선임,67.4,18,13,40,중급,5673
마케팅,24,학사,수석,68.8,11,2,84,중급,9963
연구개발,8,학사,선임,90.1,11,9,50,고급,5188
영업,24,박사,수석,78.0,12,1,46,초급,10157
연구개발,6,,선임,100.0,4,5,50,중급,5647
연구개발,24,학사,수석,88.5,4,1,100,고급,9657
경영지원,24,석사,수석,77.8,20,2,19,초급,9371
마케팅,0,석사,사원,82.8,20,11,23,중급,5080
영업,11,학사,책임,73.8,21,6,45,초급,6712
연구개발,4,학사,사원,100.0,4,12,50,초급,4867
영업,19,학사,선임,96.1,21,14,64,고급,7658
마케팅,10,학사,선임,86.0,14,0,90,고급,6225
영업,13,학사,책임,87.5,,0,21,고급,7738
경영지원,1,고졸,사원,70.6,17,14,8,고급,4153
연구개발,5,박사,선임,99.1,11,14,66,고급,7347
영업,10,석사,선임,66.8,18,1,16,고급,6768
마케팅,11,석사,책임,87.4,7,0,69,중급,6995
연구개발,17,학사,책임,92.4,8,4,45,고급,7534
마케팅,8,학사,선임,80.5,,0,9,초급,6105
연구개발,13,박사,책임,77.8,19,2,80,중급,7885
마케팅,19,석사,수석,78.5,10,2,45,초급,9045
영업,6,석사,선임,84.7,6,1,82,중급,6500
경영지원,0,학사,사원,87.7,4,13,76,고급,4374
영업,15,학사,사원,67.6,1,3,26,고급,7129
영업,24,석사,수석,70.4,3,0,11,중급,9912
영업,22,석사,수석,69.3,2,14,28,초급,9847
경영지원,1,석사,사원,91.4,12,3,82,중급,4653
연구개발,10,석사,선임,81.3,7,15,82,중급,6262
연구개발,18,학사,수석,100.0,16,9,47,중급,8579
경영지원,7,고졸,,67.5,16,15,14,중급,5111
경영지원,4,석사,사원,84.1,18,15,82,고급,5303
경영지원,9,석사,책임,76.7,1,12,55,중급,6608
연구개발,2,학사,사원,,1,4,52,초급,5024
마케팅,12,석사,책임,75.6,13,3,34,초급,7950
연구개발,7,박사,선임,77.4,5,7,24,초급,6797
마케팅,25,석사,수석,71.8,10,5,80,고급,10566
마케팅,16,학사,책임,76.6,14,9,28,중급,7260
마케팅,21,석사,수석,80.0,5,4,56,초급,10061
연구개발,16,학사,책임,76.8,18,2,14,고급,7280
연구개발,15,학사,책임,94.0,15,13,32,중급,8377
마케팅,16,학사,책임,,8,11,89,초급,7826
영업,3,학사,사원,82.3,15,12,42,초급,4378
연구개발,10,학사,선임,68.2,12,,83,고급,6920
영업,11,학사,책임,64.7,20,6,49,초급,6521
연구개발,11,학사,책임,81.2,8,13,36,고급,7733
연구개발,14,학사,책임,63.3,8,13,51,초급,6776
마케팅,12,석사,책임,89.5,1,5,52,초급,7317
영업,2,학사,사원,78.6,7,1,84,초급,4182
연구개발,24,학사,수석,72.5,8,13,45,고급,10114
,6,학사,선임,64.7,6,10,31,고급,5780
경영지원,17,석사,책임,67.1,14,6,43,고급,8363
마케팅,8,석사,선임,70.8,16,7,97,고급,7194
경영지원,4,학사,사원,82.9,6,14,74,초급,5016
영업,11,학사,사원,92.2,13,0,84,고급,6226
마케팅,25,학사,책임,96.3,7,5,24,고급,8730
마케팅,16,고졸,책임,,13,6,56,중급,7194
연구개발,3,학사,사원,68.0,7,12,78,초급,4246
영업,25,학사,수석,84.2,8,3,33,고급,9376
연구개발,20,석사,수석,79.6,3,3,13,고급,10056
연구개발,15,학사,책임,82.4,14,10,20,중급,7013
연구개발,13,석사,책임,66.1,21,8,28,초급,7395
경영지원,23,학사,수석,77.9,,4,16,초급,8875
연구개발,18,석사,수석,58.0,6,1,90,중급,8629
영업,21,석사,수석,83.3,6,0,76,고급,9406
마케팅,19,,수석,76.7,13,7,48,고급,9248
연구개발,18,박사,수석,86.6,19,10,41,초급,9110
경영지원,10,학사,책임,70.0,21,3,25,중급,6631
,10,석사,선임,76.2,19,1,97,초급,6926
마케팅,17,박사,사원,78.3,14,1,90,초급,7267
영업,23,학사,수석,77.9,,12,28,초급,9664
연구개발,4,석사,사원,68.8,16,6,92,초급,4245
영업,12,학사,책임,68.3,,11,33,중급,8005
경영지원,4,학사,사원,58.0,11,5,84,중급,4800
,5,학사,선임,58.0,13,3,99,고급,6425
,19,석사,수석,83.2,13,,98,중급,10234
경영지원,19,고졸,사원,84.0,5,12,26,초급,7010
연구개발,15,학사,책임,93.2,9,14,42,초급,7452
마케팅,15,고졸,책임,,12,11,76,중급,6665
마케팅,16,학사,책임,82.8,6,3,20,중급,7985
마케팅,5,학사,,79.2,15,13,91,고급,5096
마케팅,15,학사,책임,,15,8,53,고급,7823
영업,17,학사,책임,96.9,16,3,72,초급,8217
연구개발,15,석사,수석,71.8,11,13,30,고급,8830
경영지원,14,고졸,책임,76.8,18,9,73,고급,6468
경영지원,10,학사,선임,69.8,8,,93,고급,5675
,14,박사,,82.4,15,10,30,고급,8153
영업,22,석사,수석,100.0,19,1,95,초급,9141
마케팅,0,학사,수석,93.0,11,12,100,초급,4116
연구개발,6,학사,선임,89.3,15,12,29,초급,6006
영업,1,학사,사원,79.4,14,9,60,고급,4666
마케팅,13,고졸,책임,100.0,18,6,94,중급,7550
영업,1,학사,사원,100.0,3,13,50,초급,4022
마케팅,23,석사,수석,79.5,8,15,57,중급,9954
연구개발,7,박사,선임,89.9,19,12,42,고급,7398
연구개발,25,석사,수석,75.6,20,11,53,고급,10634
영업,4,석사,사원,78.3,7,0,12,초급,6028
연구개발,8,학사,선임,59.6,12,10,78,중급,5968
마케팅,5,석사,선임,76.0,18,15,76,고급,5688
연구개발,2,,선임,82.5,16,14,25,초급,5735
영업,13,석사,,87.7,2,0,11,초급,7130
마케팅,2,학사,사원,,16,5,62,고급,4598
,20,석사,수석,58.0,10,8,97,중급,8554
마케팅,8,,선임,,18,14,62,고급,5455
연구개발,10,고졸,선임,61.5,18,10,51,초급,6538
연구개발,5,학사,선임,85.4,7,3,72,고급,5269
경영지원,23,석사,수석,69.2,4,13,43,중급,10258
마케팅,15,학사,,90.3,6,12,29,고급,7513
경영지원,9,박사,수석,83.8,21,8,82,고급,7800
마케팅,15,학사,책임,90.1,7,8,30,중급,7321
연구개발,14,학사,책임,75.3,8,9,59,고급,7397
마케팅,14,고졸,책임,89.3,15,5,90,고급,6952
마케팅,23,석사,수석,,2,15,18,초급,9550
연구개발,7,학사,선임,90.1,12,5,81,초급,5571
마케팅,17,학사,사원,75.4,2,14,75,초급,6726
마케팅,21,학사,수석,98.5,4,13,65,초급,8269
영업,25,석사,수석,73.1,19,10,18,초급,10408
경영지원,16,학사,책임,94.0,13,12,48,초급,6919
경영지원,12,학사,책임,65.0,,9,30,초급,6860
영업,18,석사,수석,80.3,17,9,49,중급,8858
경영지원,11,학사,책임,100.0,9,15,66,초급,7449
영업,3,학사,사원,79.6,20,14,68,초급,4587
경영지원,3,박사,사원,58.0,5,10,63,중급,6189
마케팅,4,학사,사원,90.9,1,11,72,중급,5020
마케팅,20,학사,수석,92.7,9,7,9,고급,8868
연구개발,10,학사,선임,79.9,7,11,22,고급,6444
연구개발,1,석사,사원,71.3,16,4,62,고급,5192
마케팅,17,학사,책임,63.7,15,6,53,초급,7725
연구개발,1,학사,사원,95.9,21,9,25,고급,4002
연구개발,7,학사,선임,75.9,9,5,46,초급,5811
연구개발,20,학사,수석,63.5,13,4,100,중급,9699
영업,4,학사,사원,96.9,8,13,24,중급,5975
마케팅,4,석사,사원,71.8,3,15,74,초급,5531
마케팅,5,학사,수석,59.9,3,,66,초급,5883
연구개발,9,석사,선임,79.3,17,14,58,중급,7725
연구개발,15,학사,책임,76.9,9,13,55,초급,7130
영업,5,학사,선임,73.0,7,6,17,고급,5395
영업,13,학사,책임,73.1,13,5,94,중급,7640
마케팅,9,고졸,선임,81.2,5,12,47,고급,5064
경영지원,8,고졸,선임,88.6,14,,19,고급,5658
마케팅,10,석사,선임,96.3,19,8,32,중급,6042
경영지원,13,고졸,책임,60.5,18,6,91,중급,6313
마케팅,2,박사,사원,81.8,3,11,64,초급,5648
마케팅,6,학사,선임,85.3,17,2,23,고급,5928
마케팅,9,학사,선임,75.8,11,15,100,고급,6112
경영지원,19,석사,수석,83.5,5,9,50,초급,8791
연구개발,11,학사,선임,71.0,1,11,56,초급,6607
연구개발,1,석사,사원,79.6,21,5,41,초급,5508
영업,0,고졸,사원,88.6,10,15,84,중급,3665
경영지원,23,박사,수석,91.2,9,7,37,고급,10806
영업,24,석사,수석,72.5,9,13,48,중급,9525
연구개발,25,고졸,수석,100.0,18,4,57,초급,9295
경영지원,11,학사,책임,72.8,9,14,65,초급,6893
경영지원,20,학사,수석,86.4,,14,89,초급,9793
,23,학사,선임,69.9,10,5,74,초급,7988
연구개발,16,학사,책임,73.9,3,0,92,초급,8239
영업,12,학사,책임,81.5,10,3,93,고급,7433
마케팅,5,박사,선임,73.1,16,3,87,고급,6050
경영지원,17,박사,수석,100.0,6,4,89,초급,9256
경영지원,23,학사,수석,70.4,11,6,27,중급,8923
영업,17,학사,사원,92.3,13,8,20,중급,7180
마케팅,16,학사,책임,83.5,1,9,67,고급,7947
경영지원,20,학사,수석,92.2,,4,33,중급,9364
영업,2,고졸,사원,90.0,19,10,42,고급,4038
경영지원,4,학사,사원,,16,6,41,초급,4007
영업,1,학사,사원,84.4,13,10,66,초급,4625
연구개발,3,학사,사원,86.0,8,5,49,중급,5612
마케팅,17,석사,사원,69.5,9,1,49,고급,8948
마케팅,14,학사,수석,64.6,3,1,68,고급,7676
경영지원,22,박사,수석,87.7,2,5,27,고급,9621
마케팅,8,,,84.0,18,13,37,중급,6163
경영지원,17,석사,책임,76.1,19,12,100,고급,7845
영업,2,학사,사원,91.3,1,14,15,중급,4395
영업,24,고졸,수석,84.0,12,7,51,초급,8659
영업,11,,책임,78.5,,12,42,고급,6779
경영지원,2,학사,사원,74.4,5,9,95,고급,4556
영업,13,학사,,76.3,14,11,29,초급,7805
영업,12,고졸,책임,66.5,18,2,31,초급,6275
마케팅,8,학사,선임,100.0,20,0,81,고급,6443
마케팅,3,학사,사원,100.0,1,14,42,초급,3917
연구개발,18,학사,수석,78.0,20,12,94,초급,8516
경영지원,10,학사,선임,88.2,21,6,13,초급,6208
마케팅,23,박사,수석,72.4,4,2,76,초급,9217
연구개발,16,학사,책임,79.4,15,7,85,초급,7818
영업,16,학사,책임,67.4,10,12,43,초급,7969
,20,학사,수석,87.4,3,14,12,고급,9056
연구개발,12,학사,책임,94.1,18,6,94,고급,6463
영업,5,학사,선임,74.4,18,8,18,고급,6047
경영지원,6,석사,선임,62.5,3,1,49,고급,6561
영업,16,박사,책임,58.0,5,0,29,초급,8505
연구개발,22,학사,사원,78.2,,3,35,초급,7490
마케팅,3,박사,사원,66.5,1,13,67,초급,5448
경영지원,24,학사,,74.0,3,14,73,초급,8627
영업,13,학사,사원,85.4,5,1,64,중급,6420
연구개발,12,고졸,책임,72.6,6,10,66,초급,6343
영업,9,고졸,수석,68.1,4,12,66,초급,7179
연구개발,6,학사,선임,70.1,18,7,24,초급,5595
영업,6,학사,선임,77.4,17,13,65,중급,4926
연구개발,3,박사,사원,84.4,7,0,73,고급,6287
경영지원,8,고졸,선임,71.8,17,3,79,중급,5329
영업,13,석사,책임,93.6,15,15,30,고급,7361
경영지원,0,석사,사원,72.6,10,2,72,고급,5682
경영지원,16,고졸,책임,89.3,11,15,34,초급,8337
마케팅,21,석사,수석,89.9,2,2,96,초급,8646
연구개발,15,석사,수석,77.6,20,4,45,중급,8817
연구개발,1,학사,사원,58.8,13,11,10,고급,4634
영업,12,학사,책임,65.9,8,3,75,고급,7528
경영지원,4,학사,사원,74.2,19,15,31,고급,5423
경영지원,2,학사,사원,72.5,10,7,38,고급,4831
연구개발,14,학사,책임,67.3,5,11,20,초급,7576
연구개발,20,학사,수석,58.0,4,2,55,중급,9197
마케팅,7,학사,책임,58.0,10,,10,고급,5963
연구개발,0,석사,사원,73.2,21,4,26,고급,4149
마케팅,18,석사,수석,86.6,17,15,8,초급,8511
,17,고졸,책임,74.6,6,3,43,중급,6585
마케팅,13,석사,책임,83.7,6,2,27,초급,7445
영업,9,학사,선임,60.0,17,3,81,고급,6482
영업,5,박사,선임,86.5,7,4,61,중급,6642
영업,25,석사,선임,85.1,10,9,47,초급,9467
