months_joined,plan_term,pay_method,net_product,monthly_fee_won,total_paid_won,data_gb,cs_calls,addon_count,left_service
11,무약정,지류고지서,,67716,727687,405,6,2,1
67,24개월,카드,없음,89118,미확인,129,0,1,0
55,24개월,계좌이체,광랜,114903,6549214,121,7,2,0
26,24개월,계좌이체,광랜,110910,3006423,373,1,5,1
24,24개월,지류고지서,없음,78698,1922625,373,10,3,1
38,12개월,계좌이체,없음,71396,2653608,246,3,3,0
37,24개월,계좌이체,광랜,63531,2553605,289,4,3,0
58,무약정,지류고지서,광랜,69731,4109808,138,7,,0
4,24개월,카드,광랜,100615,421661,474,6,1,1
11,24개월,계좌이체,없음,111693,1242890,50,6,5,0
68,24개월,지류고지서,기가,81586,5595873,251,1,4,1
46,무약정,계좌이체,기가,86750,3414134,30,10,1,1
63,무약정,카드,없음,97243,5359354,248,8,2,0
47,무약정,,없음,62499,2941134,414,0,1,1
19,12개월,계좌이체,없음,33674,796172,306,0,2,1
62,24개월,카드,광랜,125538,8544589,469,2,0,0
8,24개월,계좌이체,기가,65656,408070,220,0,0,1
65,무약정,카드,기가,80440,5154461,87,10,4,0
32,24개월,카드,기가,100865,3053298,218,2,4,0
51,무약정,카드,없음,83635,4112329,278,2,3,1
52,12개월,계좌이체,광랜,107300,5969783,125,4,4,1
35,무약정,지류고지서,없음,65148,2140496,355,,5,0
57,24개월,카드,광랜,30700,1693452,418,6,0,0
72,12개월,지류고지서,광랜,78883,미확인,185,5,2,0
73,24개월,지류고지서,기가,78931,6383692,335,6,1,0
1,무약정,카드,광랜,90264,83574,228,9,3,1
69,24개월,카드,기가,86074,6906107,113,7,2,0
8,12개월,카드,기가,19000,155761,352,5,4,0
51,24개월,지류고지서,광랜,92181,4582738,480,6,4,0
29,24개월,카드,없음,58714,1470494,342,8,3,1
21,무약정,계좌이체,광랜,84030,1777411,268,7,3,1
55,무약정,카드,기가,44079,2238610,,3,4,0
48,12개월,지류고지서,광랜,66216,3386942,373,3,0,1
69,24개월,계좌이체,없음,63986,4009596,457,2,3,0
73,24개월,카드,없음,101352,8093585,418,3,5,0
53,12개월,계좌이체,없음,52897,2544330,399,4,1,0
32,12개월,계좌이체,없음,103418,2914891,291,10,,1
10,무약정,카드,없음,50668,417047,175,4,3,1
72,무약정,지류고지서,광랜,84294,미확인,161,7,5,0
17,무약정,지류고지서,없음,19000,286084,86,3,3,0
16,무약정,카드,광랜,63996,1049657,192,8,5,1
72,무약정,계좌이체,광랜,120981,9123292,260,2,1,0
35,12개월,계좌이체,없음,44306,1635978,446,6,4,1
72,12개월,지류고지서,없음,142412,9867698,281,2,0,0
68,,카드,광랜,58947,3657098,60,10,5,0
52,24개월,계좌이체,광랜,64564,3263356,105,4,4,0
26,12개월,지류고지서,기가,70563,1883634,107,4,4,0
68,24개월,지류고지서,기가,108129,7191790,249,8,0,0
22,24개월,카드,기가,71416,1637735,205,0,0,0
68,무약정,지류고지서,기가,123984,7558332,229,0,5,0
24,무약정,,없음,40238,1038749,497,1,0,1
67,무약정,지류고지서,광랜,108602,6864679,45,2,3,0
23,12개월,카드,광랜,59930,1268829,98,0,3,0
47,24개월,카드,광랜,76427,3407669,374,6,3,1
65,24개월,지류고지서,없음,67458,4170413,28,1,5,0
17,무약정,지류고지서,광랜,79757,1350524,331,7,5,1
31,12개월,계좌이체,광랜,136929,4295885,264,2,3,1
57,무약정,계좌이체,,61676,3347460,27,3,0,0
6,12개월,카드,기가,53220,337551,267,5,2,1
74,12개월,계좌이체,광랜,38201,3428428,153,5,4,0
48,무약정,지류고지서,기가,84274,2858745,62,6,5,0
28,12개월,카드,없음,117527,3291839,440,5,1,1
42,12개월,계좌이체,기가,152000,5581729,355,9,4,1
44,12개월,지류고지서,기가,152000,6882651,133,0,2,1
,무약정,지류고지서,기가,108003,7449827,78,9,0,0
55,무약정,계좌이체,광랜,43646,2520076,464,2,5,1
28,무약정,계좌이체,광랜,131277,3949276,297,9,4,1
68,24개월,카드,광랜,19000,1272257,231,10,4,0
54,무약정,지류고지서,없음,72311,4848076,125,,4,0
16,24개월,계좌이체,없음,51220,772529,414,2,1,0
20,무약정,카드,광랜,116483,2475022,71,5,3,1
31,12개월,계좌이체,없음,,,135,9,0,1
46,24개월,지류고지서,기가,122064,5153762,130,7,5,1
11,24개월,계좌이체,없음,84022,946023,250,5,2,0
28,무약정,카드,기가,50750,1457192,32,6,2,1
60,무약정,지류고지서,기가,152000,9109084,452,10,1,1
35,,카드,없음,114990,미확인,15,8,2,1
50,24개월,지류고지서,없음,19000,1014737,437,5,1,0
57,12개월,계좌이체,없음,85714,4551833,345,7,4,0
58,무약정,카드,광랜,71477,3977583,169,7,2,0
14,,지류고지서,기가,122076,1358146,8,0,1,1
34,24개월,지류고지서,광랜,61053,1894680,447,1,5,1
4,,계좌이체,없음,66470,288899,347,0,0,1
63,24개월,지류고지서,없음,69312,4328312,50,9,0,0
26,무약정,계좌이체,광랜,69536,2165424,173,0,2,1
44,12개월,지류고지서,광랜,37831,1391705,368,3,3,0
9,24개월,지류고지서,없음,119721,1058650,440,0,0,1
33,무약정,카드,기가,104883,3678157,43,3,5,1
14,12개월,지류고지서,없음,52636,849263,282,4,0,1
38,12개월,지류고지서,없음,85102,2981899,207,5,2,0
26,무약정,카드,광랜,69615,1754217,,10,5,1
69,무약정,카드,없음,83389,6043528,479,0,3,0
61,무약정,지류고지서,기가,95951,6064512,194,5,5,0
55,24개월,카드,기가,59658,2868608,293,1,0,0
9,12개월,계좌이체,광랜,97608,979798,235,2,3,1
,12개월,지류고지서,없음,49894,2836056,405,10,4,0
48,12개월,카드,없음,92108,3966811,40,0,5,0
7,12개월,계좌이체,광랜,144859,978390,32,1,5,1
37,12개월,지류고지서,광랜,92496,3866510,409,3,0,0
35,무약정,계좌이체,광랜,112447,,369,7,0,1
,24개월,지류고지서,없음,75308,3097220,470,6,0,0
17,무약정,계좌이체,기가,124449,2426813,167,2,3,1
11,24개월,카드,없음,41662,482714,317,2,4,1
32,24개월,카드,광랜,147723,4499398,418,4,4,0
74,24개월,계좌이체,기가,65779,4543627,343,1,2,0
16,12개월,계좌이체,광랜,64955,1003888,261,4,3,1
48,12개월,지류고지서,없음,125489,5439274,504,10,3,1
12,무약정,계좌이체,기가,152000,1646565,309,5,5,1
17,무약정,계좌이체,기가,152000,2542105,,4,2,1
16,12개월,계좌이체,광랜,127005,2248942,491,8,1,1
69,무약정,지류고지서,없음,58531,4392912,205,9,0,0
19,24개월,카드,광랜,50288,1028536,495,2,2,0
18,24개월,카드,광랜,107682,2089569,414,8,,1
61,12개월,계좌이체,없음,48681,2868400,440,6,1,0
50,12개월,계좌이체,기가,61462,2827221,248,6,1,0
32,24개월,계좌이체,기가,65705,2076998,66,5,5,0
30,24개월,계좌이체,광랜,67375,1808593,368,2,2,0
55,24개월,지류고지서,기가,127709,7519636,271,0,3,1
73,12개월,지류고지서,기가,104686,7571007,32,2,2,0
3,12개월,계좌이체,기가,152000,-,429,3,3,0
59,무약정,지류고지서,없음,42089,2466224,338,8,1,1
40,24개월,카드,광랜,119982,4408508,313,3,3,0
25,,지류고지서,기가,19132,504285,209,5,5,0
67,12개월,카드,기가,121271,7378227,23,3,5,0
32,24개월,카드,기가,62406,2167265,,7,4,1
31,무약정,지류고지서,없음,123832,4177259,391,1,2,1
15,24개월,지류고지서,광랜,123814,2175515,114,4,4,1
26,24개월,계좌이체,기가,90868,2376604,9,2,2,1
72,12개월,계좌이체,기가,113006,7436575,444,4,1,0
57,무약정,카드,기가,,5331272,485,6,5,0
40,24개월,지류고지서,없음,80656,3047555,413,10,1,1
34,24개월,지류고지서,기가,42968,1402523,25,5,4,0
20,24개월,카드,없음,76937,1657660,448,10,2,0
41,12개월,계좌이체,광랜,49819,2280966,124,8,5,0
14,12개월,지류고지서,없음,62852,1010123,363,9,4,1
39,12개월,지류고지서,없음,57628,2470921,462,0,0,0
22,무약정,계좌이체,광랜,130158,2752431,101,10,0,1
37,24개월,카드,광랜,88542,2854655,,1,3,0
53,24개월,지류고지서,광랜,113781,6839970,365,10,4,1
42,24개월,카드,기가,57240,2423831,296,0,1,0
71,24개월,계좌이체,없음,120759,7068323,,8,1,1
53,24개월,계좌이체,광랜,64061,,338,1,2,1
63,12개월,카드,기가,103518,6740806,279,0,2,1
73,12개월,카드,광랜,52716,4519436,54,5,0,0
73,12개월,지류고지서,광랜,67048,5246071,486,5,5,0
65,24개월,지류고지서,없음,81424,5263223,321,4,0,0
39,24개월,계좌이체,광랜,85211,3265587,247,0,2,1
72,24개월,계좌이체,없음,19000,1517084,410,0,3,0
11,무약정,카드,기가,41741,513497,162,5,2,0
14,12개월,카드,없음,104517,1556450,57,10,0,1
37,24개월,계좌이체,기가,116490,4286217,215,4,0,1
69,12개월,카드,기가,50578,4412670,318,9,5,0
25,24개월,계좌이체,기가,61516,1645916,220,0,0,1
70,24개월,지류고지서,광랜,95893,7333784,278,3,3,0
15,무약정,계좌이체,광랜,26914,381862,261,9,2,1
60,무약정,계좌이체,없음,96170,5439693,76,7,5,0
1,무약정,지류고지서,기가,103503,106626,476,2,3,1
39,,계좌이체,기가,115083,4179487,387,0,4,0
32,24개월,카드,없음,,1073380,,3,4,0
,24개월,지류고지서,광랜,19000,1476417,,4,4,0
72,24개월,계좌이체,광랜,26382,2006745,419,4,3,0
57,24개월,지류고지서,광랜,34286,1864861,351,8,0,0
9,,,없음,80656,718725,464,2,3,1
,24개월,카드,없음,96674,443672,316,7,2,1
56,,계좌이체,기가,73000,3494356,41,6,3,0
69,12개월,지류고지서,광랜,100019,7801247,302,3,,0
66,12개월,계좌이체,기가,116941,9261692,37,8,5,0
7,무약정,계좌이체,기가,137435,842103,220,4,1,1
28,12개월,지류고지서,기가,110325,-,135,1,5,0
12,12개월,계좌이체,없음,150068,미확인,123,1,0,1
53,무약정,지류고지서,기가,62282,3832915,468,4,1,1
61,24개월,카드,기가,103321,6958867,214,6,5,0
4,12개월,카드,없음,34821,136017,490,2,2,0
74,12개월,지류고지서,광랜,40250,2902987,19,6,1,1
57,12개월,카드,광랜,23779,1309934,312,4,1,0
60,24개월,카드,기가,130698,,478,1,2,0
36,24개월,계좌이체,없음,34700,1549810,253,6,0,1
74,무약정,카드,광랜,48134,3557203,212,1,2,1
15,24개월,지류고지서,광랜,85249,1466804,323,3,1,1
71,24개월,카드,,108997,8191900,77,4,3,0
1,무약정,계좌이체,없음,145011,149021,263,6,4,1
40,24개월,계좌이체,없음,144112,6020688,169,5,4,0
60,무약정,카드,없음,100329,5651092,62,3,,1
66,24개월,카드,없음,95838,5976276,471,10,2,1
29,무약정,카드,광랜,91343,2467058,459,4,3,1
52,12개월,지류고지서,기가,152000,7621963,157,7,0,1
22,,카드,,45986,1197490,85,5,1,1
57,24개월,지류고지서,광랜,110744,5574087,370,0,0,0
,24개월,지류고지서,없음,100677,2870552,31,3,0,1
29,12개월,카드,없음,111497,3399046,84,7,0,1
6,24개월,계좌이체,광랜,152000,963365,163,9,2,1
65,12개월,계좌이체,없음,36369,2146201,262,8,2,0
9,무약정,지류고지서,광랜,114810,973183,64,2,0,1
57,무약정,카드,기가,103822,6384029,455,6,3,1
1,12개월,계좌이체,기가,121590,126584,441,1,5,0
5,무약정,지류고지서,기가,152000,779872,329,8,2,1
1,12개월,지류고지서,광랜,116949,112313,377,3,2,1
48,12개월,카드,없음,22862,1107328,484,1,0,0
35,무약정,지류고지서,기가,75461,2295391,232,5,5,1
22,24개월,지류고지서,광랜,102298,2579022,34,2,3,0
18,12개월,카드,없음,87991,1410427,44,1,4,1
23,무약정,,광랜,104553,2294407,253,7,5,1
9,24개월,지류고지서,기가,73721,712026,147,9,3,1
58,무약정,지류고지서,없음,82625,5443312,487,4,2,0
47,무약정,지류고지서,없음,58987,3098289,249,3,3,1
2,24개월,계좌이체,기가,152000,307213,439,1,2,0
8,무약정,카드,기가,126638,874272,143,2,4,1
57,24개월,,기가,105320,6052039,332,1,4,0
44,무약정,지류고지서,광랜,42388,1726916,8,1,1,0
54,12개월,카드,없음,55773,2648821,201,0,1,0
72,무약정,카드,기가,19000,1102386,258,6,1,0
35,12개월,계좌이체,광랜,130467,4424091,63,6,0,1
26,무약정,카드,기가,38741,1131868,477,5,2,0
39,12개월,카드,기가,105548,4748319,143,8,0,1
41,24개월,지류고지서,기가,77567,3459178,72,7,1,1
6,12개월,카드,기가,107849,498977,274,,4,1
,24개월,,광랜,81082,3472274,432,2,,0
31,24개월,지류고지서,광랜,,3046764,300,4,2,1
65,12개월,카드,기가,108638,7406017,116,9,3,0
,24개월,카드,기가,104794,1511256,122,10,2,1
5,무약정,,광랜,52895,272397,171,2,4,1
17,12개월,지류고지서,광랜,74182,984409,346,4,5,1
15,24개월,계좌이체,광랜,78897,1237749,472,1,1,1
51,12개월,지류고지서,광랜,148588,8074412,10,3,2,1
59,24개월,지류고지서,광랜,19000,1042288,268,1,4,0
66,무약정,지류고지서,광랜,99882,4923765,148,6,4,0
74,24개월,계좌이체,없음,65419,4534705,398,10,4,0
37,24개월,계좌이체,없음,72831,3016023,230,3,1,0
73,24개월,카드,없음,25007,1837384,367,2,1,0
,12개월,계좌이체,광랜,94241,4307437,189,9,4,1
38,무약정,지류고지서,기가,85956,2808988,31,7,3,1
15,24개월,카드,없음,83488,1114190,235,1,1,0
74,무약정,지류고지서,기가,56017,3736539,8,5,3,0
46,12개월,지류고지서,광랜,46171,2359367,450,0,3,0
37,12개월,카드,기가,84193,3450236,231,6,,0
47,12개월,지류고지서,기가,76621,3973844,34,10,2,0
10,24개월,지류고지서,광랜,106916,1071907,303,3,0,1
21,24개월,계좌이체,기가,88258,1786229,291,9,0,1
6,무약정,계좌이체,기가,97933,606601,78,3,2,1
15,12개월,지류고지서,없음,102459,1552321,458,5,0,0
37,24개월,계좌이체,없음,133180,5458053,41,1,4,1
4,,계좌이체,기가,77541,283912,275,10,1,1
60,무약정,지류고지서,없음,102293,6036410,166,4,1,0
21,무약정,카드,없음,51986,1064530,34,3,5,0
,24개월,계좌이체,광랜,45280,2913251,75,3,2,0
5,,카드,광랜,120829,623811,248,4,2,1
46,무약정,계좌이체,없음,84634,3317914,117,8,1,0
33,무약정,계좌이체,광랜,78060,2987559,383,0,1,0
16,24개월,계좌이체,,73586,960181,498,5,5,0
9,12개월,계좌이체,없음,75577,599871,86,2,4,1
48,24개월,계좌이체,기가,26007,1202139,152,1,4,0
59,24개월,지류고지서,기가,94816,5339310,316,6,0,1
31,12개월,카드,없음,96574,,72,8,1,1
63,24개월,계좌이체,기가,92690,6365086,198,6,4,0
53,무약정,지류고지서,광랜,69669,3894449,306,1,5,0
74,12개월,카드,없음,109088,6768246,57,10,5,0
25,12개월,카드,없음,108851,3108490,306,6,3,1
45,12개월,지류고지서,없음,93816,-,16,7,5,1
14,,계좌이체,광랜,78768,1096069,156,0,0,1
41,24개월,카드,광랜,44842,2137276,27,8,3,0
25,무약정,카드,기가,80595,2050188,321,8,5,1
54,24개월,계좌이체,광랜,80427,4034721,175,6,1,0
3,무약정,카드,광랜,86958,268136,373,4,5,1
,24개월,지류고지서,없음,113337,5422323,230,4,0,1
46,무약정,계좌이체,광랜,90898,4577212,275,4,1,0
72,24개월,계좌이체,없음,87470,6408226,111,6,0,0
61,24개월,계좌이체,광랜,21730,1456202,401,0,0,0
11,무약정,지류고지서,기가,107931,1126723,292,6,1,1
21,무약정,계좌이체,없음,23306,미확인,470,10,0,0
64,12개월,카드,광랜,82608,5003156,232,3,0,1
24,24개월,계좌이체,광랜,28507,629688,429,6,1,0
12,24개월,지류고지서,기가,55203,630733,500,0,1,1
28,24개월,카드,기가,35078,916541,343,7,4,0
20,무약정,카드,없음,111985,2262345,,0,0,1
62,24개월,지류고지서,없음,63620,3944562,453,2,5,0
45,12개월,지류고지서,없음,58419,1938080,122,0,1,0
30,12개월,계좌이체,광랜,68447,1782128,19,5,2,1
44,12개월,지류고지서,없음,60127,2481269,463,3,0,0
25,24개월,지류고지서,없음,152000,3981248,387,2,4,1
19,무약정,계좌이체,없음,91586,1544022,309,7,2,1
56,12개월,지류고지서,광랜,63468,3253777,198,8,2,0
59,24개월,카드,없음,111756,6858532,381,0,0,0
59,무약정,지류고지서,없음,23356,1373751,393,8,3,0
30,24개월,계좌이체,광랜,138505,3765966,406,6,,1
17,12개월,카드,없음,66760,1269235,351,4,5,0
64,,계좌이체,기가,132103,8757025,221,9,3,1
18,무약정,계좌이체,광랜,112875,1802157,152,9,1,1
67,24개월,계좌이체,기가,81605,5278352,140,9,4,0
28,24개월,카드,광랜,144377,4193916,,6,4,1
4,,,없음,,265794,279,4,0,0
39,24개월,계좌이체,없음,35332,1037700,60,9,4,0
39,24개월,계좌이체,광랜,19000,651927,161,0,5,0
46,24개월,계좌이체,없음,136719,5604896,48,10,5,1
41,24개월,계좌이체,기가,152000,6101673,38,9,4,1
13,24개월,계좌이체,광랜,140677,1579631,64,5,0,1
29,24개월,지류고지서,기가,29686,762643,228,8,3,1
27,24개월,계좌이체,광랜,19000,551084,370,0,2,0
59,24개월,지류고지서,광랜,109934,5699477,334,6,5,0
12,12개월,계좌이체,광랜,102226,1010407,95,5,5,1
28,24개월,지류고지서,없음,52937,,180,2,3,0
30,24개월,지류고지서,기가,32570,-,121,1,0,0
12,12개월,카드,광랜,48667,495937,11,5,5,0
27,24개월,지류고지서,없음,88969,2396001,374,3,1,1
74,24개월,카드,광랜,86426,5545679,22,,1,0
72,,지류고지서,광랜,103171,6640105,484,1,2,0
,12개월,카드,없음,105282,92598,487,,3,1
55,무약정,계좌이체,기가,19000,1047219,162,1,2,0
27,12개월,계좌이체,없음,121769,3428831,275,10,3,1
1,24개월,계좌이체,없음,75062,69143,239,1,4,0
22,12개월,계좌이체,없음,140836,3031886,36,9,3,1
15,24개월,,없음,38744,662978,200,3,5,0
25,무약정,카드,광랜,146207,3205094,206,3,3,1
44,무약정,계좌이체,광랜,73377,3299490,377,2,3,0
33,24개월,지류고지서,없음,122434,4103957,77,7,5,1
18,12개월,카드,광랜,97903,1627132,373,6,5,1
22,24개월,계좌이체,없음,,2984568,298,7,2,1
48,24개월,,기가,19000,1003341,376,9,5,0
15,12개월,계좌이체,없음,119453,1662545,120,5,1,1
,무약정,계좌이체,없음,93797,1550441,249,7,1,1
71,12개월,계좌이체,광랜,121222,7469503,403,0,3,1
20,무약정,지류고지서,광랜,115745,2324588,418,10,3,0
56,24개월,카드,광랜,61057,3463260,229,1,5,0
49,24개월,계좌이체,없음,85168,4560505,225,4,0,0
66,24개월,계좌이체,기가,128580,7841281,342,0,2,0
45,무약정,지류고지서,기가,62890,3448765,351,3,0,0
71,,지류고지서,기가,100839,6846296,370,5,3,1
61,24개월,카드,없음,69272,4770453,448,6,2,0
69,무약정,지류고지서,기가,60573,3809701,133,1,4,0
67,12개월,계좌이체,기가,19000,1442975,394,9,3,0
73,24개월,카드,없음,102465,8160684,308,3,2,0
53,,카드,기가,96501,5583640,325,8,3,0
34,24개월,계좌이체,없음,57483,2033376,230,5,2,0
,24개월,카드,기가,101219,7307016,182,2,1,0
64,12개월,지류고지서,없음,85352,5646835,498,2,3,0
,24개월,카드,없음,82144,5063986,268,6,5,0
64,24개월,계좌이체,없음,81511,5638545,305,8,5,0
59,24개월,카드,없음,91377,4211008,114,6,4,0
53,24개월,카드,없음,98824,5304282,,0,1,0
62,24개월,지류고지서,기가,147668,9558730,249,7,1,1
59,12개월,지류고지서,광랜,107054,6470796,158,0,3,0
63,24개월,계좌이체,광랜,19000,1413827,326,0,3,0
38,무약정,카드,기가,81654,2855207,346,3,3,0
15,12개월,계좌이체,없음,152000,2823318,183,4,0,1
,12개월,지류고지서,광랜,77823,3000311,358,6,4,1
72,24개월,지류고지서,광랜,,7995973,103,8,0,0
37,24개월,지류고지서,기가,131460,5463718,433,10,1,1
57,24개월,지류고지서,광랜,,-,80,3,2,1
18,무약정,계좌이체,기가,125547,2360626,496,8,3,1
54,12개월,지류고지서,기가,73104,4336665,239,4,4,0
19,12개월,카드,없음,79772,1297750,159,8,1,1
26,24개월,카드,없음,27612,726904,367,10,2,0
22,24개월,계좌이체,광랜,128331,2379651,467,5,2,1
45,24개월,계좌이체,없음,85322,3336280,,1,4,1
3,24개월,카드,없음,152000,452558,389,4,3,1
44,24개월,카드,없음,106476,4675403,267,5,5,0
17,12개월,,광랜,125272,1970999,504,1,0,1
58,무약정,카드,광랜,108031,6543003,458,9,4,1
,무약정,지류고지서,광랜,28310,177157,133,2,2,1
22,무약정,계좌이체,없음,30044,682177,352,2,5,1
29,무약정,지류고지서,없음,46461,1227837,414,1,1,1
40,,계좌이체,광랜,36976,1515648,348,2,0,0
11,24개월,계좌이체,없음,132271,1448364,368,6,1,1
23,12개월,카드,없음,131701,3015326,,9,3,1
29,,지류고지서,광랜,152000,4179789,142,4,1,1
4,무약정,계좌이체,기가,99929,406547,78,8,2,1
59,24개월,카드,기가,127151,8555076,386,7,2,0
17,24개월,계좌이체,없음,89498,1533091,369,5,3,1
64,무약정,계좌이체,기가,117608,7148469,480,3,2,1
34,12개월,계좌이체,광랜,81471,2411284,391,2,3,1
46,,계좌이체,광랜,115636,5769524,362,1,5,1
22,12개월,지류고지서,기가,112153,2629749,341,2,2,1
69,24개월,지류고지서,광랜,152000,10231612,165,5,4,1
54,12개월,계좌이체,없음,76971,4125553,283,2,1,0
30,무약정,카드,없음,126949,4041416,185,8,4,1
7,무약정,계좌이체,광랜,146723,1096742,241,7,5,1
,24개월,지류고지서,기가,95248,430439,369,4,0,1
51,무약정,지류고지서,기가,19000,877538,447,3,,1
51,12개월,카드,없음,109587,5419997,68,6,3,0
29,24개월,카드,광랜,113929,3414337,163,5,2,0
14,24개월,지류고지서,광랜,80600,미확인,85,3,5,1
53,24개월,카드,기가,52848,3177783,352,10,1,0
2,12개월,카드,광랜,128407,232182,273,9,1,1
,12개월,계좌이체,없음,93676,3571108,49,8,1,1
53,24개월,지류고지서,기가,101839,4780208,262,6,3,1
26,12개월,지류고지서,없음,66862,1700265,486,10,2,0
31,24개월,카드,광랜,94347,2392351,21,6,3,0
51,무약정,계좌이체,광랜,71075,3772371,75,7,3,0
16,24개월,지류고지서,광랜,83862,1335673,149,10,2,1
68,24개월,,기가,121285,7773355,221,7,2,1
24,무약정,카드,기가,124737,2713262,418,3,0,1
70,12개월,카드,기가,55639,3919547,20,2,3,0
,24개월,,기가,92939,1775294,482,,0,0
9,24개월,카드,기가,91156,998439,13,1,1,1
1,24개월,지류고지서,기가,84571,72549,401,1,1,1
28,12개월,계좌이체,,61072,1705234,339,1,2,1
,24개월,계좌이체,광랜,,3630603,79,2,,0
1,무약정,계좌이체,없음,121617,132502,156,,3,1
51,무약정,카드,광랜,132077,6963486,254,4,3,0
34,,카드,없음,39740,1250843,271,5,0,0
,무약정,,없음,109649,4259093,154,10,3,1
74,24개월,카드,기가,85453,6084024,167,0,1,0
49,24개월,카드,기가,64246,2580748,,7,1,0
8,무약정,,기가,77711,592810,151,2,3,1
22,24개월,계좌이체,없음,137675,3210148,242,0,2,1
52,24개월,지류고지서,없음,94556,4730606,108,1,5,1
56,24개월,지류고지서,기가,46024,2425647,100,5,1,0
47,12개월,지류고지서,광랜,58643,2602512,47,6,0,0
12,12개월,계좌이체,광랜,87004,1102922,67,7,5,1
63,,계좌이체,없음,,5476376,374,6,1,0
29,,지류고지서,기가,48416,1228407,439,5,1,0
18,24개월,지류고지서,기가,94978,1739180,215,2,3,1
37,무약정,카드,없음,147034,4839728,190,10,0,1
36,,카드,기가,61773,1863124,412,9,4,0
36,12개월,카드,없음,46531,-,108,7,1,0
30,24개월,지류고지서,기가,,4018971,297,4,0,1
62,24개월,계좌이체,광랜,108940,-,100,4,5,0
62,12개월,계좌이체,없음,79120,4969313,370,6,4,0
,12개월,지류고지서,광랜,69519,미확인,354,3,1,0
35,무약정,카드,없음,86806,,212,10,3,1
59,24개월,지류고지서,없음,65903,3795692,488,4,4,0
54,12개월,카드,광랜,,2101730,191,,2,0
59,무약정,카드,광랜,118992,7516504,422,6,0,0
69,24개월,지류고지서,기가,117222,6864342,297,2,3,1
21,24개월,계좌이체,기가,76921,1405561,342,6,,1
12,12개월,계좌이체,없음,146218,1688537,257,3,3,1
73,24개월,계좌이체,기가,83646,6344920,423,4,2,0
54,무약정,카드,광랜,69150,3446594,235,6,3,1
19,12개월,계좌이체,기가,110250,2275199,333,4,0,1
62,24개월,지류고지서,없음,110379,6823574,178,9,5,0
8,무약정,지류고지서,없음,152000,1175722,415,0,3,1
,24개월,카드,광랜,91736,5292820,124,9,1,0
35,무약정,카드,광랜,53450,1768636,335,10,3,1
2,무약정,카드,없음,152000,327067,188,6,1,1
37,무약정,카드,없음,89679,3040912,197,2,1,0
15,무약정,카드,없음,60432,897897,239,0,1,1
32,12개월,카드,광랜,72964,1887753,307,3,4,0
22,12개월,계좌이체,광랜,104980,2199207,97,5,4,0
51,12개월,카드,광랜,63234,3290550,112,1,1,0
31,12개월,계좌이체,광랜,86922,2570023,484,1,3,1
5,무약정,지류고지서,기가,113905,638938,388,3,4,1
8,24개월,지류고지서,,68771,613561,364,3,1,0
14,무약정,카드,광랜,97910,1546646,235,4,3,1
66,12개월,계좌이체,없음,119387,6579869,172,0,0,0
51,12개월,계좌이체,광랜,59191,3066396,381,2,5,0
30,24개월,계좌이체,기가,,3111913,53,9,0,1
42,12개월,지류고지서,기가,51195,2039620,258,5,2,0
16,무약정,지류고지서,광랜,57956,761425,221,10,1,1
2,12개월,,기가,119308,265254,104,4,4,1
,12개월,카드,,107001,1951833,454,2,2,1
23,24개월,카드,기가,69683,1410567,12,6,3,1
35,무약정,지류고지서,광랜,63615,2066520,435,1,1,1
42,24개월,계좌이체,광랜,82549,3721268,289,9,2,1
6,무약정,지류고지서,없음,131269,854843,504,1,3,1
4,24개월,카드,기가,74363,268667,272,7,,0
5,무약정,계좌이체,광랜,64010,302013,258,2,2,1
27,,계좌이체,없음,60534,1745861,291,1,5,0
4,12개월,카드,광랜,152000,,,2,1,1
29,무약정,지류고지서,없음,122787,3103114,444,1,1,1
33,무약정,지류고지서,기가,106293,-,370,1,3,0
34,무약정,카드,광랜,83750,2290325,223,1,4,0
18,24개월,계좌이체,없음,152000,2697036,383,0,1,1
71,24개월,카드,기가,103394,6926828,351,10,3,0
69,12개월,카드,없음,76578,5109052,380,8,5,0
46,12개월,계좌이체,없음,81924,3786403,151,,0,0
2,24개월,계좌이체,광랜,63503,137191,130,3,4,0
61,24개월,계좌이체,기가,107629,7004317,242,0,1,0
36,무약정,계좌이체,광랜,119820,4414689,247,2,5,1
2,무약정,지류고지서,광랜,87061,204375,171,5,1,1
5,,계좌이체,없음,97768,446513,80,0,4,1
8,24개월,계좌이체,기가,74058,629446,13,,1,1
70,12개월,지류고지서,,86652,6163231,429,5,0,0
43,무약정,카드,광랜,72708,3480405,11,2,1,1
43,12개월,지류고지서,없음,107611,4316551,474,0,5,1
14,무약정,카드,광랜,106982,1579683,68,8,2,1
37,무약정,카드,광랜,77195,3221640,271,1,2,0
17,무약정,카드,광랜,101286,1622674,468,1,5,0
17,무약정,계좌이체,없음,31683,543407,385,4,3,0
14,24개월,카드,없음,96109,1493480,106,5,2,1
21,24개월,카드,없음,141384,2547499,44,7,2,1
13,24개월,카드,,34428,466172,309,10,4,1
31,12개월,카드,,114545,3698834,235,6,4,1
30,24개월,카드,광랜,104367,3096530,148,0,3,0
29,무약정,지류고지서,없음,73532,2338229,48,0,4,0
26,12개월,카드,기가,86705,2060546,211,9,3,0
70,24개월,카드,광랜,131185,8956262,96,6,2,0
8,24개월,지류고지서,광랜,102555,970206,128,4,3,1
27,무약정,카드,광랜,132036,3884679,31,6,5,1
66,24개월,계좌이체,없음,112202,7892938,314,5,0,0
26,24개월,지류고지서,광랜,55883,1482149,186,10,3,0
26,무약정,카드,광랜,143020,3878380,226,8,2,1
9,24개월,지류고지서,기가,113383,1163312,286,10,1,1
46,12개월,지류고지서,없음,48010,2389136,30,0,1,0
33,24개월,카드,없음,19000,549263,229,6,4,1
25,24개월,지류고지서,없음,119014,2845420,331,3,4,0
48,무약정,카드,광랜,106208,4317095,267,5,0,0
22,무약정,지류고지서,기가,121856,2468119,140,0,4,0
11,24개월,계좌이체,광랜,73570,795257,149,3,2,1
66,무약정,카드,없음,99150,6654422,250,0,4,0
56,무약정,지류고지서,광랜,34572,2015994,240,6,1,0
67,무약정,카드,없음,66777,4369650,236,4,2,0
74,24개월,계좌이체,광랜,101284,7879995,167,2,4,0
71,무약정,카드,없음,121290,미확인,24,8,3,0
14,24개월,지류고지서,광랜,105291,1406789,397,1,2,1
51,무약정,카드,없음,101687,4940876,416,2,2,0
20,24개월,카드,없음,108715,미확인,279,9,3,0
1,12개월,카드,기가,55672,62478,497,2,1,1
1,24개월,지류고지서,없음,97518,105432,414,2,3,1
54,12개월,지류고지서,광랜,55622,2561888,471,8,4,0
17,24개월,지류고지서,없음,102815,1616834,401,6,3,0
11,12개월,카드,없음,62263,753106,170,1,3,1
47,12개월,계좌이체,광랜,52511,2539373,392,0,0,1
51,24개월,카드,기가,69554,4031373,127,9,4,0
35,24개월,지류고지서,광랜,32899,1211350,80,4,4,0
70,24개월,카드,기가,133335,9208265,254,9,,0
40,12개월,카드,기가,133090,5694960,282,6,1,1
74,,계좌이체,없음,152000,12120471,79,10,0,0
39,24개월,지류고지서,없음,123285,5057029,321,1,4,1
13,12개월,카드,없음,123042,1546599,170,0,4,1
58,무약정,계좌이체,광랜,54888,3013958,22,10,5,0
28,무약정,지류고지서,기가,38945,1276384,369,6,1,1
15,무약정,카드,없음,152000,2265700,221,2,5,1
62,,지류고지서,광랜,33735,2014637,429,9,5,0
71,무약정,계좌이체,기가,40898,3061550,342,1,4,0
29,12개월,계좌이체,없음,152000,4571041,440,6,4,1
1,12개월,지류고지서,기가,143913,154665,457,7,1,1
44,12개월,카드,없음,107827,4104714,136,2,3,0
48,24개월,계좌이체,기가,19000,864323,213,4,2,0
6,24개월,지류고지서,기가,57880,,390,0,4,1
41,무약정,지류고지서,광랜,98231,-,360,2,3,0
30,24개월,카드,없음,61216,1909830,136,5,5,0
69,무약정,계좌이체,기가,52574,3398780,106,10,5,0
51,24개월,지류고지서,없음,92479,5015162,419,7,4,0
4,무약정,지류고지서,기가,111930,401934,23,3,3,1
31,,카드,광랜,,2368159,153,3,5,0
14,24개월,지류고지서,광랜,84447,1370394,394,1,2,1
28,,지류고지서,기가,152000,4283232,336,10,2,1
24,12개월,지류고지서,광랜,120570,2975977,166,0,0,0
64,무약정,계좌이체,없음,117264,8162298,243,7,3,0
34,24개월,지류고지서,없음,152000,4529749,98,3,1,1
19,무약정,지류고지서,없음,72175,1455847,320,9,4,1
17,,카드,기가,65449,1321516,267,7,4,1
53,24개월,지류고지서,없음,91956,5302235,285,2,0,1
34,12개월,계좌이체,광랜,136065,5054709,218,4,0,1
71,무약정,카드,없음,115455,9177206,129,5,3,1
5,무약정,계좌이체,없음,119034,522703,,0,3,1
22,무약정,카드,광랜,73212,1624500,258,1,3,0
10,12개월,카드,기가,57139,624928,436,0,3,1
12,12개월,계좌이체,광랜,143275,1673182,230,5,2,1
59,12개월,계좌이체,광랜,53332,4079970,68,2,0,0
27,24개월,지류고지서,없음,139050,3941096,118,2,1,0
43,24개월,지류고지서,없음,44211,1983867,314,0,1,0
32,무약정,계좌이체,기가,72384,2422206,253,0,1,0
39,24개월,카드,기가,112173,4540270,317,2,2,1
20,24개월,지류고지서,광랜,141048,2500569,142,9,3,1
21,24개월,지류고지서,없음,71037,1634278,471,5,1,1
11,24개월,계좌이체,광랜,42457,520313,204,6,4,1
63,무약정,카드,광랜,19000,1264683,334,4,2,0
,24개월,,광랜,130023,,272,0,1,1
22,무약정,카드,기가,97762,1784088,339,6,3,1
45,24개월,계좌이체,없음,101593,4567872,120,1,1,0
60,12개월,지류고지서,광랜,,6130479,406,2,3,0
13,무약정,카드,기가,107970,1299080,131,5,2,1
22,무약정,카드,기가,81509,1540563,338,2,1,1
26,12개월,카드,없음,142270,3727549,280,5,1,1
72,12개월,계좌이체,광랜,120160,8683920,257,2,,1
28,12개월,지류고지서,광랜,100100,3109316,54,10,5,1
66,무약정,계좌이체,기가,42330,3209606,87,2,5,0
33,12개월,계좌이체,광랜,99630,3302735,359,1,4,0
41,12개월,,광랜,63276,2712718,431,3,2,0
45,무약정,계좌이체,기가,19000,827339,22,7,0,1
12,무약정,계좌이체,없음,89315,989497,455,5,0,1
24,24개월,지류고지서,기가,98667,2601776,72,1,1,1
74,12개월,카드,광랜,130756,9527511,237,6,5,0
37,12개월,지류고지서,없음,34978,1256310,478,7,3,0
51,무약정,지류고지서,광랜,80395,4316871,267,0,2,0
28,무약정,지류고지서,기가,74663,1993689,240,1,4,1
63,무약정,지류고지서,기가,23722,1353889,153,2,4,0
66,무약정,카드,기가,32329,2083087,141,7,3,1
74,24개월,지류고지서,기가,111409,7210536,262,1,4,0
59,12개월,카드,광랜,130180,7155011,16,9,3,1
53,24개월,계좌이체,없음,126284,5999027,435,8,4,1
47,24개월,계좌이체,기가,61850,2525317,14,2,1,1
66,24개월,카드,없음,89718,5546542,271,1,5,0
62,24개월,지류고지서,광랜,88756,5556057,463,1,0,1
56,24개월,카드,기가,84252,5452767,140,1,0,0
61,무약정,지류고지서,없음,90931,4529449,85,6,2,0
24,12개월,지류고지서,광랜,95159,2394082,116,2,0,1
46,24개월,지류고지서,광랜,97554,4142783,340,7,3,1
11,12개월,계좌이체,없음,141426,1557713,,10,5,1
71,12개월,계좌이체,,58407,4120488,264,6,5,0
46,24개월,카드,광랜,97488,4418679,324,5,4,0
74,12개월,지류고지서,광랜,78750,4970288,95,6,3,0
66,24개월,카드,없음,115741,7483748,56,1,0,0
16,24개월,카드,없음,61065,864302,207,10,2,1
12,12개월,카드,광랜,93993,1226952,417,2,2,0
35,24개월,카드,없음,52509,2141873,59,7,0,0
58,12개월,계좌이체,기가,58816,3598823,404,7,4,0
28,무약정,지류고지서,광랜,83641,2036979,299,6,1,1
15,12개월,,없음,25528,366549,501,1,0,0
22,12개월,지류고지서,광랜,19000,422229,354,6,0,0
56,24개월,카드,광랜,144672,8466617,413,0,0,1
41,무약정,지류고지서,광랜,77393,3602483,235,5,4,0
74,12개월,지류고지서,없음,152000,11203387,219,10,4,1
36,24개월,지류고지서,광랜,77365,2761224,124,7,4,1
45,무약정,카드,광랜,88329,4081490,276,7,1,1
1,12개월,카드,기가,75405,83230,415,9,4,1
15,12개월,,광랜,117426,1645722,459,8,1,1
4,12개월,지류고지서,광랜,96879,438430,337,3,5,1
14,12개월,지류고지서,없음,135596,,481,5,5,1
72,24개월,카드,광랜,122269,8138324,374,7,0,0
50,,계좌이체,기가,122938,5559936,468,5,4,1
1,12개월,카드,기가,120218,106297,298,0,0,1
65,무약정,카드,기가,82702,5050725,422,5,4,0
,24개월,카드,기가,97129,3968168,182,5,0,1
26,무약정,지류고지서,기가,152000,4782881,,6,0,1
3,24개월,계좌이체,없음,136432,421978,257,3,1,1
33,24개월,지류고지서,광랜,109427,3893740,485,9,1,1
47,24개월,계좌이체,광랜,64369,3069979,121,1,1,0
67,무약정,카드,기가,52565,3446266,,4,4,0
48,24개월,카드,광랜,117515,5539090,184,7,5,1
50,무약정,카드,기가,69696,3493738,275,10,5,0
25,24개월,계좌이체,기가,93566,2336769,149,10,0,1
,12개월,지류고지서,없음,74579,81673,391,10,5,1
8,무약정,카드,광랜,96853,823037,493,9,,1
41,12개월,계좌이체,기가,20819,814798,154,6,3,0
19,12개월,카드,없음,29003,520485,16,0,0,1
5,12개월,계좌이체,없음,88776,,313,0,4,0
51,12개월,카드,없음,122180,6335632,430,,0,1
26,24개월,지류고지서,기가,69308,1595732,351,1,5,0
66,24개월,계좌이체,없음,80748,4647701,100,9,3,0
34,무약정,,없음,77414,2876592,277,3,2,1
1,12개월,지류고지서,없음,119243,124471,146,1,1,1
56,12개월,계좌이체,없음,116211,6949817,223,10,4,1
33,12개월,계좌이체,기가,51704,1862038,199,6,2,0
22,24개월,계좌이체,기가,76538,1561800,225,1,5,0
72,무약정,계좌이체,없음,49081,2724170,405,0,0,0
14,12개월,계좌이체,기가,,1644241,210,6,2,0
56,무약정,지류고지서,없음,33662,1900873,16,9,5,0
37,12개월,계좌이체,광랜,94216,3372740,428,6,3,1
50,무약정,카드,광랜,83912,4199250,151,2,2,0
23,24개월,카드,기가,102456,2509584,447,8,1,1
52,24개월,지류고지서,기가,122502,,152,2,3,0
42,무약정,계좌이체,기가,57230,2490227,482,2,3,1
55,24개월,카드,광랜,60154,3210003,216,5,1,0
30,,지류고지서,기가,92834,2588355,227,3,1,1
7,24개월,계좌이체,없음,41556,271071,479,3,2,0
55,24개월,카드,기가,19000,1029511,,1,4,0
31,24개월,지류고지서,없음,45699,1376497,272,10,4,1
57,24개월,지류고지서,없음,94481,4959350,151,4,0,0
11,12개월,카드,기가,84483,865805,339,1,3,1
51,무약정,계좌이체,없음,79885,4432796,433,2,3,1
28,24개월,지류고지서,기가,109922,3045402,451,9,3,1
68,24개월,카드,광랜,20989,1250741,437,10,2,0
12,24개월,계좌이체,기가,109191,1244299,180,6,0,1
42,24개월,계좌이체,없음,68517,,313,2,0,0
18,무약정,카드,없음,56427,1023010,310,3,4,1
15,12개월,카드,기가,80636,1089393,368,9,3,1
71,무약정,계좌이체,광랜,102649,6863083,349,3,3,0
37,무약정,카드,광랜,110461,3607467,458,6,5,1
44,무약정,지류고지서,기가,84768,3806377,116,3,,0
14,12개월,계좌이체,기가,104728,1040516,293,3,2,1
12,12개월,계좌이체,기가,46870,546719,20,0,0,0
41,무약정,계좌이체,기가,125742,4347948,349,1,0,1
5,24개월,카드,기가,81887,417561,291,9,2,1
58,12개월,카드,없음,126350,5248607,271,8,0,1
3,12개월,카드,없음,88124,277031,390,6,0,1
70,무약정,계좌이체,없음,152000,9376917,41,6,4,1
36,12개월,지류고지서,기가,113053,4711777,28,6,2,1
33,24개월,지류고지서,없음,128567,3954130,73,4,4,1
52,12개월,지류고지서,광랜,103283,,289,5,5,0
28,12개월,카드,기가,83166,,44,8,1,1
37,24개월,카드,기가,90475,3186422,105,0,0,0
29,무약정,지류고지서,기가,87303,2456617,353,7,1,1
5,12개월,카드,없음,149887,미확인,,2,5,1
26,무약정,계좌이체,없음,64412,1668183,431,2,4,0
72,12개월,카드,광랜,23251,1974975,358,8,1,0
66,24개월,카드,광랜,22640,1481464,438,2,1,0
28,24개월,지류고지서,,37431,1045521,271,9,0,1
63,12개월,지류고지서,광랜,127223,8658046,368,4,4,0
6,무약정,계좌이체,광랜,54559,358277,91,2,4,1
55,무약정,지류고지서,광랜,79825,5127487,188,1,0,0
27,24개월,지류고지서,광랜,54267,1554096,181,3,1,0
24,무약정,지류고지서,없음,152000,3082700,26,2,4,1
25,무약정,지류고지서,기가,150141,3546200,180,1,2,1
19,,계좌이체,없음,52262,904041,330,10,5,1
30,12개월,,기가,121213,3446376,231,0,4,0
49,12개월,지류고지서,기가,88342,3909715,259,4,3,1
5,12개월,카드,기가,90725,433442,183,3,2,1
69,무약정,계좌이체,없음,74444,5421874,87,4,1,0
39,무약정,지류고지서,없음,,,444,6,4,1
58,무약정,지류고지서,없음,115495,6065860,68,,5,1
11,무약정,카드,기가,113432,1210691,389,6,5,1
18,24개월,지류고지서,광랜,,1267268,265,4,,1
8,무약정,계좌이체,없음,63519,544623,362,4,2,1
32,12개월,,없음,24260,858609,81,0,0,0
72,12개월,카드,없음,,5644824,184,8,3,0
,24개월,계좌이체,기가,110364,7456496,501,8,5,0
20,24개월,지류고지서,,43448,821333,118,5,1,0
1,24개월,지류고지서,없음,141440,159397,332,8,0,1
46,무약정,계좌이체,없음,87294,4029718,35,2,3,0
23,12개월,계좌이체,없음,130026,2983725,42,6,2,1
48,무약정,지류고지서,광랜,80392,4113113,54,1,3,0
64,12개월,카드,광랜,101856,6806186,55,0,3,0
30,24개월,계좌이체,없음,85435,2516095,220,2,5,0
14,12개월,카드,없음,150397,2286512,481,9,0,1
71,12개월,카드,없음,94667,7386875,229,3,5,0
11,24개월,계좌이체,없음,83589,852811,51,4,2,1
13,12개월,지류고지서,광랜,79506,844304,67,10,2,1
49,무약정,계좌이체,기가,140523,7201083,389,4,4,0
26,12개월,카드,광랜,19000,402767,116,4,2,0
21,무약정,카드,없음,101393,2282656,474,4,5,1
38,무약정,계좌이체,광랜,67614,2241463,63,7,4,1
63,무약정,지류고지서,광랜,70931,4361482,302,10,3,0
33,무약정,계좌이체,기가,78746,2852763,498,5,0,1
53,무약정,계좌이체,기가,86367,4736362,358,0,3,0
19,12개월,계좌이체,없음,152000,2162010,432,2,0,1
33,무약정,계좌이체,광랜,67678,2342777,203,10,0,1
41,무약정,지류고지서,광랜,84991,3744809,494,4,0,0
62,무약정,계좌이체,기가,115018,6441066,46,6,3,0
16,12개월,지류고지서,기가,84145,1335638,206,0,0,1
33,12개월,계좌이체,광랜,79247,2520588,228,2,0,1
48,무약정,지류고지서,기가,152000,6726050,183,1,3,1
54,24개월,계좌이체,기가,22420,1394013,47,1,5,0
34,무약정,카드,없음,61070,1651168,298,10,0,1
43,24개월,카드,없음,82509,3327482,483,3,4,0
58,24개월,계좌이체,기가,95598,5786601,465,0,5,0
42,12개월,계좌이체,기가,116185,5071737,271,9,1,1
56,24개월,계좌이체,없음,97709,5189851,210,4,5,0
55,무약정,계좌이체,없음,56047,3090754,418,5,0,1
14,12개월,계좌이체,기가,52105,753646,461,3,0,1
25,12개월,지류고지서,광랜,60103,1663449,94,10,2,1
59,24개월,카드,광랜,35426,2116732,71,6,4,0
49,무약정,지류고지서,광랜,,1382001,346,2,0,0
34,12개월,지류고지서,기가,41657,,167,3,1,1
57,12개월,카드,기가,,6835819,335,9,1,0
46,24개월,카드,광랜,52144,2461045,175,7,3,0
67,24개월,지류고지서,광랜,127251,7432940,349,0,1,0
44,24개월,계좌이체,기가,89964,4121986,82,2,2,0
3,무약정,카드,광랜,70851,235626,362,7,3,1
5,무약정,지류고지서,광랜,,222478,58,0,2,1
53,24개월,계좌이체,기가,120702,5941248,181,5,,1
58,무약정,카드,없음,,1308705,485,3,,0
68,무약정,카드,없음,139675,10392649,109,10,5,1
14,무약정,지류고지서,광랜,110192,1394066,353,8,4,1
10,12개월,지류고지서,없음,120826,1025228,92,8,1,1
31,무약정,지류고지서,없음,53143,2130716,92,1,2,0
18,24개월,계좌이체,광랜,120391,2193636,25,2,2,1
19,24개월,지류고지서,기가,94237,2019707,293,3,3,1
58,24개월,계좌이체,광랜,19000,1146010,467,0,4,0
59,24개월,카드,없음,19000,955442,180,10,5,0
60,12개월,지류고지서,없음,19000,1099561,365,4,1,1
24,무약정,카드,기가,41791,1081805,38,9,2,0
65,무약정,계좌이체,기가,91830,6037760,394,1,5,0
64,12개월,계좌이체,기가,73380,4984041,191,9,2,1
43,12개월,카드,광랜,126052,5671663,,2,4,1
67,12개월,지류고지서,기가,122294,9129779,376,10,5,1
11,24개월,계좌이체,없음,65004,750691,108,4,4,1
43,12개월,지류고지서,광랜,72431,2915139,372,9,4,1
37,무약정,,없음,72091,2808645,259,2,5,0
60,,카드,없음,148217,9421840,36,2,0,0
7,24개월,계좌이체,없음,81278,570074,472,6,1,1
42,무약정,지류고지서,없음,80179,3029675,16,0,4,0
22,24개월,지류고지서,없음,64518,1326892,201,5,,0
24,무약정,계좌이체,광랜,152000,3369853,126,1,5,0
53,24개월,지류고지서,기가,82932,4370611,66,9,5,0
,24개월,지류고지서,없음,49572,2162652,207,2,1,0
51,24개월,,기가,106097,5171448,36,9,0,1
6,무약정,지류고지서,,63507,,291,9,0,1
50,,계좌이체,기가,152000,6992626,78,4,1,1
66,12개월,계좌이체,광랜,80199,5661760,177,10,,1
30,24개월,지류고지서,기가,109677,3480225,188,0,1,1
55,12개월,지류고지서,없음,64555,3297674,131,7,4,0
1,무약정,카드,광랜,129598,137031,448,0,5,1
13,무약정,계좌이체,광랜,142139,1915248,318,9,3,1
55,24개월,지류고지서,기가,63552,3271158,69,7,4,0
44,무약정,지류고지서,없음,109367,4285994,341,10,5,1
31,무약정,카드,광랜,43799,1404432,184,5,3,1
48,무약정,카드,광랜,139618,7425181,38,0,3,0
17,무약정,카드,광랜,109795,2116354,319,6,5,1
28,12개월,지류고지서,기가,,1810176,9,6,0,1
8,무약정,카드,광랜,,474020,422,2,,1
68,12개월,지류고지서,기가,63541,3981016,143,5,5,0
30,24개월,계좌이체,광랜,26464,741879,187,3,2,1
64,24개월,지류고지서,기가,112475,6950682,332,3,1,0
45,24개월,지류고지서,광랜,110699,4874886,27,6,3,1
17,12개월,계좌이체,없음,149109,3011439,238,9,3,1
,무약정,지류고지서,광랜,90373,2174721,154,2,1,1
60,24개월,지류고지서,기가,,1181751,343,2,4,0
53,12개월,지류고지서,기가,19000,1055357,25,6,2,0
40,12개월,계좌이체,광랜,145123,5768607,96,4,1,1
29,무약정,지류고지서,기가,,2026571,170,3,2,1
13,12개월,,없음,,,193,5,0,1
59,무약정,지류고지서,없음,91133,5531278,455,3,4,0
6,24개월,지류고지서,없음,83428,535992,26,6,0,1
29,24개월,계좌이체,광랜,94056,2604939,88,5,2,1
33,12개월,계좌이체,없음,142293,4426961,454,0,0,1
44,24개월,카드,없음,,2280577,332,1,4,0
,12개월,카드,광랜,61809,2268741,441,9,5,0
54,24개월,지류고지서,기가,19000,1184150,160,3,4,0
28,12개월,카드,기가,77724,2486319,81,0,2,1
23,24개월,지류고지서,기가,100627,2509331,247,4,3,1
2,무약정,계좌이체,기가,121750,,444,9,1,1
54,무약정,카드,없음,67466,4372082,230,10,4,0
10,24개월,계좌이체,기가,98373,868817,452,2,4,0
30,무약정,지류고지서,기가,126355,4429733,,3,3,1
51,무약정,카드,없음,51292,2795641,327,5,3,1
66,12개월,계좌이체,광랜,88451,4986834,164,2,5,0
7,12개월,계좌이체,광랜,82831,646938,361,8,4,1
18,무약정,카드,광랜,43230,735386,72,5,0,1
62,24개월,지류고지서,광랜,19000,1185342,122,9,,0
1,24개월,지류고지서,기가,132842,147675,159,8,2,1
32,12개월,계좌이체,없음,83939,2564372,84,3,0,0
36,12개월,계좌이체,광랜,66099,1944960,431,2,5,0
7,무약정,카드,기가,,835446,102,4,1,1
13,24개월,계좌이체,광랜,64638,751070,183,,1,1
63,24개월,카드,광랜,,1295476,447,0,1,0
61,무약정,지류고지서,광랜,82125,4487405,323,0,0,0
5,무약정,지류고지서,기가,93582,458895,234,6,4,1
71,12개월,카드,광랜,88587,6722295,425,7,0,1
41,24개월,지류고지서,없음,66435,3219485,27,1,2,0
70,24개월,지류고지서,광랜,76139,5422868,353,3,5,0
22,24개월,계좌이체,없음,,711507,298,5,2,0
38,24개월,계좌이체,광랜,152000,5942345,380,7,5,0
50,12개월,지류고지서,기가,109015,5200604,99,7,,1
33,무약정,카드,기가,152000,5446985,502,0,1,1
65,무약정,카드,없음,134136,8547763,335,5,2,1
47,무약정,카드,기가,41525,2018417,298,2,2,0
13,,카드,광랜,114194,1588868,51,7,3,1
23,24개월,지류고지서,없음,50644,,229,3,0,1
67,무약정,카드,광랜,19000,1003332,228,4,0,0
28,무약정,지류고지서,없음,93386,2955336,146,10,4,1
24,24개월,계좌이체,광랜,55060,1338156,171,0,5,0
64,,지류고지서,광랜,67215,5356489,367,1,0,0
65,무약정,카드,기가,112743,7250944,288,0,4,0
44,24개월,카드,광랜,94498,3383926,454,1,0,0
62,24개월,계좌이체,없음,109617,5426308,363,8,5,1
7,24개월,지류고지서,기가,75594,547020,78,3,0,1
8,무약정,지류고지서,광랜,108881,847657,433,3,3,1
56,24개월,계좌이체,기가,108211,6346382,433,6,2,0
51,24개월,카드,없음,54092,2887358,337,2,3,0
59,12개월,카드,광랜,105347,6090052,156,3,0,0
71,24개월,지류고지서,없음,51035,3410136,44,7,3,0
54,24개월,계좌이체,없음,152000,6994378,393,8,3,0
20,12개월,카드,기가,68713,1291082,438,8,5,1
31,24개월,카드,없음,29267,906205,47,0,4,0
44,24개월,지류고지서,기가,98209,4796372,56,0,4,1
27,무약정,,광랜,134727,3468985,306,2,3,1
38,무약정,,기가,104223,4019898,181,3,1,1
74,24개월,계좌이체,광랜,47187,3879746,92,1,0,1
37,12개월,카드,없음,89870,3277522,74,0,3,1
56,무약정,카드,없음,73629,4184175,397,4,4,1
18,24개월,계좌이체,없음,,1245715,189,3,0,1
20,24개월,계좌이체,기가,,2183778,475,2,4,0
,12개월,,,80551,557028,95,6,0,1
18,무약정,지류고지서,없음,116421,2167096,213,0,3,1
52,12개월,지류고지서,없음,40803,1988225,418,,5,0
61,12개월,지류고지서,기가,102833,5806373,178,8,5,1
44,24개월,계좌이체,기가,26191,1109795,87,3,2,0
64,24개월,카드,없음,127484,7878155,24,3,2,0
24,24개월,계좌이체,광랜,25441,525956,149,3,3,1
39,무약정,계좌이체,광랜,125369,5150375,157,5,2,0
32,12개월,카드,광랜,98314,2975581,267,9,0,1
1,12개월,계좌이체,,75907,74378,,1,4,1
32,무약정,계좌이체,기가,96026,2863001,109,3,3,1
6,24개월,카드,없음,118471,734127,196,3,0,1
72,12개월,지류고지서,기가,125991,10431842,494,4,,0
74,12개월,카드,기가,93752,6178950,490,3,1,0
65,24개월,,기가,128421,9406868,474,9,0,0
38,24개월,카드,기가,94800,4251532,,3,4,0
39,12개월,지류고지서,없음,152000,6281504,117,7,5,1
55,,계좌이체,기가,104013,5330072,468,5,5,0
38,12개월,계좌이체,없음,69540,2506689,268,4,3,0
6,24개월,계좌이체,없음,98133,652195,405,1,3,0
16,무약정,계좌이체,기가,95730,1456861,397,8,2,1
3,12개월,지류고지서,기가,74884,252488,21,4,1,1
62,24개월,카드,광랜,72320,3954871,420,4,1,0
28,12개월,계좌이체,광랜,72951,2002124,131,3,0,1
38,무약정,지류고지서,없음,101505,3924576,350,9,0,1
52,24개월,지류고지서,광랜,50351,2515055,344,5,3,0
13,24개월,카드,없음,79472,1056804,138,2,3,0
58,24개월,지류고지서,없음,152000,-,179,,0,1
21,무약정,계좌이체,기가,56877,1418940,234,0,4,0
59,무약정,계좌이체,광랜,93198,5118286,99,1,3,0
72,무약정,계좌이체,기가,67908,4725856,370,1,2,1
14,12개월,지류고지서,없음,60669,862362,210,3,1,0
73,12개월,계좌이체,광랜,38020,3300959,315,,2,0
25,24개월,계좌이체,없음,152000,3995467,433,4,3,1
65,24개월,계좌이체,기가,89402,5632331,285,6,2,0
5,무약정,지류고지서,없음,65277,368146,168,2,3,1
26,24개월,카드,광랜,19000,586543,340,6,1,0
36,24개월,계좌이체,광랜,113785,4129967,503,7,0,1
9,12개월,지류고지서,없음,66716,612950,372,1,4,1
10,24개월,카드,광랜,86653,719378,95,,0,1
10,12개월,계좌이체,기가,35719,363489,395,2,1,1
59,24개월,지류고지서,기가,76551,3817358,294,5,4,0
59,,지류고지서,기가,111150,5739345,387,,5,1
45,12개월,지류고지서,없음,85741,3485711,210,1,3,0
36,24개월,카드,광랜,126032,4760985,346,8,1,0
44,12개월,지류고지서,광랜,105207,4558031,272,4,1,1
35,24개월,카드,없음,57434,2340605,318,5,5,0
44,24개월,계좌이체,,52159,2126398,,7,4,0
7,12개월,지류고지서,기가,68976,509476,310,2,4,1
36,무약정,지류고지서,기가,152000,4473857,233,2,5,1
22,무약정,지류고지서,없음,31687,758369,85,9,4,0
6,12개월,지류고지서,광랜,31715,229738,90,4,2,1
54,무약정,지류고지서,광랜,,1165053,251,1,3,0
18,24개월,계좌이체,광랜,102339,1873148,142,6,4,1
10,12개월,계좌이체,기가,96226,1004879,99,1,4,1
28,무약정,지류고지서,광랜,105363,3001901,37,1,2,1
30,12개월,카드,광랜,21112,694105,312,1,0,1
18,무약정,카드,기가,87164,1320232,68,5,3,1
39,무약정,계좌이체,광랜,135874,5695499,202,10,4,1
14,24개월,계좌이체,기가,85420,1126870,48,6,3,0
38,무약정,지류고지서,없음,,4678222,107,1,0,1
23,24개월,지류고지서,없음,81395,1838613,97,1,3,0
62,무약정,계좌이체,광랜,,4230476,434,5,2,1
52,12개월,계좌이체,기가,88525,4954235,307,8,0,0
41,무약정,계좌이체,기가,67734,3098312,132,0,0,0
19,24개월,,없음,52671,916223,192,,2,0
57,,카드,광랜,22385,1216187,340,,4,0
73,24개월,카드,없음,76232,,329,4,3,0
2,24개월,카드,광랜,61779,133662,348,0,4,0
,24개월,카드,기가,58242,3035379,484,7,1,0
72,24개월,계좌이체,광랜,37742,2427717,287,7,5,0
7,24개월,카드,기가,72765,512013,323,6,4,1
24,24개월,지류고지서,광랜,65603,1624626,177,4,2,1
59,24개월,계좌이체,없음,100182,,412,6,,1
41,무약정,계좌이체,기가,144434,5920008,382,2,3,0
23,24개월,지류고지서,기가,96469,2192061,369,8,3,1
50,24개월,계좌이체,없음,79259,3396232,210,2,0,1
30,무약정,지류고지서,기가,22776,688127,80,5,0,1
,24개월,계좌이체,기가,42733,501712,415,3,3,1
8,무약정,카드,광랜,67688,542002,355,0,2,0
25,24개월,계좌이체,기가,80931,2082255,70,1,1,0
27,무약정,카드,없음,124622,2681757,331,9,5,1
64,24개월,지류고지서,광랜,81427,4556139,251,3,3,0
5,12개월,,광랜,104415,576368,208,0,1,1
15,12개월,지류고지서,기가,37167,525572,392,4,3,1
47,24개월,지류고지서,광랜,131202,,89,0,3,0
49,무약정,계좌이체,없음,99217,4746146,132,0,4,0
72,무약정,계좌이체,없음,100279,7029227,368,5,1,0
46,무약정,카드,광랜,83824,4562061,21,2,4,0
64,무약정,계좌이체,광랜,43707,2905441,236,7,3,0
49,12개월,지류고지서,기가,116981,5655181,449,1,0,1
45,무약정,카드,기가,152000,6417640,67,1,1,1
46,무약정,계좌이체,없음,147557,6481405,297,9,5,1
53,12개월,지류고지서,광랜,105186,6290376,408,1,5,0
69,12개월,카드,없음,19000,1234323,91,0,3,0
9,12개월,카드,없음,62953,548181,184,6,1,1
72,24개월,지류고지서,없음,152000,12936795,352,2,4,1
45,무약정,계좌이체,기가,60490,2675682,76,2,0,0
39,12개월,지류고지서,기가,101943,미확인,88,4,0,1
48,무약정,계좌이체,광랜,81281,-,355,0,1,1
35,,계좌이체,없음,100148,3302031,222,1,2,1
31,12개월,계좌이체,광랜,128970,3713277,267,,4,1
38,무약정,카드,없음,119217,4841875,300,6,5,1
27,24개월,지류고지서,광랜,19000,615091,443,8,4,0
18,24개월,카드,기가,81403,1471416,276,6,4,1
42,24개월,계좌이체,없음,120348,4433825,125,2,4,1
73,무약정,지류고지서,기가,93169,6699678,113,2,0,0
8,12개월,카드,기가,148784,1251501,,9,3,1
28,24개월,지류고지서,기가,109335,3632211,323,1,2,0
45,24개월,계좌이체,,,5919784,419,9,1,1
16,24개월,계좌이체,기가,28334,445563,184,2,4,0
28,무약정,지류고지서,기가,35089,859873,351,2,0,1
37,12개월,카드,기가,73600,2557962,9,0,3,0
52,24개월,계좌이체,광랜,76712,3116552,292,3,1,0
48,무약정,계좌이체,광랜,127086,6553141,434,6,3,1
23,,계좌이체,기가,82978,1547038,51,9,0,1
63,24개월,카드,없음,19000,1291618,61,5,3,0
61,24개월,카드,광랜,142512,8390774,291,1,0,1
70,24개월,지류고지서,기가,107472,6827084,21,9,0,1
63,12개월,지류고지서,없음,140715,8272927,102,4,3,0
13,24개월,계좌이체,없음,87913,1218900,388,0,0,0
50,12개월,계좌이체,광랜,148329,7515363,472,0,2,1
54,24개월,카드,기가,141644,미확인,116,6,4,0
59,12개월,지류고지서,없음,82690,5289570,32,8,4,0
61,무약정,지류고지서,없음,65887,4699474,315,7,2,0
63,24개월,계좌이체,기가,,3938715,430,0,3,0
48,무약정,계좌이체,없음,114318,5406691,,1,5,0
66,무약정,지류고지서,기가,57504,3682448,233,5,1,0
30,무약정,카드,광랜,82836,2270802,285,7,4,1
12,24개월,카드,광랜,59423,767800,135,2,1,1
33,24개월,카드,없음,123409,3444008,454,0,3,0
39,무약정,계좌이체,기가,78598,3072659,236,9,2,1
15,24개월,계좌이체,광랜,,1154262,485,8,0,1
10,24개월,계좌이체,없음,48105,481512,466,0,3,0
52,무약정,계좌이체,,109086,5685187,337,9,4,1
29,무약정,카드,없음,99260,2943090,164,3,0,0
56,무약정,계좌이체,기가,50882,3048854,248,1,3,1
7,무약정,카드,기가,70029,533476,442,4,5,1
27,24개월,카드,기가,129395,3764801,438,9,3,1
4,무약정,계좌이체,광랜,103759,382654,335,2,0,0
39,12개월,계좌이체,광랜,122199,3878444,396,1,5,1
15,24개월,계좌이체,없음,80134,1340758,68,3,0,0
49,24개월,카드,광랜,134018,6669579,80,10,0,1
37,무약정,카드,기가,60916,2394769,179,10,2,1
13,24개월,지류고지서,광랜,97832,1517273,190,8,0,1
29,,계좌이체,광랜,108800,2936760,84,5,3,1
27,무약정,카드,기가,77713,2511996,474,0,2,0
18,12개월,지류고지서,없음,90820,1469820,107,9,4,1
28,12개월,계좌이체,광랜,80253,2223791,159,0,4,1
40,무약정,지류고지서,,97344,4065518,467,4,3,1
31,12개월,지류고지서,광랜,138689,4286408,165,4,4,1
1,24개월,지류고지서,없음,68121,61409,146,9,4,1
70,24개월,계좌이체,광랜,19000,1391956,325,2,3,0
65,무약정,계좌이체,광랜,103064,6070163,138,3,4,0
30,무약정,지류고지서,없음,83413,2438149,193,7,4,0
73,12개월,계좌이체,없음,63212,4120669,36,4,4,0
34,24개월,계좌이체,없음,86431,2945024,142,8,,0
24,12개월,계좌이체,없음,81989,1714318,162,2,5,0
21,24개월,지류고지서,기가,114801,2338716,219,0,4,0
65,무약정,카드,기가,88905,5017002,225,1,0,0
66,24개월,지류고지서,기가,62525,4610628,501,1,3,0
31,12개월,계좌이체,없음,19000,523993,249,3,3,0
3,24개월,카드,없음,152000,475537,61,7,0,1
39,24개월,계좌이체,없음,98828,4125124,31,6,5,0
45,24개월,지류고지서,,72136,2777819,355,1,5,1
55,12개월,계좌이체,광랜,82401,4478683,161,3,0,0
69,12개월,카드,기가,94857,5876277,234,8,2,1
4,12개월,계좌이체,없음,68320,307939,224,0,3,1
4,24개월,지류고지서,없음,85215,345520,445,7,4,1
12,24개월,카드,광랜,97187,1158891,280,5,2,1
54,12개월,카드,없음,118681,6404846,189,10,2,1
52,24개월,지류고지서,없음,54113,2974336,49,9,2,0
61,24개월,카드,,70929,,271,5,,0
42,12개월,지류고지서,기가,94979,3802804,253,8,0,1
58,24개월,지류고지서,기가,138319,8099033,259,5,5,0
43,24개월,지류고지서,광랜,133144,,297,2,2,1
59,12개월,계좌이체,광랜,80050,4993814,32,2,4,0
64,24개월,,광랜,51372,3543139,231,9,2,0
54,무약정,계좌이체,없음,70800,3814223,315,7,4,1
13,24개월,지류고지서,광랜,83127,1101269,390,4,2,0
7,24개월,지류고지서,기가,128449,857178,427,4,3,1
53,무약정,카드,기가,111501,6504262,455,0,1,0
30,24개월,카드,광랜,52921,1720078,68,4,4,0
65,무약정,계좌이체,없음,95810,6770777,330,3,3,0
22,24개월,카드,광랜,90315,2026915,211,3,,0
58,무약정,카드,기가,104907,6350275,241,5,4,0
11,무약정,계좌이체,없음,84407,,34,0,1,1
64,무약정,카드,없음,141930,9930927,234,3,0,0
5,12개월,계좌이체,광랜,90147,568095,322,4,5,1
20,24개월,계좌이체,없음,91634,1922017,148,6,,1
69,12개월,카드,없음,77233,5189551,236,2,4,0
70,무약정,지류고지서,광랜,121733,7739201,361,1,1,1
23,24개월,계좌이체,없음,76203,1873117,249,1,4,1
17,,지류고지서,없음,66879,1094213,421,5,0,1
73,24개월,계좌이체,없음,57771,4613303,42,6,1,0
38,24개월,카드,광랜,126122,4319023,56,6,0,1
63,24개월,카드,없음,91573,5361971,226,0,3,1
55,24개월,지류고지서,기가,68517,3486187,449,0,5,0
62,12개월,계좌이체,없음,69564,4252206,425,0,4,0
66,12개월,카드,기가,88341,6076828,141,5,3,0
34,12개월,카드,기가,29046,1139535,161,0,2,0
30,24개월,지류고지서,없음,50621,1685713,123,0,3,0
7,무약정,카드,없음,91725,683845,428,6,3,1
33,무약정,지류고지서,기가,122175,3885106,471,0,0,1
64,무약정,계좌이체,광랜,127216,8089498,25,7,4,0
16,24개월,지류고지서,광랜,152000,2486364,120,9,3,1
12,24개월,카드,광랜,53394,691489,138,10,2,1
6,24개월,계좌이체,없음,67745,409651,321,9,3,1
29,24개월,카드,기가,152000,4913078,108,9,5,1
48,24개월,계좌이체,없음,109351,5760946,482,7,4,0
30,무약정,계좌이체,없음,19000,631821,64,,2,0
34,12개월,계좌이체,광랜,77565,2630703,183,10,5,1
48,12개월,지류고지서,,19000,1006174,359,2,3,1
28,24개월,지류고지서,기가,83398,2312189,363,10,3,1
40,12개월,계좌이체,광랜,80024,3348587,369,,1,0
67,24개월,카드,기가,107898,7562207,374,3,0,0
8,무약정,계좌이체,기가,92902,776347,226,7,2,1
49,24개월,카드,없음,142506,,428,1,3,0
20,,카드,광랜,84054,1600452,358,8,1,1
39,무약정,계좌이체,없음,82704,3450424,491,7,2,0
1,24개월,계좌이체,기가,19620,21327,321,2,2,1
9,24개월,계좌이체,광랜,112888,965926,445,4,1,1
18,24개월,계좌이체,광랜,88967,-,204,9,0,1
71,무약정,지류고지서,광랜,105765,5218153,458,0,3,1
20,무약정,계좌이체,광랜,105956,1694531,459,4,3,1
19,24개월,카드,광랜,100588,2099001,493,0,3,0
56,12개월,카드,없음,100744,5401707,244,4,0,0
41,12개월,지류고지서,기가,149645,6685259,112,1,2,1
26,무약정,지류고지서,없음,56560,1600578,171,10,1,1
22,12개월,지류고지서,없음,19000,407300,392,0,5,0
64,12개월,지류고지서,없음,64057,,217,8,3,0
17,12개월,지류고지서,광랜,79643,1284892,47,3,3,1
30,24개월,계좌이체,광랜,92822,2868235,21,5,0,0
14,무약정,지류고지서,광랜,31280,391877,499,9,1,1
38,24개월,지류고지서,광랜,127795,5166620,503,1,0,1
59,12개월,지류고지서,광랜,68050,4266115,491,2,0,1
40,12개월,계좌이체,광랜,63261,2619187,176,4,1,0
9,24개월,지류고지서,광랜,54980,528909,167,0,0,1
57,24개월,,광랜,19000,1191643,,3,0,0
38,12개월,계좌이체,기가,109178,4258082,455,9,2,1
59,무약정,계좌이체,없음,42614,2632702,368,5,4,0
24,24개월,지류고지서,광랜,152000,4029883,205,2,0,1
70,무약정,카드,없음,19000,1201852,270,0,5,0
50,24개월,카드,없음,,2819701,21,6,1,0
48,12개월,지류고지서,없음,88793,3839005,305,0,0,1
44,24개월,카드,광랜,108232,5079266,131,2,3,1
33,12개월,지류고지서,없음,41712,1291461,467,2,1,0
73,24개월,계좌이체,기가,68119,4746615,50,2,0,1
16,무약정,지류고지서,기가,19000,350381,237,2,3,1
7,,카드,기가,77164,584424,,6,5,1
38,24개월,계좌이체,기가,19000,685006,197,5,2,0
48,12개월,계좌이체,광랜,152000,7714688,37,0,2,1
38,12개월,계좌이체,없음,72571,2755983,225,4,1,1
8,24개월,,기가,86669,,265,9,1,1
40,12개월,지류고지서,기가,93652,3757824,359,4,3,1
74,12개월,계좌이체,없음,40366,2556585,8,4,0,0
56,24개월,지류고지서,광랜,135045,6814895,304,3,4,0
19,12개월,지류고지서,없음,54972,1209807,468,2,0,1
60,24개월,지류고지서,광랜,152000,9717877,257,6,1,1
40,24개월,계좌이체,기가,37992,,263,1,5,0
40,무약정,계좌이체,없음,140693,6731182,30,3,0,1
70,무약정,지류고지서,기가,108010,7694091,,1,1,0
40,무약정,계좌이체,광랜,66931,2586695,239,9,1,1
25,24개월,지류고지서,없음,111917,2187191,386,4,1,1
14,24개월,,기가,143753,2030982,401,7,0,1
49,12개월,지류고지서,기가,86606,3234682,129,5,0,1
42,무약정,지류고지서,없음,113125,4464518,48,,3,1
31,24개월,지류고지서,없음,101330,2957282,255,7,3,1
25,24개월,지류고지서,없음,143921,4147035,490,10,2,1
52,24개월,계좌이체,광랜,70127,3061092,270,5,4,0
66,무약정,카드,기가,139155,9383547,459,,4,1
20,24개월,계좌이체,없음,46881,919722,405,10,5,1
64,24개월,카드,광랜,44877,2944453,486,8,5,0
37,12개월,지류고지서,광랜,74292,3125623,162,6,4,0
47,무약정,지류고지서,없음,26887,,417,4,0,1
40,24개월,지류고지서,없음,91148,3569628,200,,0,0
5,12개월,지류고지서,기가,97752,482620,377,2,1,1
74,12개월,지류고지서,광랜,78275,5179925,362,0,,0
2,무약정,카드,광랜,96499,152681,61,5,3,1
20,24개월,계좌이체,광랜,94764,1756707,180,9,1,1
73,24개월,지류고지서,광랜,123894,-,198,5,5,0
20,12개월,계좌이체,광랜,,1411777,74,4,3,1
27,무약정,지류고지서,없음,56847,1392257,304,1,4,1
48,24개월,지류고지서,없음,19000,971370,118,10,0,0
8,24개월,지류고지서,기가,19000,164763,418,6,0,1
52,12개월,계좌이체,없음,75531,4044399,102,7,5,1
44,24개월,카드,광랜,118452,5145211,443,5,2,0
48,24개월,카드,기가,76477,3373867,348,4,,0
37,무약정,카드,기가,152000,4570112,274,7,4,1
,무약정,계좌이체,기가,108356,7903729,130,5,1,0
36,24개월,카드,기가,128247,4418476,481,3,4,1
48,24개월,지류고지서,없음,112244,4727750,220,7,3,0
33,24개월,카드,기가,60800,1783321,270,7,2,1
55,12개월,카드,기가,60189,3428723,85,1,0,0
69,12개월,지류고지서,광랜,116324,8751404,378,3,2,0
57,24개월,지류고지서,기가,71679,3516251,331,10,,0
12,24개월,지류고지서,광랜,141428,1380179,141,10,3,1
23,24개월,지류고지서,없음,82202,2071908,490,9,1,1
74,24개월,계좌이체,없음,136219,9431662,133,6,0,1
58,24개월,계좌이체,기가,81541,4862590,296,3,0,0
,24개월,계좌이체,없음,115486,3996937,318,7,4,0
42,24개월,계좌이체,없음,78072,3436604,339,5,3,0
71,24개월,카드,없음,146462,9895987,167,7,1,0
47,24개월,지류고지서,없음,19000,957049,472,6,0,0
49,12개월,계좌이체,광랜,132757,5551319,457,3,0,0
57,24개월,계좌이체,기가,64457,3921924,240,9,3,1
66,무약정,카드,기가,,미확인,488,10,5,0
7,24개월,계좌이체,기가,65663,485683,74,2,3,0
21,12개월,계좌이체,광랜,101009,2159016,160,9,,1
70,무약정,지류고지서,기가,113243,7903936,123,8,4,0
50,12개월,계좌이체,광랜,96963,5692210,101,5,4,0
42,12개월,지류고지서,광랜,99445,4025904,88,1,1,1
21,24개월,계좌이체,광랜,100153,2164949,180,10,3,1
43,무약정,계좌이체,기가,42065,1774222,81,0,4,0
43,24개월,지류고지서,광랜,111724,4398114,52,2,5,0
10,12개월,계좌이체,없음,99187,1197273,419,1,1,1
40,12개월,카드,없음,81699,3106908,315,6,1,1
30,12개월,계좌이체,기가,108431,-,50,7,2,1
59,,지류고지서,없음,128440,8053025,123,3,1,1
35,무약정,지류고지서,기가,152000,5314596,246,10,,1
19,24개월,카드,기가,97363,1870682,451,9,5,1
61,무약정,카드,,90934,5504569,451,0,3,0
12,무약정,지류고지서,기가,100875,1065090,84,1,1,1
38,24개월,계좌이체,없음,87862,,391,6,0,1
32,무약정,계좌이체,광랜,,1596490,484,1,4,1
6,무약정,카드,기가,100399,559038,432,7,2,1
19,12개월,계좌이체,없음,91308,1579149,,0,4,0
52,12개월,계좌이체,기가,74697,3881236,34,2,0,0
2,무약정,카드,광랜,,270994,215,,0,1
63,24개월,계좌이체,광랜,63301,-,455,5,0,0
53,무약정,계좌이체,없음,89654,4292590,494,7,0,1
2,무약정,카드,기가,36663,72266,475,3,4,1
50,무약정,계좌이체,없음,51239,2740988,235,9,3,1
27,12개월,카드,광랜,19847,497748,8,3,1,1
66,24개월,,기가,55957,3656876,359,3,3,0
73,무약정,계좌이체,광랜,19000,1331686,448,4,5,0
65,24개월,카드,광랜,128379,9093020,386,1,1,0
31,12개월,지류고지서,광랜,43442,1305025,351,5,,0
14,24개월,계좌이체,없음,71211,1168730,448,4,3,0
62,24개월,계좌이체,없음,46972,2940561,281,4,3,0
29,24개월,계좌이체,,69739,2028003,,3,2,0
28,24개월,계좌이체,광랜,129292,3423406,105,2,5,0
70,무약정,계좌이체,기가,77949,5135948,117,5,0,0
38,12개월,카드,없음,26666,1027581,408,5,0,0
,24개월,카드,광랜,,183469,47,1,4,0
51,24개월,지류고지서,없음,93190,4875288,417,4,5,1
48,12개월,계좌이체,없음,98269,4884062,183,2,,1
5,24개월,계좌이체,기가,76612,347750,46,3,3,0
1,12개월,카드,광랜,63686,58033,419,10,1,1
49,24개월,지류고지서,광랜,122165,6889507,27,4,3,0
19,무약정,계좌이체,기가,52390,1026340,396,2,2,0
61,24개월,지류고지서,,82295,4671503,73,1,2,0
5,무약정,계좌이체,광랜,94471,500587,390,2,0,1
74,12개월,지류고지서,기가,89609,6496221,403,0,5,1
2,무약정,지류고지서,광랜,114127,196100,447,0,0,1
41,무약정,계좌이체,기가,101539,4521660,300,7,5,0
8,24개월,카드,광랜,84263,703270,288,4,4,1
37,12개월,,광랜,43380,,287,4,3,1
7,24개월,지류고지서,광랜,111862,738146,314,5,4,1
62,12개월,계좌이체,광랜,131918,7584516,214,6,3,1
,24개월,지류고지서,없음,57485,2010440,244,2,4,0
27,무약정,지류고지서,없음,138648,3957227,127,0,2,1
5,무약정,지류고지서,기가,112181,539682,83,2,4,1
43,무약정,카드,기가,,4571329,327,3,3,1
11,12개월,계좌이체,기가,67181,749112,124,7,0,1
37,무약정,지류고지서,기가,79152,3190006,35,4,1,0
26,12개월,지류고지서,기가,65966,1911017,450,2,4,1
27,24개월,계좌이체,광랜,49638,1360703,406,3,5,0
27,무약정,지류고지서,없음,71754,,292,7,0,1
18,12개월,지류고지서,기가,76682,1768578,400,9,3,1
54,24개월,계좌이체,기가,46073,,345,7,1,0
7,24개월,계좌이체,기가,88883,612918,231,0,1,1
29,12개월,계좌이체,없음,77314,2057360,,1,0,1
30,24개월,지류고지서,없음,48821,1260708,393,0,2,0
59,24개월,,기가,19000,965471,305,0,1,0
64,무약정,지류고지서,기가,,6727598,503,10,0,1
6,12개월,카드,기가,80255,564853,295,4,,1
,24개월,,광랜,92730,5749827,123,3,2,0
12,무약정,지류고지서,없음,43872,565974,224,0,3,1
9,무약정,지류고지서,없음,152000,1481641,176,2,2,1
42,24개월,지류고지서,광랜,,,108,0,4,1
45,24개월,계좌이체,없음,28120,1141443,33,6,5,0
3,무약정,카드,없음,,270957,423,8,0,1
13,무약정,카드,없음,152000,1822600,486,5,1,1
29,무약정,지류고지서,기가,144302,4537067,68,5,5,1
12,24개월,지류고지서,기가,111850,1465966,307,9,4,1
5,무약정,카드,없음,92641,421797,323,10,,1
71,24개월,,없음,93188,6416193,187,8,4,0
22,24개월,계좌이체,광랜,44089,1008604,163,10,5,0
48,24개월,계좌이체,광랜,105370,4764944,493,6,4,0
5,12개월,카드,광랜,113982,509911,490,7,5,1
29,12개월,카드,광랜,78077,2223561,122,2,2,1
2,무약정,지류고지서,없음,144471,325335,395,7,,1
51,무약정,지류고지서,광랜,53843,2514392,349,1,3,0
33,12개월,계좌이체,광랜,107768,3522488,343,0,0,0
74,24개월,계좌이체,기가,95279,미확인,232,4,2,0
18,12개월,카드,없음,86924,1578158,458,7,0,1
54,24개월,계좌이체,광랜,87631,4828714,,5,2,0
15,24개월,지류고지서,기가,48118,617808,62,8,0,0
9,12개월,계좌이체,기가,92737,1015796,408,6,0,1
28,무약정,카드,없음,37653,1036682,111,10,3,0
63,12개월,계좌이체,기가,68876,4878925,37,8,2,1
32,24개월,카드,광랜,111985,3039998,241,7,0,1
45,12개월,지류고지서,없음,89683,4122999,190,,3,1
42,12개월,계좌이체,,116834,4737682,428,8,,1
25,24개월,지류고지서,광랜,120018,3120495,66,0,1,1
4,12개월,지류고지서,광랜,63782,236373,397,1,2,1
61,무약정,계좌이체,광랜,36541,1637374,438,9,1,0
44,24개월,카드,기가,124792,6597044,193,4,2,1
26,24개월,카드,광랜,92244,3049962,113,1,0,1
62,무약정,계좌이체,기가,125804,8360491,218,1,1,1
74,무약정,계좌이체,없음,54070,4537288,237,2,2,0
41,24개월,지류고지서,광랜,111478,5596922,203,6,3,0
27,12개월,카드,기가,19000,417074,374,5,3,0
62,24개월,계좌이체,광랜,65064,3403143,182,4,5,0
8,무약정,지류고지서,기가,118573,806367,221,1,4,1
63,12개월,카드,없음,54269,3438828,194,8,2,0
53,24개월,카드,기가,64680,,384,4,5,0
19,24개월,계좌이체,없음,72146,1212365,170,0,3,0
64,24개월,지류고지서,광랜,105059,미확인,485,5,5,1
33,24개월,지류고지서,없음,115332,3938056,295,4,0,0
4,무약정,계좌이체,광랜,112498,360341,432,1,5,1
14,24개월,지류고지서,기가,101930,1078566,195,7,4,0
36,24개월,지류고지서,없음,132600,5305826,406,7,0,1
5,12개월,지류고지서,기가,73245,322972,134,4,0,1
67,12개월,지류고지서,기가,123917,6717846,78,5,3,1
50,12개월,계좌이체,없음,116282,6194358,404,0,0,0
49,무약정,카드,없음,115232,,485,5,0,1
56,12개월,계좌이체,광랜,116449,5577823,268,10,1,1
69,무약정,지류고지서,기가,118988,7497215,,,2,1
4,,카드,없음,112229,406112,305,5,4,1
15,24개월,지류고지서,기가,104830,1354872,77,,0,0
23,무약정,카드,광랜,104950,2394665,96,4,1,1
42,24개월,계좌이체,광랜,56749,2427282,411,9,1,0
58,24개월,계좌이체,광랜,47771,2902567,,0,0,0
16,12개월,지류고지서,기가,102580,1501265,38,6,3,1
57,무약정,계좌이체,광랜,19000,1181305,307,,2,1
14,12개월,카드,기가,105369,1230447,390,,0,1
67,24개월,카드,없음,105852,6813280,111,2,3,0
5,24개월,지류고지서,없음,143984,683445,277,2,4,1
22,무약정,카드,광랜,,3708624,8,8,0,1
15,12개월,카드,광랜,29265,555662,350,0,3,0
62,무약정,카드,,27933,1734996,123,10,2,0
25,24개월,계좌이체,기가,19000,467975,199,,0,0
47,12개월,계좌이체,없음,110907,,246,2,4,1
38,24개월,계좌이체,광랜,52909,2015616,368,10,3,1
32,24개월,계좌이체,없음,68126,2316464,480,1,5,0
57,24개월,카드,기가,121929,7328111,41,10,1,0
48,24개월,지류고지서,광랜,84480,3707761,411,0,2,0
37,무약정,카드,없음,140068,5286147,105,0,5,1
38,무약정,지류고지서,광랜,121718,4753563,444,1,2,0
30,무약정,계좌이체,기가,77899,2161065,26,7,4,1
20,무약정,카드,없음,60447,1412623,452,2,4,1
61,24개월,계좌이체,없음,84159,5195760,396,4,3,0
50,12개월,카드,없음,85262,4351543,476,1,0,0
71,24개월,계좌이체,없음,54711,4041641,292,9,2,0
15,24개월,지류고지서,기가,89798,1084295,246,3,3,0
43,24개월,지류고지서,기가,58303,2481310,,0,2,0
42,무약정,카드,광랜,107328,4177373,484,7,0,1
5,24개월,카드,없음,111166,554008,424,9,1,1
60,,카드,광랜,59047,3527001,452,0,2,0
73,무약정,지류고지서,없음,122767,9072858,282,0,3,1
57,,카드,기가,118495,5660152,423,3,4,0
39,24개월,계좌이체,,59189,2276023,491,5,2,1
28,24개월,카드,광랜,123880,3052457,440,0,0,1
26,12개월,지류고지서,광랜,78437,2261199,393,3,1,1
16,24개월,카드,광랜,79866,1131466,,8,2,1
43,무약정,계좌이체,없음,97220,4774446,57,1,0,0
60,24개월,계좌이체,없음,51254,3459378,286,9,2,0
36,12개월,지류고지서,없음,74261,2630749,212,9,3,1
9,무약정,계좌이체,없음,40359,340612,162,1,4,1
10,12개월,지류고지서,없음,116291,1136820,413,0,4,1
52,무약정,지류고지서,없음,125532,6193753,10,9,0,1
48,24개월,계좌이체,없음,69064,2924225,149,3,2,0
46,12개월,카드,없음,89552,4736623,25,0,2,0
62,12개월,카드,광랜,19000,1066254,123,1,4,1
11,무약정,지류고지서,광랜,99989,1196899,191,3,1,1
26,무약정,카드,광랜,96948,3128326,54,4,5,1
10,12개월,카드,기가,118460,1203199,201,1,2,1
68,24개월,카드,없음,75629,4990623,192,7,4,0
74,12개월,계좌이체,없음,26446,1650515,14,6,5,0
63,24개월,계좌이체,없음,107465,5473567,169,9,5,0
9,무약정,계좌이체,광랜,67565,626563,202,4,5,1
30,24개월,계좌이체,기가,47698,1841357,374,0,4,1
18,12개월,지류고지서,광랜,24979,415822,56,0,5,0
50,12개월,계좌이체,기가,60527,-,,1,4,0
71,24개월,지류고지서,없음,33682,2472618,42,0,5,0
72,24개월,카드,광랜,93286,6123698,206,2,1,0
74,무약정,계좌이체,광랜,92337,5775022,99,7,3,0
7,24개월,카드,없음,77455,618578,428,7,5,1
29,24개월,계좌이체,광랜,105164,3272524,251,0,4,1
45,24개월,,기가,88158,3963795,241,1,2,1
47,무약정,지류고지서,없음,86099,4109804,332,5,1,1
46,,지류고지서,없음,135303,5865870,129,1,5,0
43,24개월,카드,없음,94407,4548524,387,0,1,0
27,24개월,계좌이체,없음,19000,648503,178,3,3,0
49,12개월,카드,광랜,104147,4983836,217,4,2,1
26,무약정,지류고지서,없음,64997,1952114,449,10,4,1
33,무약정,카드,기가,106351,3331354,153,9,5,1
50,24개월,지류고지서,광랜,142032,6461019,468,1,0,1
46,무약정,계좌이체,광랜,96914,4226054,388,5,,1
27,24개월,계좌이체,없음,19000,477244,427,6,2,0
48,24개월,지류고지서,기가,146928,6802874,217,7,1,1
27,,계좌이체,없음,84119,2414159,11,5,1,1
21,12개월,지류고지서,광랜,81542,1775565,80,2,,1
58,24개월,계좌이체,없음,75296,4098985,469,2,4,0
35,24개월,지류고지서,없음,,4828329,473,6,0,1
48,무약정,카드,없음,105839,4796222,320,4,4,1
45,24개월,카드,광랜,78315,3240486,62,3,2,0
68,12개월,계좌이체,없음,87323,5708296,225,0,0,0
67,무약정,카드,광랜,100597,6796231,145,10,3,1
20,12개월,지류고지서,기가,98017,2068008,474,1,4,1
,24개월,지류고지서,없음,62623,1394209,361,1,0,1
43,24개월,지류고지서,광랜,95141,4127051,482,2,5,0
52,24개월,계좌이체,기가,123682,6038050,383,1,2,0
25,24개월,카드,없음,,3158712,315,7,2,1
20,무약정,지류고지서,없음,142027,2511766,78,8,3,1
70,무약정,계좌이체,없음,82719,5254944,253,7,2,1
43,무약정,계좌이체,없음,94773,4484810,104,6,4,1
33,12개월,지류고지서,광랜,68465,2042715,116,2,4,1
51,무약정,지류고지서,광랜,,6096612,154,2,5,0
62,,지류고지서,없음,86429,5392508,495,6,4,1
74,24개월,카드,광랜,79192,5533844,179,8,2,1
56,24개월,카드,없음,46596,2734233,268,6,2,0
60,12개월,계좌이체,없음,103137,6817536,66,1,4,0
61,무약정,카드,기가,43516,2722536,350,7,4,0
45,12개월,계좌이체,광랜,73889,3746891,481,6,5,0
57,24개월,카드,없음,64973,3359783,,9,3,0
40,24개월,계좌이체,없음,73804,3016791,402,2,4,0
51,24개월,카드,없음,94157,4127248,181,0,2,0
74,12개월,계좌이체,기가,85907,6153434,220,2,4,0
24,무약정,카드,없음,89324,2186915,205,10,4,1
2,,계좌이체,광랜,71397,178263,57,7,1,1
5,24개월,,기가,125612,613017,452,4,2,1
2,무약정,카드,광랜,107552,208996,28,4,2,1
53,무약정,카드,기가,19000,921154,399,3,5,1
19,,지류고지서,없음,60514,1025843,130,4,5,1
38,24개월,계좌이체,기가,114950,3749224,170,7,1,1
40,무약정,계좌이체,광랜,54831,2091130,401,9,4,0
13,12개월,계좌이체,광랜,117931,1647860,93,2,0,1
19,무약정,카드,기가,48365,746560,287,4,0,1
68,무약정,계좌이체,없음,118022,7303761,419,4,0,0
36,24개월,계좌이체,기가,,722357,397,5,0,0
28,24개월,계좌이체,기가,51768,1572055,150,5,5,0
56,12개월,지류고지서,없음,70887,4144769,51,4,0,0
53,12개월,계좌이체,없음,,2572148,425,2,5,0
17,24개월,지류고지서,광랜,26401,413489,319,6,2,1
,무약정,계좌이체,없음,90173,3139356,465,8,1,1
21,무약정,계좌이체,없음,71506,1402344,278,,0,1
26,,지류고지서,광랜,45473,916892,428,9,3,1
32,24개월,지류고지서,광랜,94265,2797019,422,4,,1
9,12개월,카드,없음,120057,968174,295,,0,1
52,24개월,계좌이체,없음,107435,5047809,343,1,2,1
38,24개월,지류고지서,없음,97887,3571479,324,6,3,1
44,24개월,지류고지서,광랜,44741,1989369,400,3,1,0
51,무약정,카드,광랜,32540,1675778,111,4,5,0
60,무약정,카드,기가,83134,5280592,418,6,5,0
17,12개월,계좌이체,기가,127754,1992597,415,6,4,1
31,12개월,카드,기가,125994,4204069,305,5,3,1
2,무약정,지류고지서,없음,114389,199949,445,1,5,1
4,24개월,카드,기가,68396,299703,39,4,3,1
,24개월,지류고지서,기가,46450,430192,78,,2,1
61,무약정,지류고지서,기가,,4815022,,5,2,1
19,12개월,지류고지서,기가,27332,515638,71,2,0,0
40,24개월,계좌이체,기가,117692,5133242,376,10,0,1
70,12개월,계좌이체,기가,95142,7413687,86,6,0,1
14,24개월,지류고지서,기가,94807,1175878,196,5,1,1
8,24개월,카드,없음,55968,430636,,6,2,1
67,무약정,지류고지서,없음,121035,7325903,48,5,0,1
70,무약정,계좌이체,기가,71819,4362304,48,1,1,0
24,12개월,계좌이체,기가,152000,-,362,0,3,1
24,24개월,계좌이체,광랜,111460,2924861,491,9,1,1
18,12개월,카드,기가,148156,2793251,142,0,3,1
55,무약정,계좌이체,없음,28270,1454941,398,3,4,0
41,24개월,카드,없음,127411,,177,1,1,0
2,12개월,계좌이체,없음,131287,247363,331,8,4,1
21,24개월,지류고지서,광랜,93233,1780456,341,9,3,1
67,12개월,계좌이체,광랜,33494,2124565,231,3,5,0
31,무약정,계좌이체,없음,40642,1242455,408,1,2,1
44,24개월,지류고지서,기가,152000,6502280,490,1,0,0
10,무약정,지류고지서,기가,101509,938341,336,5,4,1
36,24개월,계좌이체,광랜,108077,3481237,491,10,2,1
55,24개월,계좌이체,기가,152000,7326375,322,1,2,1
71,무약정,지류고지서,광랜,124669,6914824,298,1,5,1
46,무약정,카드,기가,78111,3654892,244,9,0,1
9,무약정,카드,기가,28224,300727,295,0,2,0
,무약정,계좌이체,없음,152000,9963844,313,7,1,1
51,12개월,계좌이체,없음,88204,4620892,105,9,1,1
70,무약정,계좌이체,없음,144643,10331944,370,10,0,1
11,12개월,카드,없음,78331,806295,300,,0,1
72,24개월,계좌이체,기가,152000,11010297,498,5,3,0
69,12개월,지류고지서,없음,87984,6342204,406,7,3,0
59,24개월,계좌이체,광랜,68380,4679371,95,9,1,0
32,24개월,계좌이체,광랜,79704,2314733,86,1,0,1
57,24개월,계좌이체,없음,64226,4006698,365,10,4,0
25,24개월,계좌이체,,116609,3052958,473,4,4,0
71,무약정,지류고지서,없음,143070,10959715,54,3,1,1
13,24개월,지류고지서,기가,33149,346587,114,4,4,0
45,,지류고지서,없음,125817,5835301,123,2,2,1
20,12개월,계좌이체,광랜,98842,2133956,357,0,2,0
24,12개월,지류고지서,없음,120556,3335152,267,9,4,1
28,24개월,카드,광랜,124082,3381981,397,4,2,1
,24개월,계좌이체,없음,92121,4945626,486,7,2,0
65,12개월,카드,없음,64325,4528547,70,7,3,1
50,12개월,계좌이체,광랜,46770,2344483,185,4,0,0
33,무약정,계좌이체,기가,119280,미확인,211,6,3,1
70,,계좌이체,기가,117842,7899628,298,9,2,1
21,24개월,계좌이체,광랜,117523,1780250,433,3,1,1
8,24개월,계좌이체,없음,61167,538669,306,3,4,1
28,무약정,카드,광랜,59817,1610930,228,4,2,0
30,24개월,카드,없음,117338,2973984,153,2,4,1
61,무약정,지류고지서,광랜,83467,4867438,32,3,0,0
65,24개월,지류고지서,기가,68991,4071525,492,6,5,0
52,12개월,계좌이체,없음,102798,5264485,143,3,0,1
45,무약정,계좌이체,기가,140186,7088764,333,9,1,1
52,24개월,카드,기가,106131,5002539,271,2,4,0
46,24개월,카드,기가,152000,7513260,408,0,1,1
35,24개월,지류고지서,없음,69411,2797923,68,7,2,1
56,12개월,계좌이체,광랜,106637,5940221,83,6,3,0
23,24개월,지류고지서,없음,67834,1347831,54,10,4,1
58,무약정,,없음,152000,9653371,119,8,3,1
70,24개월,계좌이체,없음,71221,4867588,28,4,1,0
53,무약정,카드,광랜,49237,2423659,276,0,2,0
40,24개월,계좌이체,광랜,55109,2439766,17,7,2,1
15,12개월,계좌이체,광랜,129585,1832840,424,9,4,1
45,24개월,계좌이체,광랜,101946,5475318,370,2,2,0
51,무약정,지류고지서,광랜,84352,,289,3,2,1
42,무약정,카드,광랜,105528,4375452,147,3,0,1
26,12개월,계좌이체,기가,89682,2576082,134,5,1,0
37,24개월,계좌이체,없음,57174,2293792,384,4,4,0
65,무약정,계좌이체,광랜,80612,5486576,246,0,5,0
42,12개월,계좌이체,기가,19000,673342,275,1,4,0
66,24개월,카드,없음,81625,5523981,494,9,4,0
74,무약정,카드,기가,30987,2332571,429,3,,0
68,,계좌이체,없음,120525,7977648,253,0,3,0
74,12개월,카드,기가,65997,5895712,185,8,3,0
64,12개월,계좌이체,없음,93825,6515465,501,0,2,0
50,,계좌이체,기가,19000,835683,359,0,3,0
2,24개월,계좌이체,기가,59167,130889,389,9,3,1
40,24개월,,없음,98523,4860873,241,6,2,0
44,12개월,계좌이체,광랜,30350,1557765,249,0,0,1
51,12개월,계좌이체,광랜,115128,5559863,138,8,5,1
11,24개월,계좌이체,기가,86508,942381,443,5,2,0
1,무약정,계좌이체,없음,96368,85502,89,9,5,1
54,12개월,카드,광랜,19000,994942,238,4,3,0
13,12개월,계좌이체,광랜,152000,1802137,250,2,2,0
73,12개월,지류고지서,광랜,85720,5435083,317,9,1,0
5,무약정,지류고지서,기가,110178,520405,183,3,2,1
47,12개월,카드,기가,19000,870337,324,10,0,0
9,24개월,카드,기가,115974,1024299,353,5,2,1
2,24개월,카드,광랜,88491,187054,158,10,5,1
58,24개월,계좌이체,기가,95594,5413636,387,1,2,0
39,24개월,계좌이체,없음,101616,3991729,10,1,2,1
72,24개월,계좌이체,없음,59437,4019887,271,6,3,0
29,무약정,카드,광랜,29364,893071,176,7,1,1
4,무약정,지류고지서,기가,116887,471242,437,9,5,1
1,12개월,계좌이체,기가,77989,70055,384,5,4,1
,24개월,카드,기가,101417,4742101,,6,0,1
,24개월,지류고지서,기가,92219,5106113,278,2,3,1
27,12개월,지류고지서,없음,28797,804387,31,9,1,1
52,무약정,카드,없음,19000,904596,78,,4,0
51,무약정,카드,광랜,67123,3796371,294,6,3,1
40,24개월,카드,기가,123269,4227170,389,4,5,1
43,무약정,지류고지서,없음,107280,4230142,451,5,3,1
7,24개월,계좌이체,기가,67444,424286,62,6,,1
60,24개월,지류고지서,광랜,55114,3324764,300,1,4,0
54,무약정,지류고지서,광랜,32221,1731006,58,6,0,0
5,무약정,지류고지서,광랜,68345,332972,413,0,2,0
52,24개월,,없음,97291,4543184,23,4,1,0
71,무약정,계좌이체,광랜,94098,5772720,466,5,2,1
1,12개월,카드,광랜,36788,37797,68,7,5,1
59,무약정,카드,광랜,85866,5548186,337,5,0,1
3,24개월,지류고지서,없음,68319,184517,210,9,5,1
8,24개월,지류고지서,기가,33073,258728,416,5,2,1
37,12개월,계좌이체,광랜,106435,3980770,471,7,0,1
65,12개월,계좌이체,없음,97871,6421237,31,1,1,0
20,12개월,카드,기가,97570,1937197,126,8,5,1
35,무약정,계좌이체,광랜,103165,3902261,195,1,2,0
20,24개월,카드,광랜,,1580908,384,3,5,1
43,24개월,지류고지서,기가,68636,2923552,67,,1,0
19,12개월,지류고지서,광랜,45836,952388,106,1,3,0
64,12개월,카드,없음,70282,4404622,157,4,5,1
42,,지류고지서,없음,102140,3836949,464,4,4,0
22,24개월,카드,기가,81577,1728782,287,0,2,0
14,24개월,계좌이체,없음,123810,1744930,163,1,1,1
54,24개월,카드,기가,76462,3495493,449,7,4,1
66,12개월,계좌이체,광랜,108882,7609195,31,9,1,1
42,24개월,지류고지서,없음,90625,3983943,350,7,2,1
41,무약정,계좌이체,없음,104376,,116,7,4,1
71,무약정,카드,없음,69407,5629130,332,8,1,0
24,12개월,카드,없음,120778,3117078,270,0,5,0
61,12개월,계좌이체,기가,115317,7217157,258,3,3,0
41,12개월,카드,없음,83566,3635254,50,0,3,1
69,무약정,계좌이체,기가,85593,5603757,396,0,2,0
19,12개월,지류고지서,없음,96173,1914836,385,6,3,1
57,12개월,계좌이체,기가,76453,4033353,80,1,1,0
21,24개월,지류고지서,기가,95957,1811151,477,6,1,1
9,,지류고지서,기가,70463,,39,1,5,1
7,12개월,카드,기가,79059,570828,144,2,3,1
42,무약정,계좌이체,기가,89809,3468775,,6,4,0
13,,계좌이체,광랜,65689,845726,149,0,2,1
1,무약정,지류고지서,광랜,78055,65929,490,10,,1
25,12개월,지류고지서,없음,87755,2292207,457,0,0,1
62,24개월,카드,기가,121591,6996051,480,5,5,1
71,무약정,지류고지서,광랜,121966,8742708,377,1,4,0
10,24개월,계좌이체,광랜,57972,614889,306,0,5,0
33,12개월,계좌이체,기가,73717,2091523,134,8,,0
58,12개월,지류고지서,기가,70128,4346214,173,6,5,1
32,무약정,계좌이체,,118894,3864263,125,6,4,1
53,12개월,지류고지서,기가,65936,3412543,488,5,4,0
40,24개월,계좌이체,광랜,82381,3486087,469,6,4,0
59,무약정,지류고지서,기가,80060,4945083,373,3,,0
,무약정,지류고지서,기가,51661,2579416,93,2,0,0
62,24개월,계좌이체,없음,152000,7464638,217,7,2,0
56,12개월,지류고지서,기가,88079,4931798,25,0,0,0
38,무약정,계좌이체,없음,99956,3442929,183,1,0,1
16,12개월,지류고지서,기가,28387,447864,291,10,1,1
36,24개월,카드,기가,149219,4453130,18,4,2,1
37,24개월,계좌이체,광랜,152000,5437371,148,4,2,1
,무약정,계좌이체,광랜,56929,1037912,262,,4,1
15,12개월,계좌이체,광랜,35099,551164,372,9,1,0
23,24개월,카드,없음,,1807524,217,3,0,0
60,24개월,카드,없음,69017,4712401,353,6,4,0
48,무약정,카드,기가,109900,5319409,406,0,5,0
41,24개월,계좌이체,광랜,123738,5337008,22,2,4,0
68,무약정,지류고지서,기가,125731,8468680,236,4,3,0
66,12개월,계좌이체,기가,110489,5618247,160,4,5,1
24,12개월,카드,없음,70287,1972772,193,3,0,1
62,12개월,카드,광랜,88417,5358066,283,7,5,0
55,무약정,카드,기가,,3687088,501,2,3,0
73,24개월,지류고지서,없음,70978,5202683,262,7,3,0
35,12개월,지류고지서,기가,19000,634220,341,0,2,0
39,24개월,지류고지서,기가,72422,미확인,459,6,4,0
37,,지류고지서,기가,73890,2317297,501,10,4,0
12,24개월,카드,광랜,79966,859151,107,9,4,1
51,24개월,지류고지서,기가,107949,5425415,203,8,5,0
29,무약정,지류고지서,광랜,48977,1485468,,8,,1
35,24개월,지류고지서,,58455,1893538,101,,3,0
21,12개월,지류고지서,기가,25464,486263,158,4,2,1
60,12개월,계좌이체,기가,152000,9519470,452,5,2,0
33,24개월,카드,기가,34506,1130282,112,0,2,0
,24개월,카드,없음,124847,6682897,186,10,,0
55,24개월,카드,없음,105095,6233627,390,10,1,1
3,무약정,지류고지서,광랜,81675,213616,10,5,2,1
73,무약정,,없음,102155,6614805,168,4,2,0
2,무약정,계좌이체,광랜,52452,114744,375,4,4,0
60,24개월,카드,기가,,4577307,133,7,0,0
17,무약정,계좌이체,기가,87409,1414538,29,2,2,0
19,24개월,카드,광랜,138101,2663557,386,6,5,1
56,무약정,카드,없음,132427,6450697,274,2,5,1
5,12개월,지류고지서,기가,94160,496835,,0,1,1
32,24개월,카드,없음,71310,2082220,143,5,2,1
21,12개월,지류고지서,기가,43898,1047294,211,,5,1
27,12개월,계좌이체,광랜,95402,2666091,190,10,0,1
9,12개월,계좌이체,없음,19000,170762,63,6,4,1
62,24개월,지류고지서,기가,93979,6398304,421,0,0,0
55,12개월,지류고지서,기가,79997,5094686,410,5,3,1
,24개월,계좌이체,기가,60434,375253,246,7,3,0
53,12개월,지류고지서,기가,,3058378,66,9,1,0
56,12개월,계좌이체,없음,40434,2208807,429,3,3,0
6,,계좌이체,기가,42610,208074,397,3,3,1
24,무약정,카드,없음,89215,2395156,22,5,4,1
73,,지류고지서,기가,113183,5970563,296,5,4,0
,24개월,계좌이체,기가,98936,3738392,306,9,0,1
5,무약정,계좌이체,없음,98243,420616,396,3,4,1
,무약정,지류고지서,,101370,6053094,159,9,1,1
58,24개월,카드,기가,79981,3639103,483,,0,0
47,24개월,지류고지서,없음,63389,2902808,112,9,4,1
42,무약정,카드,광랜,75048,3545304,291,0,2,0
63,무약정,카드,광랜,143177,8909650,,9,3,1
67,12개월,카드,광랜,87366,5460659,421,1,3,1
36,12개월,카드,광랜,92229,3590276,37,4,2,1
67,무약정,계좌이체,기가,92504,6366293,169,0,1,0
64,24개월,지류고지서,없음,58726,-,331,0,1,0
24,24개월,지류고지서,기가,76610,,301,7,3,0
35,12개월,계좌이체,없음,59701,2149274,318,10,1,1
62,12개월,지류고지서,기가,139406,7752922,498,0,4,0
46,24개월,지류고지서,기가,136252,7168111,296,2,1,0
8,24개월,카드,광랜,152000,1219258,164,10,3,1
26,무약정,계좌이체,기가,93436,2267743,59,5,0,1
4,12개월,카드,없음,80702,,334,9,3,1
21,24개월,카드,없음,130033,2826467,8,3,3,1
50,24개월,카드,기가,45656,2152202,183,8,2,0
49,24개월,지류고지서,기가,95412,4913097,134,1,0,1
22,12개월,,광랜,86672,,236,1,3,0
33,24개월,지류고지서,광랜,70103,2299764,199,0,3,0
63,12개월,계좌이체,광랜,106054,6557218,170,9,5,0
41,24개월,계좌이체,기가,72751,3090849,500,9,0,1
20,24개월,카드,광랜,92692,1628694,393,5,4,1
3,무약정,지류고지서,없음,61528,196483,468,9,1,0
59,24개월,지류고지서,광랜,72121,4193690,420,2,3,1
45,12개월,계좌이체,광랜,84002,3803858,38,2,2,0
1,12개월,카드,광랜,135532,155902,108,4,2,1
61,12개월,계좌이체,광랜,62185,3784339,365,4,0,0
57,무약정,지류고지서,없음,39204,2086378,478,1,1,0
74,무약정,지류고지서,광랜,118123,8015087,241,4,2,1
72,12개월,계좌이체,없음,90241,6156653,310,7,5,0
74,12개월,계좌이체,기가,19000,1242781,152,3,3,0
22,24개월,계좌이체,광랜,117099,2256866,424,7,0,1
62,무약정,지류고지서,광랜,46955,3325396,407,8,4,0
31,12개월,,없음,106851,3652904,207,9,5,1
18,무약정,지류고지서,기가,133193,2457953,395,7,0,1
69,12개월,카드,기가,24637,1521127,449,6,5,0
52,무약정,카드,광랜,88875,3865298,494,3,5,0
4,24개월,계좌이체,광랜,37800,136960,95,7,2,0
51,무약정,계좌이체,없음,115065,미확인,,6,2,1
53,12개월,카드,기가,53840,2867536,331,0,1,0
71,무약정,지류고지서,기가,,9066943,338,6,3,1
29,24개월,카드,기가,22203,714390,93,9,4,0
59,무약정,카드,없음,88614,4838601,297,0,,0
66,무약정,계좌이체,없음,119321,6754474,235,3,1,1
1,무약정,지류고지서,없음,19000,20000,393,4,4,1
54,12개월,계좌이체,없음,107814,6217262,480,9,1,0
12,무약정,계좌이체,광랜,152000,1848846,377,6,2,1
63,24개월,카드,기가,137765,8160097,80,0,1,0
,무약정,지류고지서,광랜,150594,9907590,254,2,2,1
32,무약정,지류고지서,없음,19000,622081,227,0,0,1
61,12개월,지류고지서,광랜,57528,3325413,117,7,2,0
20,12개월,계좌이체,기가,51550,1011428,287,6,1,1
68,24개월,카드,광랜,77024,5816528,398,2,2,0
39,12개월,카드,광랜,23267,887232,31,0,5,0
37,24개월,카드,,91130,3166810,28,10,0,1
17,무약정,,기가,145295,2550161,70,5,1,1
41,무약정,지류고지서,없음,113637,4408508,34,1,3,1
67,24개월,지류고지서,기가,92407,6602722,448,,1,0
14,12개월,지류고지서,기가,109341,,52,,0,1
53,무약정,계좌이체,기가,152000,7932588,66,10,0,1
61,,계좌이체,없음,83292,5120942,117,3,0,0
53,12개월,계좌이체,없음,116784,6853893,383,8,2,0
,,카드,없음,96006,4221452,280,0,2,0
44,24개월,계좌이체,광랜,78295,3244604,33,10,4,0
49,12개월,계좌이체,광랜,74436,,272,,5,0
65,24개월,지류고지서,기가,54370,3478938,266,6,5,0
28,24개월,지류고지서,없음,19000,470623,378,0,4,0
55,24개월,계좌이체,광랜,82275,4892406,385,9,1,0
54,24개월,계좌이체,없음,109567,6262330,224,3,0,0
14,무약정,계좌이체,광랜,78079,1272875,312,1,0,1
30,무약정,카드,기가,128737,3854772,240,1,1,1
60,12개월,계좌이체,없음,55611,2982471,315,2,3,0
73,무약정,지류고지서,광랜,113830,8619413,291,6,4,1
56,12개월,계좌이체,광랜,104313,5695859,484,2,5,0
22,12개월,계좌이체,없음,139753,3311983,281,4,4,1
50,24개월,,광랜,95132,5146185,51,1,5,0
30,24개월,지류고지서,기가,87713,2482352,332,2,2,1
70,12개월,지류고지서,없음,99832,5524264,359,7,1,0
25,24개월,지류고지서,없음,113235,2366490,358,0,5,1
61,12개월,지류고지서,없음,149616,9955106,41,1,5,1
23,24개월,지류고지서,기가,95913,2127237,221,7,4,1
61,24개월,계좌이체,기가,83027,5047956,369,5,2,0
15,24개월,카드,없음,115816,2095661,286,4,1,1
55,무약정,계좌이체,없음,43409,2563524,350,8,2,0
36,12개월,카드,없음,82330,2756204,195,8,,1
28,24개월,지류고지서,기가,19586,541053,52,5,1,0
34,무약정,카드,기가,73614,2726330,176,6,4,1
40,12개월,지류고지서,기가,102181,4480464,369,6,,1
46,12개월,계좌이체,광랜,138591,7233689,448,1,5,0
50,,지류고지서,기가,136249,6697628,220,8,2,1
7,무약정,지류고지서,,19000,-,407,5,0,0
53,무약정,지류고지서,없음,105241,5554596,304,4,3,1
60,24개월,,없음,93510,5875306,417,10,5,0
27,12개월,계좌이체,광랜,61820,1611981,124,0,2,1
9,24개월,계좌이체,없음,42250,422288,264,0,1,0
72,무약정,카드,광랜,92033,6440438,345,3,0,0
24,,계좌이체,기가,19000,407454,34,2,5,0
7,무약정,계좌이체,광랜,34786,286148,388,1,2,0
74,24개월,카드,광랜,133476,7107462,151,6,2,0
15,무약정,지류고지서,기가,73706,1137881,25,1,0,1
58,24개월,카드,없음,96455,5676576,276,2,4,0
16,무약정,카드,기가,63480,1052949,261,5,0,1
61,무약정,계좌이체,,97403,6150302,253,2,4,0
5,무약정,계좌이체,광랜,101148,430183,101,3,4,1
13,무약정,카드,기가,76483,974766,79,1,3,1
54,24개월,카드,없음,69410,3790111,356,1,1,0
3,무약정,,기가,42852,130512,39,,5,1
37,24개월,카드,기가,62845,2480640,388,8,0,0
29,12개월,카드,없음,89888,2517904,62,1,3,1
70,,계좌이체,기가,81087,5893571,120,7,1,0
73,12개월,지류고지서,기가,134415,10362265,196,9,1,0
69,24개월,카드,없음,62689,3304578,76,7,0,1
64,무약정,계좌이체,기가,38071,2639571,239,10,3,0
6,12개월,지류고지서,광랜,122454,603496,481,0,1,1
49,12개월,계좌이체,없음,40275,2096117,287,2,3,0
24,24개월,계좌이체,없음,117178,2784064,333,1,,1
61,무약정,계좌이체,기가,98669,6757042,343,2,,0
23,24개월,계좌이체,기가,101181,2612650,134,5,2,0
49,무약정,계좌이체,기가,114849,4144205,204,0,0,1
32,24개월,계좌이체,없음,39151,1246087,299,3,4,1
11,무약정,계좌이체,없음,117029,1567424,35,2,2,1
31,무약정,계좌이체,광랜,68478,2050169,232,0,2,1
54,무약정,카드,광랜,115069,6470385,201,3,3,0
54,24개월,카드,기가,127180,6509419,438,0,3,0
,24개월,카드,기가,19000,935502,252,6,5,0
36,24개월,지류고지서,광랜,124014,4226230,83,7,1,1
63,24개월,카드,없음,98413,,339,5,0,1
64,24개월,계좌이체,없음,104241,6137511,134,3,1,0
14,24개월,카드,기가,90939,1223095,265,6,3,1
58,무약정,카드,기가,93073,5307098,465,6,1,0
52,무약정,계좌이체,없음,84352,4544912,124,6,2,1
56,무약정,지류고지서,없음,87400,4579673,370,2,3,0
68,24개월,카드,광랜,135049,9183113,415,7,3,0
36,24개월,지류고지서,기가,80430,,195,1,3,0
23,무약정,지류고지서,광랜,40347,1008742,156,1,2,1
19,12개월,카드,없음,145283,2230917,352,4,3,1
21,무약정,계좌이체,없음,,1941431,175,6,2,1
57,24개월,지류고지서,광랜,76486,3923643,497,1,3,0
35,12개월,카드,기가,115741,3222411,202,3,4,0
70,24개월,계좌이체,광랜,40660,2977007,496,6,0,0
53,무약정,카드,없음,28457,1793155,143,2,2,0
1,무약정,카드,없음,21478,미확인,465,7,3,1
42,무약정,카드,기가,133747,5244902,290,4,2,1
14,12개월,계좌이체,없음,95353,1168274,254,6,3,1
13,24개월,지류고지서,없음,78358,903512,300,1,,0
8,,계좌이체,없음,48925,389153,450,3,2,0
8,24개월,계좌이체,기가,39175,300421,247,4,4,0
73,12개월,카드,광랜,136132,9463646,53,1,4,0
58,12개월,지류고지서,기가,97041,6291128,340,1,3,0
64,24개월,계좌이체,광랜,65850,4130683,311,3,4,0
44,무약정,카드,없음,19000,866004,103,5,0,0
48,24개월,카드,없음,124065,6130388,298,2,4,0
17,12개월,계좌이체,없음,58378,974341,339,7,5,1
36,무약정,카드,기가,152000,5962908,457,6,,1
17,12개월,,광랜,85045,1397347,448,3,2,1
37,무약정,지류고지서,광랜,94975,3711602,221,4,1,0
52,무약정,지류고지서,기가,137018,7625036,36,0,0,1
46,24개월,카드,광랜,118947,5956248,21,2,2,1
67,무약정,카드,광랜,53072,3666944,297,2,0,0
18,24개월,계좌이체,없음,63742,1170044,273,1,4,1
21,24개월,계좌이체,기가,96423,2040844,260,7,3,0
67,무약정,지류고지서,광랜,19173,1311211,99,9,3,0
41,24개월,지류고지서,없음,121112,4623611,361,5,5,1
30,12개월,지류고지서,기가,94310,2751146,459,3,1,0
19,무약정,카드,기가,77934,1414335,233,3,4,0
25,12개월,카드,광랜,56486,1489680,423,6,,1
65,24개월,계좌이체,,102073,7306238,,2,2,0
50,24개월,지류고지서,없음,77650,3754778,479,0,1,0
65,24개월,계좌이체,없음,118735,8103389,396,3,1,0
69,12개월,지류고지서,기가,81668,6357416,380,2,0,1
37,12개월,카드,광랜,19000,미확인,,5,0,0
68,24개월,계좌이체,광랜,47092,3294584,53,10,2,1
65,무약정,카드,기가,149237,11727369,48,1,2,0
48,무약정,계좌이체,기가,101348,3731202,486,7,0,1
50,12개월,계좌이체,기가,53841,2835701,45,5,0,0
60,무약정,카드,기가,,-,118,,4,0
60,24개월,계좌이체,없음,66491,4167767,49,6,5,0
66,무약정,계좌이체,,57100,미확인,433,6,5,0
41,무약정,계좌이체,기가,91145,3701518,493,9,5,0
74,24개월,지류고지서,기가,84355,6197939,72,4,1,0
31,무약정,계좌이체,광랜,,3660560,264,8,5,0
6,24개월,지류고지서,기가,59420,336701,405,10,4,0
31,12개월,지류고지서,없음,65250,1838662,207,,1,0
54,12개월,계좌이체,없음,129841,6841767,244,7,4,1
68,무약정,지류고지서,광랜,35588,2063473,110,,4,1
,12개월,계좌이체,광랜,37008,849461,84,5,1,1
35,12개월,계좌이체,없음,106098,3335448,203,7,2,1
23,무약정,카드,광랜,68571,,431,5,1,1
11,12개월,계좌이체,광랜,86228,1103712,84,4,3,1
38,무약정,카드,광랜,41117,1500347,331,,0,1
14,무약정,지류고지서,기가,67947,,481,3,1,1
43,12개월,계좌이체,없음,75298,3171332,99,0,3,0
58,무약정,계좌이체,광랜,59916,3459688,52,3,4,1
74,24개월,지류고지서,없음,74983,5218668,47,9,2,0
59,무약정,계좌이체,없음,59720,,259,4,,0
8,무약정,카드,,73409,615468,490,1,1,0
32,무약정,계좌이체,광랜,23128,697302,384,8,4,0
29,24개월,계좌이체,없음,59556,1688349,493,2,4,0
49,12개월,지류고지서,없음,42187,2192542,161,7,0,0
12,무약정,지류고지서,없음,109930,1358004,375,2,4,1
57,24개월,계좌이체,기가,49982,2683696,406,5,3,0
20,무약정,,광랜,36807,767495,133,2,1,1
63,24개월,계좌이체,광랜,117541,6081333,297,5,3,1
51,24개월,,광랜,144681,6638735,294,0,5,0
12,24개월,지류고지서,없음,121098,,478,7,5,1
12,12개월,계좌이체,기가,126608,1237691,279,2,2,1
8,24개월,지류고지서,광랜,61403,524795,,0,0,1
,무약정,카드,기가,130217,1381134,419,0,1,1
55,무약정,지류고지서,광랜,74212,4003346,431,8,0,1
61,무약정,카드,기가,122908,7600722,471,9,5,0
41,24개월,계좌이체,기가,107612,4433022,25,8,2,1
69,무약정,카드,광랜,115702,-,210,8,0,1
41,무약정,지류고지서,광랜,64663,,427,1,5,1
65,12개월,카드,광랜,99862,6936613,446,9,0,0
16,24개월,카드,광랜,60629,891129,436,3,0,0
28,24개월,지류고지서,없음,58856,1560208,147,8,0,0
27,12개월,계좌이체,광랜,112614,2952661,102,9,0,1
70,12개월,지류고지서,기가,63404,4807851,422,8,2,0
29,24개월,카드,광랜,19000,448698,242,6,3,0
36,12개월,카드,광랜,123807,4810984,266,3,1,1
71,12개월,카드,없음,108370,8425276,470,8,3,0
2,24개월,카드,광랜,27345,61483,282,4,1,1
12,무약정,지류고지서,기가,86107,976995,181,10,5,1
33,무약정,카드,광랜,,2433395,149,0,0,1
38,24개월,카드,없음,138046,4847286,173,2,3,1
71,24개월,계좌이체,기가,89379,5586331,368,10,4,1
,24개월,계좌이체,,38787,1388857,164,4,0,0
52,24개월,카드,광랜,47491,1916780,144,5,4,0
45,12개월,지류고지서,기가,48731,1985227,459,4,1,0
30,12개월,카드,기가,110544,3466269,55,10,1,1
67,무약정,계좌이체,기가,81313,5904615,313,5,3,1
39,24개월,카드,기가,92943,3028781,105,4,0,0
64,12개월,카드,없음,79185,4386856,336,4,4,0
28,무약정,카드,기가,44863,1278951,24,5,0,1
4,24개월,계좌이체,광랜,19000,78547,191,10,3,1
62,무약정,지류고지서,기가,69263,3954918,363,10,5,0
35,무약정,계좌이체,없음,126028,4745600,86,4,1,1
64,12개월,카드,광랜,79727,5486475,,0,0,0
45,24개월,지류고지서,광랜,113392,5586391,323,4,,0
14,12개월,계좌이체,광랜,,741388,49,6,3,1
27,24개월,지류고지서,없음,50343,1451787,,5,5,0
34,24개월,카드,기가,76820,2564484,255,5,2,0
68,무약정,카드,기가,97565,6338131,351,0,0,1
50,무약정,카드,기가,68305,3116265,69,6,4,1
57,무약정,계좌이체,없음,66564,3596270,163,9,0,0
30,,카드,광랜,50807,1445479,143,2,3,0
50,24개월,지류고지서,광랜,107559,5283669,494,9,5,0
32,무약정,계좌이체,기가,91108,3256729,256,4,3,1
48,무약정,계좌이체,없음,93335,3923791,22,10,0,1
62,무약정,카드,광랜,44781,2746833,192,6,1,0
5,무약정,카드,없음,80249,394761,104,8,5,1
55,24개월,계좌이체,기가,98563,4505877,502,5,4,0
25,24개월,계좌이체,없음,152000,3858198,131,7,2,1
23,무약정,계좌이체,없음,108995,2999440,399,6,1,1
9,12개월,카드,없음,71592,633285,250,6,0,1
1,12개월,계좌이체,없음,103820,115069,167,3,1,1
20,12개월,계좌이체,광랜,67701,1390182,373,3,0,1
17,무약정,지류고지서,없음,90440,1775373,447,7,0,1
33,무약정,지류고지서,기가,100828,3195212,484,0,,0
42,12개월,계좌이체,없음,146411,6356131,195,4,4,1
32,24개월,지류고지서,없음,37595,1262908,486,7,3,0
37,무약정,계좌이체,기가,61525,2330092,156,8,5,1
56,무약정,지류고지서,없음,59606,2833626,166,9,2,1
12,무약정,카드,기가,69120,869205,36,0,0,1
31,24개월,지류고지서,없음,97071,2468261,220,6,4,1
41,24개월,계좌이체,없음,73722,2538937,259,4,5,1
18,24개월,지류고지서,없음,76498,1391456,215,2,3,0
5,24개월,,기가,131450,645162,379,2,3,1
44,24개월,계좌이체,기가,35287,1574141,17,9,4,0
32,24개월,카드,광랜,118663,3979282,21,10,5,1
7,24개월,카드,광랜,96985,702161,39,8,2,1
48,무약정,계좌이체,광랜,53521,2197412,216,2,1,0
63,24개월,지류고지서,광랜,70901,4555242,87,4,5,0
65,무약정,지류고지서,없음,24519,1524638,49,0,0,0
34,12개월,카드,없음,119978,4085543,456,7,1,1
15,24개월,지류고지서,없음,52411,932416,336,6,0,0
20,,계좌이체,기가,104174,2661888,485,4,5,1
73,12개월,계좌이체,없음,116452,6857167,355,9,4,1
8,24개월,지류고지서,없음,94677,765172,202,2,2,1
15,24개월,카드,광랜,87239,1125012,59,6,1,1
12,무약정,계좌이체,광랜,35276,345277,202,6,3,0
58,24개월,지류고지서,기가,86952,5258010,444,4,1,1
42,12개월,지류고지서,없음,38009,미확인,105,6,5,0
3,무약정,지류고지서,광랜,45913,144173,342,0,3,1
59,12개월,,광랜,147076,8952875,24,10,0,1
45,무약정,지류고지서,기가,90315,4181270,86,3,1,1
6,12개월,카드,광랜,29672,173548,282,8,2,1
66,12개월,계좌이체,광랜,45602,2892430,,4,2,0
38,12개월,계좌이체,기가,120251,4550689,13,6,2,1
72,12개월,계좌이체,광랜,89870,6558759,371,7,1,0
7,12개월,계좌이체,기가,122650,,403,3,3,0
60,12개월,계좌이체,기가,19000,1197725,450,1,5,0
,무약정,계좌이체,없음,56124,1814814,36,0,3,1
35,24개월,카드,기가,73661,2996606,129,9,1,0
54,무약정,지류고지서,광랜,19000,979992,369,2,1,0
51,24개월,카드,광랜,89907,4038672,19,6,3,1
53,24개월,계좌이체,광랜,77285,3747684,337,3,0,0
47,12개월,카드,없음,19000,879820,419,3,5,0
1,12개월,계좌이체,기가,114093,112158,245,2,3,1
55,무약정,지류고지서,없음,123256,6888425,217,5,4,1
23,무약정,계좌이체,없음,101083,2697680,164,0,1,1
60,무약정,카드,기가,37387,1806589,383,6,1,0
73,12개월,계좌이체,없음,152000,10971182,103,0,1,1
71,,카드,광랜,67459,5977645,339,6,4,0
32,24개월,카드,기가,,2326291,289,5,,1
6,무약정,계좌이체,광랜,53727,348397,493,0,4,1
63,12개월,지류고지서,기가,90087,5195209,62,4,5,0
40,12개월,계좌이체,광랜,116258,4806827,465,1,1,0
45,무약정,카드,기가,81019,3044119,345,3,3,1
46,12개월,지류고지서,기가,94631,3431632,111,9,5,1
61,12개월,계좌이체,기가,121420,7282287,406,4,4,1
1,무약정,계좌이체,광랜,86536,97391,212,8,5,1
59,무약정,지류고지서,광랜,130937,7838849,367,7,3,1
55,24개월,지류고지서,기가,64683,,152,3,2,0
37,24개월,계좌이체,없음,121783,3859224,109,10,5,0
52,24개월,계좌이체,기가,65581,3591153,465,2,3,0
71,24개월,카드,없음,55410,3694649,360,10,1,0
,무약정,지류고지서,광랜,114684,1869801,359,7,3,1
43,24개월,지류고지서,기가,113777,4462249,134,4,1,1
64,12개월,카드,광랜,35302,2497012,237,2,3,0
61,12개월,카드,기가,50966,3139397,355,0,2,1
4,무약정,지류고지서,없음,65393,238522,271,5,3,1
62,12개월,지류고지서,없음,111516,6509232,470,10,,0
19,12개월,카드,광랜,65376,1366467,277,,0,1
29,무약정,계좌이체,,26921,802600,46,8,2,1
62,24개월,지류고지서,기가,89136,6013530,139,2,1,0
22,24개월,지류고지서,없음,94191,2126379,153,3,5,1
57,12개월,카드,없음,100366,5622599,450,1,5,0
14,무약정,카드,기가,42610,541852,62,5,0,1
42,무약정,계좌이체,,74252,2840081,192,4,3,0
67,12개월,계좌이체,기가,53694,3379866,226,2,0,0
31,12개월,카드,기가,101771,2744535,159,7,2,1
55,24개월,지류고지서,광랜,107916,5230242,274,2,1,1
29,12개월,계좌이체,없음,113097,3060981,56,4,3,1
12,24개월,카드,광랜,,1038980,266,9,2,1
61,,지류고지서,없음,136794,9532411,158,3,4,1
30,무약정,카드,기가,91059,2245596,191,3,2,1
44,24개월,계좌이체,기가,78117,3570702,244,8,4,0
51,,계좌이체,광랜,108684,5691660,25,6,4,1
31,12개월,지류고지서,기가,133345,4368070,340,3,0,1
24,24개월,지류고지서,광랜,124301,2964733,466,5,4,1
31,24개월,계좌이체,광랜,141586,3849053,354,8,4,1
56,12개월,지류고지서,없음,63236,3706799,,2,3,0
10,12개월,계좌이체,광랜,94635,955422,192,7,0,1
36,무약정,지류고지서,없음,152000,6005742,257,3,0,1
26,무약정,카드,광랜,111848,2796262,137,0,2,1
5,24개월,카드,없음,72918,311708,316,0,2,1
73,무약정,계좌이체,기가,152000,9082931,392,2,2,1
9,24개월,계좌이체,없음,77405,709848,343,5,1,0
33,24개월,지류고지서,없음,60659,2143014,41,2,1,1
62,12개월,계좌이체,기가,93756,6313736,23,4,5,0
46,무약정,계좌이체,없음,60924,2970594,312,5,,0
14,24개월,계좌이체,기가,19000,,152,7,2,1
71,24개월,카드,광랜,117154,6287270,473,6,3,0
66,무약정,지류고지서,없음,96944,6539616,396,9,5,0
26,24개월,카드,광랜,80126,2218950,473,4,0,0
12,24개월,계좌이체,기가,84047,986841,242,2,5,1
28,12개월,카드,기가,44873,1414027,447,6,5,0
2,무약정,지류고지서,없음,142768,269105,61,6,4,1
41,24개월,계좌이체,광랜,74279,2969357,380,2,4,1
5,24개월,지류고지서,없음,64447,282771,491,8,1,1
16,24개월,카드,광랜,31569,460478,268,6,4,1
67,무약정,카드,광랜,94677,7487667,139,10,2,0
22,24개월,계좌이체,없음,42187,1006109,437,5,0,1
20,24개월,계좌이체,광랜,114620,2221437,225,8,5,1
25,무약정,지류고지서,없음,121797,3312077,399,7,5,1
71,무약정,지류고지서,기가,139074,9462411,152,,5,0
65,12개월,계좌이체,기가,64975,4916287,147,7,3,0
66,12개월,지류고지서,없음,142845,7557723,149,5,0,1
9,무약정,계좌이체,기가,124875,953962,288,2,0,1
5,24개월,계좌이체,기가,101335,408618,397,3,0,1
70,무약정,지류고지서,,82008,4096866,195,8,5,1
9,무약정,카드,기가,61711,576042,211,,4,0
16,무약정,카드,기가,132180,2264816,76,9,4,1
11,12개월,계좌이체,기가,124997,1547991,205,6,3,1
66,무약정,계좌이체,기가,114613,7232384,134,3,3,1
62,무약정,,광랜,47917,3105294,496,1,3,0
20,무약정,카드,기가,141695,3203834,92,0,4,1
47,12개월,지류고지서,기가,29628,1355189,155,6,4,0
15,24개월,카드,광랜,34711,539154,,7,2,1
72,24개월,카드,광랜,152000,10937317,430,6,4,1
69,무약정,카드,없음,100033,8057041,81,5,4,0
69,무약정,카드,,83186,5392086,,0,1,0
21,12개월,계좌이체,없음,74708,1555601,410,6,4,1
55,24개월,카드,기가,62393,3255674,86,6,2,0
29,24개월,카드,광랜,31513,873871,351,7,3,0
51,12개월,지류고지서,없음,,3515469,34,3,1,1
32,무약정,계좌이체,광랜,85972,2273886,422,5,4,1
30,무약정,지류고지서,기가,70293,2283400,199,4,5,1
40,무약정,계좌이체,광랜,77495,3140233,321,2,0,0
18,24개월,지류고지서,기가,30969,567840,308,7,5,1
21,24개월,지류고지서,광랜,152000,3232526,86,10,0,1
22,12개월,지류고지서,,21249,434637,375,1,3,0
6,12개월,카드,없음,57028,278906,260,4,2,1
23,무약정,계좌이체,,84494,1605412,461,9,2,1
55,12개월,지류고지서,기가,152000,,114,10,1,1
3,24개월,지류고지서,없음,72488,208600,424,2,1,1
25,24개월,카드,광랜,94859,2311130,193,4,2,1
54,12개월,계좌이체,없음,98872,5769586,317,1,0,0
65,무약정,계좌이체,기가,152000,8333970,500,0,4,0
23,24개월,지류고지서,기가,92130,2278404,23,4,2,1
53,24개월,지류고지서,없음,139520,6949175,102,3,4,0
43,12개월,지류고지서,광랜,81970,3372937,454,2,0,1
21,24개월,카드,없음,68940,1523088,219,8,0,0
72,24개월,지류고지서,기가,93218,7295764,126,,2,0
33,24개월,카드,,69666,2438688,230,2,1,0
19,무약정,지류고지서,광랜,119509,2241672,117,3,4,1
9,24개월,계좌이체,,122075,1190340,50,1,1,1
9,무약정,계좌이체,기가,26481,208078,457,8,4,1
36,,지류고지서,기가,140619,4584417,483,1,3,1
20,12개월,카드,없음,60913,1264840,483,3,1,1
7,무약정,카드,기가,100202,732122,,1,0,1
52,24개월,카드,광랜,133648,7510941,77,1,4,0
40,24개월,지류고지서,광랜,75148,2927974,17,,,0
8,무약정,카드,없음,152000,1260555,437,6,5,1
22,무약정,지류고지서,기가,65850,,277,2,3,1
11,무약정,지류고지서,없음,,1820491,176,4,4,1
32,무약정,계좌이체,없음,97295,3265009,79,,5,1
55,24개월,계좌이체,없음,85394,4971123,184,9,3,0
18,무약정,계좌이체,기가,117800,1918018,71,6,2,1
72,24개월,지류고지서,광랜,50523,3929302,180,5,0,0
1,24개월,계좌이체,없음,74653,78319,212,1,5,1
70,24개월,지류고지서,기가,99617,5583489,486,5,2,1
48,무약정,카드,없음,41194,1757624,365,2,2,0
38,24개월,지류고지서,광랜,97788,3964292,45,5,5,1
4,24개월,계좌이체,광랜,54487,207568,367,6,1,1
42,12개월,카드,기가,117219,5371840,169,0,5,1
17,24개월,계좌이체,광랜,74521,1459497,288,10,1,1
50,24개월,지류고지서,기가,95674,4559063,190,1,2,0
62,12개월,지류고지서,광랜,131838,7960816,278,6,3,0
11,,카드,기가,131083,1483570,343,10,2,1
42,12개월,카드,없음,112604,4688022,387,2,3,0
16,24개월,지류고지서,없음,71798,914953,294,7,2,1
14,무약정,지류고지서,광랜,69860,1169379,175,9,4,1
36,24개월,카드,없음,112996,3762863,250,6,1,1
33,24개월,카드,광랜,77038,2790183,115,1,0,0
45,무약정,카드,광랜,73136,3556429,418,4,1,0
13,무약정,지류고지서,광랜,111368,1598338,278,7,0,1
20,12개월,지류고지서,광랜,77111,1573106,487,0,3,0
26,12개월,계좌이체,기가,98202,2793130,75,9,1,1
32,24개월,지류고지서,광랜,137715,3975313,107,6,2,1
36,12개월,계좌이체,없음,99961,3937488,116,0,3,1
25,24개월,계좌이체,없음,144603,3926935,237,5,3,1
29,12개월,카드,없음,77496,2162193,388,4,2,1
21,무약정,계좌이체,기가,93053,2191822,371,,5,1
22,무약정,계좌이체,기가,109234,2353429,379,3,0,1
18,무약정,계좌이체,없음,41662,697606,15,5,0,1
,24개월,계좌이체,광랜,48824,781102,189,7,2,1
69,12개월,카드,없음,135984,7878401,434,6,2,0
50,무약정,카드,기가,97148,4540813,403,0,4,1
45,12개월,지류고지서,없음,62832,,156,2,2,0
6,,카드,기가,21819,141817,123,8,1,1
57,,카드,광랜,135490,7399950,298,0,1,1
65,무약정,계좌이체,광랜,82791,5319622,260,8,4,1
53,24개월,지류고지서,기가,121826,7224099,368,0,3,0
48,12개월,카드,기가,92565,3852197,232,0,4,0
10,24개월,,기가,54004,565810,110,1,3,0
19,무약정,카드,없음,91131,1636162,80,8,5,1
11,12개월,계좌이체,없음,124877,1451141,454,4,4,1
7,12개월,계좌이체,기가,44789,304400,119,0,5,0
1,무약정,계좌이체,없음,24617,27033,367,10,5,1
16,무약정,지류고지서,기가,126941,2164976,405,4,4,1
48,24개월,카드,기가,95738,4043930,307,5,5,0
67,12개월,카드,없음,99698,6411088,430,10,2,1
72,24개월,카드,광랜,77867,6017149,267,7,0,0
49,24개월,카드,없음,90057,4151215,294,5,0,0
21,24개월,카드,기가,112955,2661596,403,3,0,0
1,12개월,계좌이체,없음,102112,118245,103,1,4,1
17,무약정,계좌이체,기가,89588,1534503,319,0,3,1
21,,카드,없음,81525,2030253,360,7,5,1
58,24개월,지류고지서,없음,54444,3138487,335,8,5,0
,12개월,계좌이체,없음,101757,7544956,233,6,3,1
72,24개월,지류고지서,기가,125681,10260373,362,10,3,1
59,,카드,기가,87961,5005399,49,0,0,1
48,12개월,계좌이체,없음,19000,977965,259,0,4,0
,,지류고지서,없음,37149,1927498,38,0,5,0
57,24개월,지류고지서,광랜,110844,6720523,203,7,3,1
71,24개월,지류고지서,광랜,67919,5114601,208,0,3,0
,24개월,계좌이체,기가,84284,5858439,,7,1,0
56,24개월,카드,기가,83875,4880039,74,2,3,0
2,무약정,지류고지서,광랜,79877,182729,,0,4,1
22,무약정,계좌이체,,134882,2816672,277,9,4,1
36,12개월,카드,없음,32003,1199892,156,7,5,0
71,12개월,카드,광랜,145864,8962392,71,7,2,1
2,무약정,카드,기가,57087,119605,449,8,1,1
72,12개월,카드,기가,144753,8062898,247,1,3,0
68,24개월,계좌이체,없음,124562,8182592,185,5,1,1
2,무약정,지류고지서,없음,140828,243581,191,5,0,1
20,12개월,계좌이체,광랜,77731,1694798,56,5,1,0
52,24개월,지류고지서,광랜,37057,1707381,405,4,0,0
44,24개월,계좌이체,기가,59596,2912454,9,10,2,1
65,12개월,지류고지서,없음,141331,9220690,172,9,,1
70,무약정,계좌이체,없음,70114,4864699,469,7,5,0
13,24개월,계좌이체,기가,113823,1495371,392,6,4,1
65,24개월,지류고지서,없음,79555,5949768,369,5,0,1
71,24개월,카드,기가,82930,5536344,443,,4,0
15,무약정,지류고지서,기가,78595,1243457,251,8,2,1
13,24개월,지류고지서,없음,87615,1030953,11,9,0,1
68,12개월,카드,광랜,62615,3787608,133,0,1,0
5,무약정,카드,없음,79588,361335,412,9,2,1
,12개월,계좌이체,기가,106352,871751,431,2,2,1
47,무약정,지류고지서,기가,97407,3850725,332,10,3,1
6,12개월,계좌이체,없음,19000,110247,455,8,5,1
73,무약정,지류고지서,없음,74684,5855880,284,3,1,1
70,24개월,계좌이체,광랜,78678,5495945,344,1,5,0
44,12개월,카드,기가,152000,7107109,239,3,1,1
67,12개월,,기가,130238,8318179,120,2,2,0
65,24개월,지류고지서,없음,107758,6028892,246,1,0,1
,24개월,지류고지서,광랜,61103,3272638,67,1,3,0
32,무약정,카드,,19000,693168,203,3,2,0
3,24개월,카드,기가,56171,155679,194,2,4,1
14,24개월,카드,없음,19000,251373,65,4,3,0
49,12개월,카드,없음,67647,3779602,277,9,3,0
12,24개월,계좌이체,기가,140897,1795216,405,,0,1
38,12개월,계좌이체,광랜,88034,3050136,501,0,4,0
64,24개월,카드,없음,99380,6071643,188,8,3,0
48,무약정,카드,없음,78588,4318370,124,5,2,0
1,24개월,지류고지서,기가,120960,117107,55,4,1,1
49,12개월,지류고지서,광랜,50464,,38,0,5,0
4,12개월,지류고지서,기가,83996,327181,434,6,2,1
45,24개월,계좌이체,,,2723850,105,5,3,0
60,24개월,계좌이체,기가,56601,2650210,110,6,3,0
53,무약정,지류고지서,없음,55871,3216902,447,5,4,1
32,24개월,카드,기가,51451,1652718,127,1,4,1
12,무약정,카드,기가,85652,738957,83,5,0,1
37,12개월,지류고지서,기가,64515,2531767,73,7,1,0
40,무약정,지류고지서,광랜,127184,5590336,222,9,4,1
72,24개월,계좌이체,없음,115043,7117345,364,3,1,0
,12개월,지류고지서,없음,93535,4714842,190,6,2,1
58,무약정,지류고지서,없음,41189,2256149,269,1,1,1
30,24개월,지류고지서,광랜,98809,3089879,112,10,2,1
11,24개월,지류고지서,없음,107212,1217779,18,,4,0
16,12개월,계좌이체,광랜,65216,927418,366,2,2,1
9,24개월,지류고지서,광랜,113828,958150,288,1,2,0
,24개월,카드,없음,71141,2372618,274,10,,1
40,24개월,지류고지서,없음,91198,3674611,111,10,3,1
23,무약정,계좌이체,없음,95466,2269869,227,6,2,1
73,24개월,카드,없음,48168,3278305,91,0,4,0
43,무약정,지류고지서,기가,74508,3493957,470,7,5,0
15,무약정,지류고지서,기가,75917,1253809,71,0,5,1
32,24개월,계좌이체,기가,46304,1597365,403,5,0,0
74,무약정,계좌이체,기가,78940,4973721,67,1,1,1
23,24개월,카드,,19000,396039,270,1,1,0
16,12개월,카드,없음,73567,1212116,17,6,4,1
38,24개월,지류고지서,없음,83199,2937869,319,3,1,1
72,24개월,계좌이체,기가,29294,2245777,87,2,3,0
54,무약정,카드,없음,102850,4963184,405,1,2,1
53,24개월,지류고지서,기가,138900,7339748,476,8,4,0
64,24개월,지류고지서,기가,53598,3428063,243,3,2,0
16,12개월,지류고지서,없음,19000,284607,219,1,1,1
20,12개월,계좌이체,기가,88863,1737908,30,9,5,1
39,12개월,카드,기가,68001,2648472,176,4,5,0
42,12개월,지류고지서,기가,107075,4756429,73,1,,1
19,무약정,카드,기가,150063,2819916,306,2,5,0
2,12개월,,광랜,87717,167256,,2,0,1
47,24개월,카드,기가,91250,4977197,200,9,3,0
9,24개월,지류고지서,기가,152000,1597082,364,0,5,0
13,12개월,카드,기가,85440,1047278,201,5,2,1
40,24개월,지류고지서,기가,60498,2474845,73,5,4,0
57,24개월,계좌이체,광랜,152000,9893873,19,6,2,0
72,무약정,지류고지서,광랜,64180,4853768,73,2,2,0
1,24개월,계좌이체,기가,97804,102222,,10,,1
35,12개월,계좌이체,기가,88832,3048447,477,7,3,0
12,,카드,광랜,90181,1175258,54,4,0,1
21,무약정,계좌이체,없음,140369,2412158,418,6,3,1
53,12개월,카드,기가,135243,7851044,66,9,,0
49,12개월,카드,기가,65786,3655396,284,7,3,0
72,24개월,계좌이체,광랜,24675,1749692,117,4,3,0
,24개월,카드,없음,73029,3585040,365,10,2,1
18,24개월,카드,광랜,64235,1241662,408,6,4,1
55,24개월,계좌이체,광랜,51750,2303252,285,5,2,0
,12개월,지류고지서,기가,66754,3619364,78,4,3,0
35,무약정,카드,기가,140593,5403924,288,4,2,1
58,12개월,카드,기가,93253,5223727,108,3,3,0
1,무약정,계좌이체,광랜,152000,166058,32,2,3,0
23,12개월,지류고지서,없음,149257,,358,2,5,1
33,12개월,계좌이체,광랜,93527,3006846,105,10,2,1
8,무약정,지류고지서,광랜,152000,1072859,328,6,4,1
35,24개월,계좌이체,없음,76235,2699753,297,2,0,1
33,12개월,지류고지서,광랜,,1154965,486,0,5,1
53,무약정,지류고지서,광랜,,5038395,363,4,4,1
45,12개월,카드,없음,50154,2283535,364,9,0,0
12,12개월,카드,기가,94942,837874,271,6,3,1
,무약정,계좌이체,광랜,93274,165442,140,1,3,0
59,24개월,지류고지서,광랜,86355,5127524,273,2,2,0
28,무약정,지류고지서,없음,70501,2167020,197,10,2,0
19,24개월,계좌이체,기가,,770931,200,6,5,0
9,24개월,카드,없음,,1256302,118,4,0,1
71,12개월,카드,없음,55607,3613734,132,0,4,0
26,무약정,카드,광랜,19000,483040,172,7,1,1
63,12개월,카드,광랜,79643,5581884,116,5,,1
11,무약정,계좌이체,기가,19000,250496,468,6,0,1
1,무약정,카드,기가,56215,55031,372,5,3,1
57,24개월,카드,없음,62644,3836650,259,7,2,0
40,무약정,지류고지서,기가,30109,1000378,256,9,2,0
69,무약정,카드,기가,64181,3702526,109,0,3,1
44,12개월,카드,기가,114671,5341679,222,5,0,1
48,12개월,카드,광랜,98635,5008643,476,1,3,0
34,12개월,카드,,59791,1899447,337,2,2,0
10,12개월,계좌이체,광랜,55244,584492,160,3,3,1
13,24개월,계좌이체,없음,19000,216246,248,2,0,0
29,무약정,카드,없음,55228,1744731,24,4,1,1
28,12개월,계좌이체,광랜,126034,3666308,212,,5,0
52,12개월,,기가,93333,4695194,100,0,0,1
2,무약정,계좌이체,없음,149551,312815,152,1,0,1
59,12개월,계좌이체,기가,147799,8795694,76,0,3,0
24,12개월,지류고지서,광랜,135663,3156017,170,3,2,1
16,12개월,지류고지서,광랜,78398,1209496,194,7,4,1
60,12개월,카드,기가,84692,4744293,429,2,0,0
55,24개월,계좌이체,없음,36715,2356866,477,2,0,0
11,24개월,지류고지서,광랜,70768,714358,76,7,4,1
38,12개월,지류고지서,없음,45196,1839090,100,1,2,0
53,12개월,카드,기가,145640,6484769,337,3,1,0
46,12개월,계좌이체,없음,48680,2383228,,10,2,1
29,12개월,지류고지서,기가,33761,1168407,196,6,0,0
55,무약정,계좌이체,광랜,61776,3474936,,5,1,1
38,무약정,계좌이체,기가,63285,2206778,55,0,5,0
50,무약정,카드,광랜,119318,5788532,407,2,,1
60,24개월,지류고지서,기가,45598,2438684,311,7,4,1
61,12개월,계좌이체,광랜,152000,10355272,135,10,4,1
51,24개월,계좌이체,광랜,19000,975878,312,2,3,0
70,24개월,카드,광랜,102998,6462064,138,4,1,0
65,무약정,카드,광랜,35625,2135973,375,0,4,0
30,,지류고지서,기가,19000,682646,372,7,4,0
52,무약정,계좌이체,광랜,19000,1053344,,3,0,1
55,무약정,계좌이체,없음,19000,958843,111,3,1,0
21,24개월,카드,기가,68945,1514648,342,7,4,0
37,24개월,계좌이체,기가,137265,5403003,149,2,3,0
25,24개월,계좌이체,없음,104882,2418766,204,5,2,1
27,24개월,계좌이체,없음,103716,3197958,59,5,5,0
58,24개월,계좌이체,기가,88894,5268846,11,7,2,1
37,12개월,계좌이체,없음,91192,4022518,442,10,3,0
21,24개월,카드,없음,66340,1586326,311,9,3,1
14,24개월,카드,기가,90071,1119876,62,0,4,1
72,24개월,계좌이체,기가,102805,6904693,283,4,5,1
16,무약정,계좌이체,없음,66607,866892,385,,3,1
68,12개월,카드,광랜,99587,5368595,274,2,4,0
45,무약정,계좌이체,없음,31358,1511566,62,4,5,0
27,12개월,계좌이체,기가,97819,2601448,,9,2,0
45,24개월,계좌이체,없음,128306,7106599,195,5,5,1
9,24개월,지류고지서,광랜,81678,663854,255,0,3,1
68,24개월,지류고지서,없음,88873,5953402,173,7,2,1
60,무약정,카드,없음,70683,4163999,322,10,3,1
51,24개월,카드,없음,50858,2910940,461,4,5,0
72,24개월,지류고지서,기가,72430,4388677,361,9,5,0
34,무약정,지류고지서,없음,124325,4363780,359,0,0,1
28,24개월,계좌이체,없음,50524,1404063,444,2,0,1
44,무약정,지류고지서,,30511,1288252,157,5,5,0
51,24개월,지류고지서,광랜,53571,3059357,253,0,3,0
40,12개월,계좌이체,기가,,-,209,6,1,1
74,24개월,카드,광랜,100045,6635075,487,3,1,0
38,무약정,계좌이체,기가,,2449176,88,0,3,0
35,24개월,,광랜,92318,3249374,501,0,4,0
11,24개월,지류고지서,광랜,107039,1063840,315,4,3,1
29,무약정,지류고지서,없음,88483,2739924,228,0,3,1
33,24개월,지류고지서,기가,32120,1122135,470,2,1,0
57,24개월,계좌이체,없음,35618,2331441,432,9,4,0
42,무약정,지류고지서,기가,138098,6752558,346,10,0,1
6,24개월,카드,광랜,69385,338727,290,4,2,0
40,무약정,지류고지서,,66267,2408988,398,7,2,0
50,무약정,지류고지서,기가,82480,4893393,453,1,3,0
1,12개월,계좌이체,광랜,19000,20000,457,3,1,1
19,12개월,계좌이체,광랜,92283,1285384,396,3,5,0
1,무약정,계좌이체,광랜,,127375,299,0,3,0
34,,계좌이체,없음,96448,3430066,153,5,2,1
68,24개월,계좌이체,없음,69326,4424888,133,8,3,0
33,무약정,계좌이체,광랜,105608,3509596,69,6,,0
62,24개월,계좌이체,기가,107261,6598764,350,10,2,0
9,24개월,계좌이체,기가,83846,679212,459,1,4,0
61,무약정,계좌이체,없음,107842,6491844,136,4,0,0
38,12개월,지류고지서,광랜,46252,2019194,155,8,1,1
74,12개월,카드,없음,40312,,227,0,5,0
19,24개월,계좌이체,광랜,85091,1531544,482,6,0,1
30,24개월,,없음,126077,3413842,71,10,4,1
15,12개월,지류고지서,광랜,99697,1293118,,4,0,1
29,무약정,지류고지서,광랜,68963,2151371,288,0,1,1
47,12개월,계좌이체,광랜,152000,6553212,439,4,5,1
18,24개월,계좌이체,없음,80307,1516971,331,6,3,0
49,12개월,카드,광랜,30033,1485704,260,10,2,1
39,24개월,지류고지서,기가,79138,3298626,347,4,4,0
6,12개월,지류고지서,광랜,143186,,499,4,1,1
43,12개월,지류고지서,없음,36623,1373040,37,0,0,1
29,12개월,계좌이체,기가,61680,1583156,,10,5,1
72,12개월,지류고지서,없음,148168,12331631,475,7,5,1
64,무약정,지류고지서,광랜,,4686507,352,7,1,1
37,24개월,지류고지서,광랜,110850,4440784,174,5,0,1
52,24개월,지류고지서,광랜,87427,4460850,340,4,5,0
7,12개월,카드,기가,88593,603389,205,,1,1
45,12개월,카드,기가,149673,6057695,492,2,5,1
49,12개월,카드,기가,114431,5262851,357,7,4,1
44,24개월,지류고지서,없음,95048,4446393,49,5,1,0
61,24개월,카드,기가,132693,8330699,283,1,5,0
46,24개월,카드,광랜,55491,2780923,170,4,0,0
3,12개월,계좌이체,없음,67318,209641,187,2,,1
33,무약정,카드,기가,152000,5530783,98,4,4,1
68,24개월,지류고지서,기가,132254,7500313,104,3,3,0
43,12개월,지류고지서,없음,149293,5531354,411,2,5,1
18,무약정,계좌이체,기가,93246,2058668,345,0,4,0
40,무약정,카드,기가,19000,706000,422,7,2,1
44,무약정,카드,광랜,88173,3662450,78,2,2,0
44,12개월,계좌이체,없음,41420,1806934,116,5,5,0
3,12개월,카드,기가,66294,189084,291,6,2,1
6,무약정,지류고지서,없음,115879,738039,494,6,5,1
2,24개월,계좌이체,광랜,78286,165966,72,1,4,0
21,24개월,카드,없음,52835,950928,57,1,3,0
57,12개월,카드,없음,89665,5376177,263,3,3,0
34,무약정,카드,광랜,49095,1837388,404,2,4,0
54,12개월,지류고지서,없음,113958,6209680,188,7,4,1
71,12개월,계좌이체,없음,91981,5713196,470,5,2,0
27,24개월,지류고지서,기가,103726,2429997,317,8,0,1
33,12개월,계좌이체,광랜,84391,2856382,45,9,0,1
41,12개월,카드,광랜,82332,3726000,378,10,4,1
60,24개월,지류고지서,없음,125324,7385334,460,3,3,0
55,,계좌이체,없음,119401,6410374,475,3,2,1
67,12개월,계좌이체,없음,,-,31,10,2,0
62,12개월,카드,광랜,71974,4634829,116,0,4,0
,12개월,계좌이체,광랜,87625,3268169,275,0,5,0
20,무약정,계좌이체,기가,75065,1421532,219,5,,1
31,무약정,계좌이체,없음,19776,616001,141,6,0,0
57,24개월,계좌이체,광랜,70092,3606927,157,5,5,0
3,무약정,지류고지서,기가,44727,160852,74,10,4,1
30,무약정,지류고지서,기가,98336,2475541,204,1,2,0
74,무약정,카드,광랜,123946,7467908,95,3,2,0
19,12개월,지류고지서,없음,152000,2434937,271,3,0,1
53,24개월,계좌이체,기가,71080,3838985,477,9,3,0
68,24개월,카드,없음,90939,7512992,414,10,3,0
9,무약정,카드,기가,64946,559245,193,9,3,1
59,12개월,지류고지서,기가,98251,6035109,139,2,2,0
12,무약정,지류고지서,광랜,37421,503673,201,6,4,1
39,12개월,지류고지서,광랜,99229,4315399,427,2,5,1
38,24개월,지류고지서,없음,71071,2649391,228,9,3,1
74,24개월,계좌이체,기가,87552,6555775,317,6,1,0
72,무약정,카드,기가,82400,5830065,181,1,3,0
43,24개월,지류고지서,기가,19000,859431,136,7,1,0
66,12개월,지류고지서,광랜,96195,,208,4,5,0
58,12개월,지류고지서,광랜,58189,3243188,497,4,3,1
40,24개월,지류고지서,광랜,143388,6209114,463,10,5,1
56,무약정,계좌이체,,117391,6621755,10,0,1,0
58,24개월,카드,광랜,58695,3862237,496,0,2,0
63,24개월,계좌이체,기가,39804,2162973,485,2,5,0
,24개월,지류고지서,광랜,109047,7443616,307,6,,0
7,12개월,카드,기가,111343,823457,339,8,2,1
45,24개월,지류고지서,기가,149536,7260040,212,0,3,1
23,무약정,카드,광랜,26603,606012,499,3,1,1
49,,계좌이체,없음,84528,4874989,115,2,0,0
31,24개월,지류고지서,없음,94213,2945244,245,1,4,0
59,무약정,지류고지서,기가,63796,3988232,104,1,3,0
50,무약정,계좌이체,광랜,47733,2491541,309,0,2,0
66,12개월,카드,기가,82424,5408124,399,2,0,0
39,24개월,계좌이체,기가,116341,4430676,82,7,1,0
56,무약정,계좌이체,없음,102595,6023087,284,8,0,1
14,12개월,지류고지서,광랜,102108,1479915,202,2,5,1
34,무약정,계좌이체,없음,71977,2931955,423,,0,1
9,24개월,계좌이체,없음,133402,1314017,45,7,1,1
7,,카드,없음,88884,616177,363,5,3,1
28,,지류고지서,없음,68363,1965609,477,7,3,1
23,24개월,지류고지서,광랜,66538,1344361,354,6,3,1
58,12개월,지류고지서,기가,48346,2650422,99,6,2,0
20,24개월,계좌이체,없음,128169,2547695,299,9,1,1
64,24개월,지류고지서,광랜,114539,9108184,92,3,1,1
9,24개월,계좌이체,없음,145614,1334555,193,10,2,1
19,24개월,카드,기가,99209,1847693,250,2,5,1
32,무약정,카드,광랜,,5101517,77,7,0,0
32,24개월,지류고지서,기가,72743,2438622,230,9,3,1
26,24개월,지류고지서,기가,95317,2237915,,3,5,1
58,12개월,카드,기가,104884,6392849,117,6,1,1
2,24개월,카드,기가,128165,273406,292,7,,1
19,무약정,지류고지서,없음,132116,2049493,83,,4,1
20,24개월,카드,없음,20585,446559,202,1,3,0
27,무약정,계좌이체,광랜,95793,,339,7,4,1
59,무약정,계좌이체,없음,104254,6981638,,1,0,1
2,24개월,계좌이체,없음,59594,116931,173,8,3,0
48,24개월,지류고지서,기가,52408,2080860,146,1,5,0
47,24개월,카드,기가,117814,6538243,397,6,2,1
28,12개월,지류고지서,없음,123582,3229736,47,7,2,1
67,24개월,카드,기가,105410,6137357,241,5,0,0
57,24개월,계좌이체,광랜,53785,3121377,499,6,1,1
70,24개월,계좌이체,기가,61355,4529867,357,6,0,0
13,12개월,지류고지서,없음,42066,511890,488,3,0,1
56,24개월,계좌이체,기가,109803,7094907,373,5,0,0
